image_path,dataset,mos,mos_norm,pred,clipiqa_score,r_clip,r_attr,r_phys,clipiqa_linear_pred,clipiqa_dataset
D:\uwiqa_dataset\SOTA\SOTA_Dataset\fusion18\345.bmp,sota,65.82141059,0.7580249359679487,0.71345186,0.505859375,0.47574586,0.18874234,0.33551183,0.4824771963763511,SOTA
D:\uwiqa_dataset\SOTA\SOTA_Dataset\fusion18\282.bmp,sota,66.33248242,0.7664740178576226,0.58462274,0.39599609375,0.46751815,0.190781,0.34170088,0.47487437177578756,SOTA
D:\uwiqa_dataset\SOTA\SOTA_Dataset\dive\453.bmp,sota,44.79847085,0.4104719522221308,0.29261288,0.9140625,0.6495117,0.0343949,0.3160934,0.5107259135588896,SOTA
D:\uwiqa_dataset\SOTA\SOTA_Dataset\waternet\144.bmp,sota,64.22520984,0.7316364127556471,0.73313653,0.658203125,0.30574927,0.31843472,0.37581605,0.49301977982246603,SOTA
D:\uwiqa_dataset\SOTA\SOTA_Dataset\fusion18\283.bmp,sota,72.17479602,0.8630596309436623,0.68289256,0.375732421875,0.4630233,0.17252411,0.3644526,0.47347207301612804,SOTA
D:\uwiqa_dataset\SOTA\SOTA_Dataset\fusion18\30.bmp,sota,61.87811577,0.6928340588865293,0.8016925,0.916015625,0.2926451,0.22061612,0.4867387,0.5108610748851219,SOTA
D:\uwiqa_dataset\SOTA\SOTA_Dataset\dive\681.bmp,sota,53.59051324,0.5558227263600684,0.59479153,0.70751953125,0.5954546,0.13243288,0.2721125,0.4964326033098301,SOTA
D:\uwiqa_dataset\SOTA\SOTA_Dataset\waternet\272.bmp,sota,56.37498856,0.6018559033372759,0.6498963,0.48046875,0.28851703,0.31183764,0.39964533,0.480720099135332,SOTA
D:\uwiqa_dataset\SOTA\SOTA_Dataset\HP\417.bmp,sota,52.29771237,0.5344500351325527,0.559993,0.3701171875,0.5037869,0.08057234,0.4156408,0.47308348420321034,SOTA
D:\uwiqa_dataset\SOTA\SOTA_Dataset\fusion18\134.bmp,sota,73.87467922,0.8911622410203723,0.8163105,0.61328125,0.39749557,0.23742674,0.36507767,0.4899110693191244,SOTA
D:\uwiqa_dataset\SOTA\SOTA_Dataset\dive\205.bmp,sota,47.73591014,0.4590339422405495,0.25413537,0.1431884765625,0.487876,0.20208806,0.31003594,0.4573794276116017,SOTA
D:\uwiqa_dataset\SOTA\SOTA_Dataset\ACPAB\225.bmp,sota,67.60758537,0.787554125603562,0.54615027,0.2322998046875,0.71499604,0.06255127,0.22245261,0.46354616312094776,SOTA
D:\uwiqa_dataset\SOTA\SOTA_Dataset\dive\248.bmp,sota,55.30438501,0.5841565966364441,0.825945,0.4921875,0.5755997,0.04290711,0.38149318,0.4815310670927254,SOTA
D:\uwiqa_dataset\SOTA\SOTA_Dataset\HP\327.bmp,sota,25.69340721,0.0946254552594878,0.0022872938,0.30078125,0.47964874,0.030740572,0.4896107,0.4682852571219658,SOTA
D:\uwiqa_dataset\SOTA\SOTA_Dataset\HP\405.bmp,sota,21.11908464,0.0190023750679761,0.002539604,0.63720703125,0.26696947,0.091075785,0.6419547,0.4915667955654694,SOTA
D:\uwiqa_dataset\SOTA\SOTA_Dataset\funiegan\247.bmp,sota,44.27391628,0.4017999725563125,0.5257578,0.7041015625,0.2898598,0.35317487,0.35696536,0.4961960709889237,SOTA
D:\uwiqa_dataset\SOTA\SOTA_Dataset\fusion18\789.bmp,sota,61.3482661,0.6840745401882542,0.6929164,0.33642578125,0.49719733,0.16060793,0.3421948,0.4707519513257042,SOTA
D:\uwiqa_dataset\SOTA\SOTA_Dataset\twostep\111.bmp,sota,61.29452488,0.6831860858810958,0.67414916,0.81640625,0.5015331,0.09531827,0.40314865,0.5039678472472776,SOTA
D:\uwiqa_dataset\SOTA\SOTA_Dataset\twostep\115.bmp,sota,57.19075164,0.6153421662477019,0.75703657,0.9990234375,0.6288739,0.03225283,0.33887333,0.5166054312499921,SOTA
D:\uwiqa_dataset\SOTA\SOTA_Dataset\funiegan\323.bmp,sota,45.79714188,0.4269820645351392,0.36772,0.46875,0.30080462,0.26358664,0.43560874,0.47990913117793854,SOTA
D:\uwiqa_dataset\SOTA\SOTA_Dataset\dive\306.bmp,sota,51.78284079,0.5259381354606697,0.3403983,0.162353515625,0.3821087,0.34738615,0.27050516,0.45870569812525563,SOTA
D:\uwiqa_dataset\SOTA\SOTA_Dataset\funiegan\455.bmp,sota,55.93216917,0.5945351764475835,0.7025725,0.385009765625,0.4383686,0.13345717,0.42817423,0.4741140893157312,SOTA
D:\uwiqa_dataset\SOTA\SOTA_Dataset\fusion18\348.bmp,sota,46.51272248,0.4388121023755381,0.48248512,0.5,0.49547243,0.19531867,0.3092089,0.4820717123976544,SOTA
D:\uwiqa_dataset\SOTA\SOTA_Dataset\fusion12\282.bmp,sota,49.74519256,0.4922515658886024,0.5187032,0.24365234375,0.54981315,0.17278486,0.2774019,0.4643317883296727,SOTA
D:\uwiqa_dataset\SOTA\SOTA_Dataset\HP\704.bmp,sota,67.99422641,0.793946107350763,0.44370538,0.235107421875,0.68011886,0.09505594,0.22482516,0.4637404575274066,SOTA
D:\uwiqa_dataset\SOTA\SOTA_Dataset\HP\282.bmp,sota,21.95575181,0.0328342261283868,0.018824145,0.190673828125,0.4271009,0.09587827,0.47702083,0.4606655373556231,SOTA
D:\uwiqa_dataset\SOTA\SOTA_Dataset\dive\72.bmp,sota,60.71645994,0.6736294683394688,0.71870965,0.84375,0.57503927,0.1595116,0.26544917,0.505860105814529,SOTA
D:\uwiqa_dataset\SOTA\SOTA_Dataset\funiegan\676.bmp,sota,55.68007746,0.5903675753855216,0.6310495,0.81884765625,0.5655176,0.16863208,0.26585034,0.5041367989050679,SOTA
D:\uwiqa_dataset\SOTA\SOTA_Dataset\twostep\506.bmp,sota,49.54205503,0.488893279391309,0.2755639,0.48046875,0.6268305,0.072741695,0.30042782,0.480720099135332,SOTA
D:\uwiqa_dataset\SOTA\SOTA_Dataset\waternet\237.bmp,sota,53.45403709,0.5535664913268493,0.49237126,0.529296875,0.37185445,0.2667633,0.3613823,0.48409913229113805,SOTA
D:\uwiqa_dataset\SOTA\SOTA_Dataset\ACPAB\618.bmp,sota,63.66388987,0.7223566244471439,0.750293,0.92041015625,0.4259229,0.20211883,0.37195835,0.5111651878691444,SOTA
D:\uwiqa_dataset\SOTA\SOTA_Dataset\waternet\334.bmp,sota,50.5637674,0.5057843130485987,0.6062691,0.85205078125,0.3786007,0.24229757,0.37910175,0.506434541451016,SOTA
D:\uwiqa_dataset\SOTA\SOTA_Dataset\HP\261.bmp,sota,22.16245594,0.0362514759527486,0.034762718,0.17333984375,0.41151455,0.0618878,0.5265977,0.45946598058531196,SOTA
D:\uwiqa_dataset\SOTA\SOTA_Dataset\ACPAB\242.bmp,sota,50.42988748,0.5035709991051106,0.56982064,0.184814453125,0.5517781,0.1621344,0.28608754,0.4602600533769264,SOTA
D:\uwiqa_dataset\SOTA\SOTA_Dataset\dive\794.bmp,sota,49.39720214,0.486498559397515,0.47510374,0.42431640625,0.54089415,0.149308,0.30979788,0.47683421100615503,SOTA
D:\uwiqa_dataset\SOTA\SOTA_Dataset\dive\269.bmp,sota,58.14742857,0.6311580286158774,0.6338465,0.1943359375,0.519218,0.17947745,0.30130455,0.4609189648423086,SOTA
D:\uwiqa_dataset\SOTA\SOTA_Dataset\ACPAB\114.bmp,sota,47.25335819,0.4510563533729108,0.54973024,0.537109375,0.65453166,0.09106944,0.25439888,0.484639777596067,SOTA
D:\uwiqa_dataset\SOTA\SOTA_Dataset\IBLA\15.bmp,sota,49.69095222,0.4913548600881992,0.64402306,0.90576171875,0.5508374,0.044197645,0.40496498,0.5101514779224027,SOTA
D:\uwiqa_dataset\SOTA\SOTA_Dataset\IBLA\300.bmp,sota,45.07901611,0.4151099497331652,0.3661203,0.5078125,0.41133437,0.22003564,0.36863002,0.48261235770258337,SOTA
D:\uwiqa_dataset\SOTA\SOTA_Dataset\ACPAB\606.bmp,sota,40.42271937,0.3381316657630222,0.34270543,0.63330078125,0.6157533,0.07120353,0.31304315,0.49129647291300493,SOTA
D:\uwiqa_dataset\SOTA\SOTA_Dataset\fusion12\407.bmp,sota,54.50542187,0.5709480717277423,0.6522071,0.82666015625,0.38566104,0.19413963,0.4201994,0.5046774442099968,SOTA
D:\uwiqa_dataset\SOTA\SOTA_Dataset\fusion18\395.bmp,sota,59.63655894,0.6557764554239645,0.67446893,0.60595703125,0.4273948,0.18128304,0.39132208,0.48940421434575354,SOTA
D:\uwiqa_dataset\SOTA\SOTA_Dataset\waternet\499.bmp,sota,45.44688253,0.4211915479050721,0.4591213,0.767578125,0.3101358,0.30823272,0.3816315,0.5005888140914715,SOTA
D:\uwiqa_dataset\SOTA\SOTA_Dataset\waternet\451.bmp,sota,52.25284401,0.5337082676829646,0.5303806,0.375732421875,0.4835602,0.22166926,0.29477054,0.47347207301612804,SOTA
D:\uwiqa_dataset\SOTA\SOTA_Dataset\HP\348.bmp,sota,21.26887073,0.0214786511334051,0.017165631,0.381103515625,0.24024448,0.0921074,0.6676482,0.4738437666632667,SOTA
D:\uwiqa_dataset\SOTA\SOTA_Dataset\IBLA\569.bmp,sota,41.59893016,0.3575768801162136,0.31755722,0.8974609375,0.489917,0.11611656,0.39396644,0.5095770422859156,SOTA
D:\uwiqa_dataset\SOTA\SOTA_Dataset\fusion12\487.bmp,sota,35.16290974,0.2511760566308103,0.31129265,0.373779296875,0.6595028,0.06622372,0.27427343,0.4733369116898958,SOTA
D:\uwiqa_dataset\SOTA\SOTA_Dataset\funiegan\322.bmp,sota,52.92499695,0.5448203558456891,0.5314692,0.226806640625,0.4099572,0.2815143,0.30852857,0.4631660218909196,SOTA
D:\uwiqa_dataset\SOTA\SOTA_Dataset\ACPAB\300.bmp,sota,51.43460949,0.5201811467214399,0.5816736,0.338134765625,0.80023396,0.029395854,0.17037009,0.47087021748615737,SOTA
D:\uwiqa_dataset\SOTA\SOTA_Dataset\twostep\453.bmp,sota,47.70087786,0.4584547856814764,0.3840114,0.8759765625,0.48338237,0.13556093,0.3810567,0.508090267697361,SOTA
D:\uwiqa_dataset\SOTA\SOTA_Dataset\IBLA\116.bmp,sota,55.05907386,0.5801010923547858,0.59144354,0.955078125,0.55461437,0.111878015,0.33350763,0.5135643014097667,SOTA
D:\uwiqa_dataset\SOTA\SOTA_Dataset\IBLA\652.bmp,sota,32.85114931,0.212957841429285,0.34214216,0.84814453125,0.474545,0.19541974,0.3300353,0.5061642187985516,SOTA
D:\uwiqa_dataset\SOTA\SOTA_Dataset\funiegan\696.bmp,sota,42.46255152,0.371854340081697,0.48527777,0.93115234375,0.47703347,0.15816481,0.3648017,0.5119085751634218,SOTA
D:\uwiqa_dataset\SOTA\SOTA_Dataset\IBLA\269.bmp,sota,48.72847288,0.4754430717965629,0.41245246,0.33447265625,0.5940578,0.15919189,0.24675028,0.47061678999947193,SOTA
D:\uwiqa_dataset\SOTA\SOTA_Dataset\funiegan\668.bmp,sota,56.23424398,0.5995291022652082,0.5546414,0.8798828125,0.46829063,0.20331672,0.32839262,0.5083605903498254,SOTA
D:\uwiqa_dataset\SOTA\SOTA_Dataset\twostep\57.bmp,sota,41.09104703,0.3491805140794594,0.43970448,0.85107421875,0.5193114,0.14341366,0.33727494,0.5063669607878999,SOTA
D:\uwiqa_dataset\SOTA\SOTA_Dataset\fusion18\555.bmp,sota,45.874532,0.4282614844188994,0.5605675,0.5908203125,0.62662137,0.09349504,0.27988356,0.4883567140674537,SOTA
D:\uwiqa_dataset\SOTA\SOTA_Dataset\ACPAB\279.bmp,sota,43.51147976,0.3891953087595271,0.4568147,0.1510009765625,0.5640667,0.1486127,0.28732055,0.4579200729165307,SOTA
D:\uwiqa_dataset\SOTA\SOTA_Dataset\dive\236.bmp,sota,64.7243714,0.7398885930736606,0.75290257,0.46875,0.48807368,0.115502246,0.39642406,0.47990913117793854,SOTA
D:\uwiqa_dataset\SOTA\SOTA_Dataset\fusion12\607.bmp,sota,67.52120481,0.7861260750199174,0.58240664,0.5,0.44226274,0.18860024,0.36913708,0.4820717123976544,SOTA
D:\uwiqa_dataset\SOTA\SOTA_Dataset\dive\49.bmp,sota,58.79333247,0.641836165471825,0.6118995,0.85107421875,0.57857096,0.09015092,0.33127812,0.5063669607878999,SOTA
D:\uwiqa_dataset\SOTA\SOTA_Dataset\ACPAB\559.bmp,sota,54.3735913,0.5687686378084589,0.44416946,0.796875,0.5019853,0.17887373,0.31914103,0.5026162339849551,SOTA
D:\uwiqa_dataset\SOTA\SOTA_Dataset\dive\182.bmp,sota,43.69309514,0.3921977892876442,0.46394378,0.042388916015625,0.6685986,0.12435992,0.20704147,0.45040383604058465,SOTA
D:\uwiqa_dataset\SOTA\SOTA_Dataset\ACPAB\85.bmp,sota,33.76367694,0.2280438239074425,0.42777887,0.7041015625,0.6843706,0.063724376,0.25190496,0.4961960709889237,SOTA
D:\uwiqa_dataset\SOTA\SOTA_Dataset\fusion18\318.bmp,sota,46.15520582,0.4329016072945185,0.5626973,0.09600830078125,0.53135955,0.18964557,0.27899492,0.4541144368248042,SOTA
D:\uwiqa_dataset\SOTA\SOTA_Dataset\fusion18\496.bmp,sota,54.90695422,0.5775862378471764,0.52846307,0.57177734375,0.39765573,0.24016255,0.36218172,0.4870388911366893,SOTA
D:\uwiqa_dataset\SOTA\SOTA_Dataset\IBLA\52.bmp,sota,33.08127906,0.216762365546766,0.22393829,0.7294921875,0.62128586,0.057814304,0.32089984,0.49795316822994284,SOTA
D:\uwiqa_dataset\SOTA\SOTA_Dataset\twostep\237.bmp,sota,40.48010327,0.3390803411581204,0.37351298,0.341552734375,0.537821,0.13040859,0.33177042,0.4711067498070638,SOTA
D:\uwiqa_dataset\SOTA\SOTA_Dataset\dive\166.bmp,sota,59.66025,0.6561681179931832,0.57056725,0.0775146484375,0.48289964,0.19910672,0.31799364,0.4528346280170426,SOTA
D:\uwiqa_dataset\SOTA\SOTA_Dataset\fusion12\565.bmp,sota,65.9596497,0.7603103164021348,0.7787044,0.73583984375,0.5499738,0.0466725,0.40335366,0.4983924425401976,SOTA
D:\uwiqa_dataset\SOTA\SOTA_Dataset\IBLA\145.bmp,sota,22.38426944,0.0399185151353526,0.25497055,0.7705078125,0.78205967,0.036765333,0.18117504,0.5007915560808199,SOTA
D:\uwiqa_dataset\SOTA\SOTA_Dataset\waternet\188.bmp,sota,51.0045291,0.5130710220365149,0.55628663,0.80908203125,0.32688168,0.26042238,0.41269585,0.5034609922739067,SOTA
D:\uwiqa_dataset\SOTA\SOTA_Dataset\IBLA\393.bmp,sota,52.45423377,0.5370376599016314,0.3906261,0.341552734375,0.49559972,0.25548035,0.24891996,0.4711067498070638,SOTA
D:\uwiqa_dataset\SOTA\SOTA_Dataset\dive\237.bmp,sota,55.46136862,0.5867518626995858,0.6040398,0.368408203125,0.5284027,0.16990244,0.30169487,0.47296521804275715,SOTA
D:\uwiqa_dataset\SOTA\SOTA_Dataset\HP\184.bmp,sota,37.51827307,0.2901151185922267,0.27770695,0.19677734375,0.5595004,0.12136989,0.3191297,0.4610879165000989,SOTA
D:\uwiqa_dataset\SOTA\SOTA_Dataset\fusion12\680.bmp,sota,54.24406101,0.5666272323089555,0.4442324,0.76904296875,0.5211398,0.20003603,0.27882412,0.5006901850861457,SOTA
D:\uwiqa_dataset\SOTA\SOTA_Dataset\IBLA\775.bmp,sota,59.59637474,0.6551121268960723,0.6599072,0.63330078125,0.40091506,0.26175702,0.3373279,0.49129647291300493,SOTA
D:\uwiqa_dataset\SOTA\SOTA_Dataset\ACPAB\115.bmp,sota,60.68284775,0.6730737888260797,0.49251747,0.9951171875,0.7434187,0.017031724,0.2395496,0.5163351085975277,SOTA
D:\uwiqa_dataset\SOTA\SOTA_Dataset\HP\757.bmp,sota,52.54290424,0.5385035674673563,0.39540893,0.4921875,0.6540496,0.063813314,0.28213713,0.4815310670927254,SOTA
D:\uwiqa_dataset\SOTA\SOTA_Dataset\ACPAB\501.bmp,sota,25.68175039,0.0944327437442529,0.10187531,0.2322998046875,0.62831134,0.060742605,0.31094605,0.46354616312094776,SOTA
D:\uwiqa_dataset\SOTA\SOTA_Dataset\fusion12\466.bmp,sota,56.98389636,0.6119224175990015,0.6602618,0.88623046875,0.3563003,0.15901877,0.48468095,0.5087998646600802,SOTA
D:\uwiqa_dataset\SOTA\SOTA_Dataset\fusion18\12.bmp,sota,69.16179646,0.8132484722734794,0.6115676,0.9814453125,0.4395771,0.19721659,0.36320633,0.515388979313902,SOTA
D:\uwiqa_dataset\SOTA\SOTA_Dataset\HP\622.bmp,sota,39.38059373,0.3209031582327038,0.5427258,0.85205078125,0.64444923,0.077802055,0.27774873,0.506434541451016,SOTA
D:\uwiqa_dataset\SOTA\SOTA_Dataset\funiegan\208.bmp,sota,57.29596894,0.6170816273796338,0.6552305,0.57568359375,0.6284524,0.0766771,0.2948705,0.48730921378915376,SOTA
D:\uwiqa_dataset\SOTA\SOTA_Dataset\twostep\680.bmp,sota,33.45667195,0.2229683919450734,0.32441652,0.71875,0.30064422,0.18662678,0.51272905,0.4972097809356655,SOTA
D:\uwiqa_dataset\SOTA\SOTA_Dataset\ACPAB\409.bmp,sota,30.93427167,0.1812678612696577,0.17787233,0.319091796875,0.6977906,0.085558094,0.21665128,0.469552394555393,SOTA
D:\uwiqa_dataset\SOTA\SOTA_Dataset\fusion12\277.bmp,sota,47.02996943,0.4473632718613106,0.3808474,0.332763671875,0.46321684,0.23671998,0.3000632,0.4704985238390187,SOTA
D:\uwiqa_dataset\SOTA\SOTA_Dataset\twostep\279.bmp,sota,44.93158268,0.4126725680380217,0.55911565,0.1812744140625,0.43271884,0.22905935,0.33822176,0.4600150734731305,SOTA
D:\uwiqa_dataset\SOTA\SOTA_Dataset\HP\575.bmp,sota,40.58382414,0.3407950631851556,0.2644748,0.7548828125,0.47474337,0.058463387,0.4667933,0.499710265470962,SOTA
D:\uwiqa_dataset\SOTA\SOTA_Dataset\ACPAB\337.bmp,sota,40.27355938,0.3356657404347314,0.21962345,0.39794921875,0.615912,0.02222221,0.3618658,0.47500953310201977,SOTA
D:\uwiqa_dataset\SOTA\SOTA_Dataset\funiegan\652.bmp,sota,56.69651495,0.607171404289072,0.5736046,0.82080078125,0.52267927,0.14680132,0.3305195,0.5042719602313002,SOTA
D:\uwiqa_dataset\SOTA\SOTA_Dataset\HP\27.bmp,sota,23.70987087,0.0618334679417684,0.007535695,0.90869140625,0.29041344,0.024126783,0.68545973,0.510354219911751,SOTA
D:\uwiqa_dataset\SOTA\SOTA_Dataset\fusion12\333.bmp,sota,50.08209069,0.4978211937212458,0.50200385,0.93310546875,0.36995286,0.20669547,0.42335165,0.5120437364896541,SOTA
D:\uwiqa_dataset\SOTA\SOTA_Dataset\fusion12\711.bmp,sota,55.84558563,0.5931037701817407,0.5401587,0.4072265625,0.6007238,0.11704822,0.28222796,0.4756515494016229,SOTA
D:\uwiqa_dataset\SOTA\SOTA_Dataset\HP\568.bmp,sota,35.92035715,0.2636982400472025,0.22768266,0.79931640625,0.6127527,0.07524158,0.31200576,0.5027851856427454,SOTA
D:\uwiqa_dataset\SOTA\SOTA_Dataset\twostep\82.bmp,sota,51.06741557,0.5141106663753205,0.3879726,0.56005859375,0.3845767,0.21644561,0.3989777,0.48622792317929586,SOTA
D:\uwiqa_dataset\SOTA\SOTA_Dataset\dive\451.bmp,sota,48.19143781,0.466564763469421,0.5412379,0.275146484375,0.47041985,0.2212447,0.30833545,0.4665112647151676,SOTA
D:\uwiqa_dataset\SOTA\SOTA_Dataset\twostep\740.bmp,sota,66.64356674,0.7716168896419535,0.74013543,0.9228515625,0.588831,0.12611948,0.2850495,0.5113341395269347,SOTA
D:\uwiqa_dataset\SOTA\SOTA_Dataset\twostep\9.bmp,sota,44.33016151,0.4027298233645121,0.44933802,0.7841796875,0.32662296,0.25788757,0.41548944,0.5017376853644456,SOTA
D:\uwiqa_dataset\SOTA\SOTA_Dataset\waternet\610.bmp,sota,45.8286877,0.4275035826482721,0.43411243,0.830078125,0.3868633,0.13974117,0.4733955,0.5049139765309033,SOTA
D:\uwiqa_dataset\SOTA\SOTA_Dataset\HP\578.bmp,sota,21.71617034,0.0288734453917956,0.017877024,0.46875,0.21943101,0.05336066,0.7272084,0.47990913117793854,SOTA
D:\uwiqa_dataset\SOTA\SOTA_Dataset\waternet\769.bmp,sota,45.87778389,0.4283152449341409,0.37504497,0.5888671875,0.4816832,0.25467402,0.26364282,0.4882215527412214,SOTA
D:\uwiqa_dataset\SOTA\SOTA_Dataset\ACPAB\673.bmp,sota,61.57516009,0.687825570452992,0.68923384,0.90185546875,0.67813903,0.069074094,0.2527869,0.5098811552699382,SOTA
D:\uwiqa_dataset\SOTA\SOTA_Dataset\fusion12\131.bmp,sota,57.79777952,0.6253776015160377,0.5788302,0.9970703125,0.61989915,0.114348665,0.26575217,0.51647026992376,SOTA
D:\uwiqa_dataset\SOTA\SOTA_Dataset\dive\319.bmp,sota,53.07365404,0.5472779671894616,0.41205257,0.103759765625,0.45890278,0.2575242,0.2835731,0.4546508583382884,SOTA
D:\uwiqa_dataset\SOTA\SOTA_Dataset\twostep\133.bmp,sota,58.07663854,0.6299877219675095,0.60486424,0.74755859375,0.33481362,0.28278935,0.382397,0.49920341049759104,SOTA
D:\uwiqa_dataset\SOTA\SOTA_Dataset\funiegan\452.bmp,sota,47.95319622,0.46262613374014,0.5185557,0.453369140625,0.4376302,0.12212834,0.4402414,0.47884473573385966,SOTA
D:\uwiqa_dataset\SOTA\SOTA_Dataset\waternet\93.bmp,sota,49.20173536,0.4832670863755509,0.5448826,0.830078125,0.32963818,0.28041148,0.38995034,0.5049139765309033,SOTA
D:\uwiqa_dataset\SOTA\SOTA_Dataset\ACPAB\722.bmp,sota,65.69596037,0.7559509825241488,0.76130843,0.43212890625,0.5351117,0.077183545,0.38770476,0.477374856311084,SOTA
D:\uwiqa_dataset\SOTA\SOTA_Dataset\waternet\277.bmp,sota,45.10596332,0.4155554432442989,0.4957086,0.5,0.4146212,0.32676405,0.2586147,0.4820717123976544,SOTA
D:\uwiqa_dataset\SOTA\SOTA_Dataset\fusion12\358.bmp,sota,51.54786362,0.5220534733936295,0.6869353,0.138427734375,0.41016573,0.3189434,0.2708908,0.45704997187891067,SOTA
D:\uwiqa_dataset\SOTA\SOTA_Dataset\fusion18\705.bmp,sota,57.88943167,0.6268928024628687,0.6243772,0.1217041015625,0.5632689,0.11024417,0.32648695,0.4558926530230471,SOTA
D:\uwiqa_dataset\SOTA\SOTA_Dataset\waternet\429.bmp,sota,46.66729888,0.4413675722432686,0.4889672,0.91259765625,0.33872262,0.29272318,0.36855426,0.5106245425642155,SOTA
D:\uwiqa_dataset\SOTA\SOTA_Dataset\waternet\53.bmp,sota,56.95086201,0.6113762909844271,0.52942944,0.95263671875,0.3876417,0.24179731,0.37056103,0.5133953497519764,SOTA
D:\uwiqa_dataset\SOTA\SOTA_Dataset\twostep\778.bmp,sota,48.87232861,0.4778213066585172,0.6170417,0.63330078125,0.411389,0.2529717,0.33563933,0.49129647291300493,SOTA
D:\uwiqa_dataset\SOTA\SOTA_Dataset\IBLA\434.bmp,sota,26.93594412,0.1151671785306219,0.11431562,0.352294921875,0.5260067,0.10384647,0.3701468,0.4718501371013411,SOTA
D:\uwiqa_dataset\SOTA\SOTA_Dataset\fusion18\190.bmp,sota,36.65048394,0.2757687567073646,0.43184704,0.167724609375,0.5267272,0.1833843,0.28988853,0.45907739177239426,SOTA
D:\uwiqa_dataset\SOTA\SOTA_Dataset\fusion12\53.bmp,sota,53.02371094,0.5464523037172173,0.56741893,0.98779296875,0.48964345,0.22850367,0.28185287,0.5158282536241567,SOTA
D:\uwiqa_dataset\SOTA\SOTA_Dataset\ACPAB\168.bmp,sota,60.48962319,0.6698793843711598,0.74749005,0.2254638671875,0.7258766,0.07426634,0.1998571,0.4630730984791349,SOTA
D:\uwiqa_dataset\SOTA\SOTA_Dataset\dive\648.bmp,sota,52.83576586,0.5433451800636179,0.7164907,0.7880859375,0.5636516,0.13017705,0.30617136,0.50200800801691,SOTA
D:\uwiqa_dataset\SOTA\SOTA_Dataset\HP\252.bmp,sota,22.16245594,0.0362514759527486,0.014041414,0.5,0.35257736,0.053304967,0.5941177,0.4820717123976544,SOTA
D:\uwiqa_dataset\SOTA\SOTA_Dataset\fusion18\577.bmp,sota,69.13039648,0.8127293651993247,0.8071174,0.82421875,0.39710274,0.14198743,0.4609099,0.5045084925522065,SOTA
D:\uwiqa_dataset\SOTA\SOTA_Dataset\waternet\709.bmp,sota,55.62621094,0.5894770496083687,0.54061,0.2254638671875,0.4955818,0.18544945,0.31896868,0.4630730984791349,SOTA
D:\uwiqa_dataset\SOTA\SOTA_Dataset\twostep\548.bmp,sota,39.38164691,0.3209205694918307,0.4813968,0.35400390625,0.44512498,0.22414124,0.3307338,0.47196840326179434,SOTA
D:\uwiqa_dataset\SOTA\SOTA_Dataset\fusion12\642.bmp,sota,57.08459493,0.6135871747117208,0.60328645,0.95556640625,0.3930771,0.26219183,0.34473112,0.5135980917413248,SOTA
D:\uwiqa_dataset\SOTA\SOTA_Dataset\IBLA\727.bmp,sota,42.66122255,0.3751387860304706,0.36725348,0.67236328125,0.3545416,0.20700575,0.43845266,0.49399969943764976,SOTA
D:\uwiqa_dataset\SOTA\SOTA_Dataset\fusion18\558.bmp,sota,48.12570351,0.4654780385688129,0.44758612,0.7734375,0.37691867,0.24411052,0.3789707,0.5009942980701683,SOTA
D:\uwiqa_dataset\SOTA\SOTA_Dataset\dive\126.bmp,sota,65.08949828,0.7459249009430282,0.84417796,0.34326171875,0.34439352,0.2521599,0.4034466,0.47122501596751704,SOTA
D:\uwiqa_dataset\SOTA\SOTA_Dataset\IBLA\10.bmp,sota,37.61052525,0.2916402392847934,0.49515903,0.89990234375,0.6575184,0.094403155,0.24807845,0.5097459939437059,SOTA
D:\uwiqa_dataset\SOTA\SOTA_Dataset\funiegan\294.bmp,sota,27.85635681,0.1303835174748069,0.33455825,0.153076171875,0.46675262,0.26002866,0.27321872,0.4580636818256525,SOTA
D:\uwiqa_dataset\SOTA\SOTA_Dataset\fusion18\379.bmp,sota,68.46966889,0.8018061618705934,0.86253583,0.322509765625,0.51823235,0.11719568,0.364572,0.4697889268762995,SOTA
D:\uwiqa_dataset\SOTA\SOTA_Dataset\HP\352.bmp,sota,21.29088626,0.0218426137016699,0.03474443,0.226806640625,0.25022992,0.05979269,0.68997735,0.4631660218909196,SOTA
D:\uwiqa_dataset\SOTA\SOTA_Dataset\IBLA\240.bmp,sota,50.93329136,0.5118933138092873,0.49321753,0.537109375,0.5820744,0.070977814,0.34694776,0.484639777596067,SOTA
D:\uwiqa_dataset\SOTA\SOTA_Dataset\IBLA\20.bmp,sota,36.66369717,0.275987198921832,0.5032449,0.87255859375,0.49370262,0.13778116,0.36851615,0.5078537353764545,SOTA
D:\uwiqa_dataset\SOTA\SOTA_Dataset\dive\748.bmp,sota,65.34862266,0.7502087666889273,0.78370035,0.8291015625,0.43226016,0.1313297,0.43641022,0.5048463958677871,SOTA
D:\uwiqa_dataset\SOTA\SOTA_Dataset\fusion12\631.bmp,sota,50.72664337,0.5084769920960626,0.48153055,0.9736328125,0.45677984,0.23252729,0.31069285,0.514848334008973,SOTA
D:\uwiqa_dataset\SOTA\SOTA_Dataset\twostep\461.bmp,sota,41.67977545,0.3589134211570384,0.35081345,0.87060546875,0.4260569,0.20085295,0.37309015,0.5077185740502222,SOTA
D:\uwiqa_dataset\SOTA\SOTA_Dataset\funiegan\479.bmp,sota,47.60361405,0.4568468123060084,0.55118203,0.25830078125,0.49704826,0.19713435,0.3058174,0.46534549827641447,SOTA
D:\uwiqa_dataset\SOTA\SOTA_Dataset\IBLA\489.bmp,sota,44.17394061,0.4001471664863614,0.41396934,0.9189453125,0.3988395,0.3070978,0.2940627,0.5110638168744703,SOTA
D:\uwiqa_dataset\SOTA\SOTA_Dataset\HP\57.bmp,sota,32.07727963,0.2001641636829385,0.07678323,0.70263671875,0.56240714,0.029008856,0.40858394,0.4960946999942495,SOTA
D:\uwiqa_dataset\SOTA\SOTA_Dataset\IBLA\578.bmp,sota,40.08951161,0.3326230474333547,0.47394186,0.77880859375,0.3026859,0.28596437,0.41134977,0.5013659917173069,SOTA
D:\uwiqa_dataset\SOTA\SOTA_Dataset\dive\396.bmp,sota,70.46840051,0.8348493588178018,0.68913704,0.45703125,0.56858355,0.09025771,0.34115878,0.4790981632205451,SOTA
D:\uwiqa_dataset\SOTA\SOTA_Dataset\twostep\301.bmp,sota,34.4246295,0.2389707464588761,0.14764391,0.32763671875,0.4532039,0.105683066,0.44111308,0.4701437253576591,SOTA
D:\uwiqa_dataset\SOTA\SOTA_Dataset\fusion12\788.bmp,sota,38.1856529,0.3011482973044764,0.4008783,0.64794921875,0.64277095,0.061239973,0.29598907,0.4923101828597467,SOTA
D:\uwiqa_dataset\SOTA\SOTA_Dataset\fusion18\184.bmp,sota,66.00004475,0.760978130719718,0.72985685,0.16455078125,0.45029265,0.18399361,0.36571378,0.4588577546172669,SOTA
D:\uwiqa_dataset\SOTA\SOTA_Dataset\twostep\735.bmp,sota,51.47515632,0.5208514702785741,0.53782725,0.36474609375,0.40738875,0.15497519,0.43763605,0.47271179055607165,SOTA
D:\uwiqa_dataset\SOTA\SOTA_Dataset\twostep\153.bmp,sota,69.44594962,0.817946115886608,0.7950841,0.357666015625,0.32218704,0.2699717,0.40784124,0.4722218307484798,SOTA
D:\uwiqa_dataset\SOTA\SOTA_Dataset\waternet\771.bmp,sota,46.0891864,0.4318101687664182,0.47845384,0.4609375,0.42685974,0.28146365,0.29167658,0.47936848587300956,SOTA
D:\uwiqa_dataset\SOTA\SOTA_Dataset\fusion12\307.bmp,sota,29.58059879,0.1588888289231665,0.2901068,0.30078125,0.53665894,0.13525525,0.32808587,0.4682852571219658,SOTA
D:\uwiqa_dataset\SOTA\SOTA_Dataset\waternet\723.bmp,sota,53.36342291,0.5520684501861635,0.46626928,0.52734375,0.45400754,0.2728349,0.27315757,0.4839639709649058,SOTA
D:\uwiqa_dataset\SOTA\SOTA_Dataset\fusion18\503.bmp,sota,44.21351646,0.4008014377215877,0.54962087,0.2421875,0.5127741,0.23260112,0.25462472,0.4642304173349985,SOTA
D:\uwiqa_dataset\SOTA\SOTA_Dataset\HP\11.bmp,sota,24.87101757,0.0810296415094338,0.021484707,0.7578125,0.15808457,0.02170293,0.8202124,0.4999130074603103,SOTA
D:\uwiqa_dataset\SOTA\SOTA_Dataset\waternet\762.bmp,sota,62.42241231,0.7018324144380886,0.6576115,0.193115234375,0.63845396,0.16763218,0.19391383,0.46083448901341345,SOTA
D:\uwiqa_dataset\SOTA\SOTA_Dataset\HP\207.bmp,sota,20.61896824,0.0107344092558733,0.0132600395,0.405517578125,0.24001685,0.08663436,0.6733488,0.4755332832411697,SOTA
D:\uwiqa_dataset\SOTA\SOTA_Dataset\waternet\565.bmp,sota,65.55221165,0.7535745167603918,0.7781656,0.60595703125,0.648493,0.043989763,0.30751726,0.48940421434575354,SOTA
D:\uwiqa_dataset\SOTA\SOTA_Dataset\fusion18\739.bmp,sota,50.18144753,0.4994637692423016,0.49041805,0.966796875,0.4898788,0.17739189,0.33272922,0.5143752693671602,SOTA
D:\uwiqa_dataset\SOTA\SOTA_Dataset\fusion18\781.bmp,sota,73.29506404,0.8815799947824648,0.88026357,0.5888671875,0.37770465,0.14903975,0.47325554,0.4882215527412214,SOTA
D:\uwiqa_dataset\SOTA\SOTA_Dataset\dive\410.bmp,sota,61.15889332,0.6809438136798197,0.6596271,0.441650390625,0.4245072,0.27321094,0.30228192,0.47803376777646617,SOTA
D:\uwiqa_dataset\SOTA\SOTA_Dataset\IBLA\111.bmp,sota,43.3149508,0.3859462756896895,0.35406932,0.7705078125,0.51851624,0.12112931,0.3603544,0.5007915560808199,SOTA
D:\uwiqa_dataset\SOTA\SOTA_Dataset\twostep\108.bmp,sota,60.53825786,0.6706834167701031,0.67398554,0.81884765625,0.36935124,0.14999291,0.48065582,0.5041367989050679,SOTA
D:\uwiqa_dataset\SOTA\SOTA_Dataset\HP\21.bmp,sota,24.95458023,0.0824111063365188,0.1192489,0.60400390625,0.48713586,0.08644014,0.42642397,0.4892690530195213,SOTA
D:\uwiqa_dataset\SOTA\SOTA_Dataset\twostep\759.bmp,sota,36.96118732,0.2809053307600148,0.3287711,0.435791015625,0.42748445,0.21164276,0.36087275,0.47762828379776945,SOTA
D:\uwiqa_dataset\SOTA\SOTA_Dataset\HP\299.bmp,sota,21.29088626,0.0218426137016699,0.01787189,0.53515625,0.34022084,0.067396805,0.59238243,0.48450461626983476,SOTA
D:\uwiqa_dataset\SOTA\SOTA_Dataset\HP\307.bmp,sota,23.0843494,0.0514922951094112,0.06962827,0.453369140625,0.43649292,0.116493866,0.44701326,0.47884473573385966,SOTA
D:\uwiqa_dataset\SOTA\SOTA_Dataset\dive\46.bmp,sota,49.10677886,0.4816972576404065,0.47743133,0.361083984375,0.49164146,0.14035219,0.36800632,0.4724583630693862,SOTA
D:\uwiqa_dataset\SOTA\SOTA_Dataset\twostep\384.bmp,sota,62.72786331,0.7068821557088658,0.7032622,0.32763671875,0.50610876,0.10105597,0.3928353,0.4701437253576591,SOTA
D:\uwiqa_dataset\SOTA\SOTA_Dataset\fusion12\61.bmp,sota,57.05979083,0.6131771112728894,0.6479417,0.50390625,0.50264716,0.1588839,0.33846894,0.4823420350501189,SOTA
D:\uwiqa_dataset\SOTA\SOTA_Dataset\waternet\766.bmp,sota,46.5913716,0.4401123361517389,0.5047446,0.51171875,0.42596358,0.21990816,0.3541282,0.4828826803550479,SOTA
D:\uwiqa_dataset\SOTA\SOTA_Dataset\ACPAB\659.bmp,sota,33.27513545,0.2199672154676598,0.38516918,0.462890625,0.4521528,0.20109364,0.34675357,0.4795036471992418,SOTA
D:\uwiqa_dataset\SOTA\SOTA_Dataset\ACPAB\423.bmp,sota,34.42597058,0.2389929173046858,0.17644222,0.5546875,0.5350653,0.15634377,0.30859095,0.4858562295321572,SOTA
D:\uwiqa_dataset\SOTA\SOTA_Dataset\fusion12\344.bmp,sota,52.40797749,0.5362729472434681,0.38314134,0.873046875,0.4610469,0.19495392,0.34399912,0.5078875257080127,SOTA
D:\uwiqa_dataset\SOTA\SOTA_Dataset\fusion18\350.bmp,sota,57.07874758,0.6134905058364521,0.71723974,0.9423828125,0.43148136,0.17869984,0.38981873,0.5126857527892572,SOTA
D:\uwiqa_dataset\SOTA\SOTA_Dataset\twostep\415.bmp,sota,51.11978245,0.5149763999795904,0.47098714,0.437744140625,0.43658683,0.22303605,0.34037712,0.4777634451240017,SOTA
D:\uwiqa_dataset\SOTA\SOTA_Dataset\ACPAB\515.bmp,sota,38.08853158,0.2995426795855088,0.34632865,0.98193359375,0.56097865,0.10329039,0.33573097,0.5154227696454601,SOTA
D:\uwiqa_dataset\SOTA\SOTA_Dataset\twostep\295.bmp,sota,46.16867863,0.4331243409070795,0.41566402,0.611328125,0.27807966,0.24891761,0.4730028,0.48977590799289217,SOTA
D:\uwiqa_dataset\SOTA\SOTA_Dataset\fusion18\173.bmp,sota,58.19336072,0.6319173827299924,0.64247966,0.2108154296875,0.5237576,0.21321978,0.2630227,0.46205938853239314,SOTA
D:\uwiqa_dataset\SOTA\SOTA_Dataset\fusion18\166.bmp,sota,53.79479418,0.5591999158063338,0.72668546,0.1312255859375,0.44968045,0.15860896,0.39171055,0.45655156448842926,SOTA
D:\uwiqa_dataset\SOTA\SOTA_Dataset\IBLA\582.bmp,sota,24.91416768,0.0817430027074838,0.10101794,0.87744140625,0.4052222,0.09494532,0.4998325,0.5081916386920351,SOTA
D:\uwiqa_dataset\SOTA\SOTA_Dataset\IBLA\212.bmp,sota,52.71817477,0.5414011544089344,0.58238864,0.23095703125,0.55836236,0.15110853,0.2905291,0.46345323970916313,SOTA
D:\uwiqa_dataset\SOTA\SOTA_Dataset\waternet\175.bmp,sota,41.56627122,0.3570369598109016,0.2957456,0.06610107421875,0.5104506,0.19202998,0.29751942,0.45204477901687296,SOTA
D:\uwiqa_dataset\SOTA\SOTA_Dataset\dive\243.bmp,sota,70.72079548,0.8390219733993408,0.7513449,0.35400390625,0.3578202,0.2548744,0.38730538,0.47196840326179434,SOTA
D:\uwiqa_dataset\SOTA\SOTA_Dataset\fusion18\427.bmp,sota,69.15712353,0.8131712190070751,0.7593949,0.9130859375,0.43623233,0.14590617,0.41786155,0.5106583328957736,SOTA
D:\uwiqa_dataset\SOTA\SOTA_Dataset\funiegan\3.bmp,sota,38.57782939,0.3076317915702722,0.5692425,0.92529296875,0.48379046,0.09215499,0.42405462,0.511503091184725,SOTA
D:\uwiqa_dataset\SOTA\SOTA_Dataset\IBLA\335.bmp,sota,46.14731462,0.4327711493215018,0.423077,0.4765625,0.31614405,0.1574404,0.5264155,0.4804497764828675,SOTA
D:\uwiqa_dataset\SOTA\SOTA_Dataset\fusion12\82.bmp,sota,41.90636493,0.3626594172371952,0.3078549,0.830078125,0.40769815,0.20726119,0.3850407,0.5049139765309033,SOTA
D:\uwiqa_dataset\SOTA\SOTA_Dataset\twostep\623.bmp,sota,45.21301297,0.4173251969384341,0.24316894,0.99462890625,0.61158466,0.13258247,0.25583288,0.5163013182659697,SOTA
D:\uwiqa_dataset\SOTA\SOTA_Dataset\fusion12\359.bmp,sota,44.47560562,0.4051343174563909,0.35673112,0.8681640625,0.3696427,0.29169878,0.33865854,0.507549622392432,SOTA
D:\uwiqa_dataset\SOTA\SOTA_Dataset\waternet\361.bmp,sota,50.59452347,0.5062927749492174,0.4683326,0.4091796875,0.48363465,0.25902608,0.25733927,0.47578671072785517,SOTA
D:\uwiqa_dataset\SOTA\SOTA_Dataset\waternet\740.bmp,sota,56.68180914,0.6069282866182273,0.6438586,0.9248046875,0.47736716,0.23430447,0.28832835,0.511469300853167,SOTA
D:\uwiqa_dataset\SOTA\SOTA_Dataset\twostep\431.bmp,sota,58.85509578,0.6428572416363386,0.63323116,0.17333984375,0.64507073,0.09522174,0.2597076,0.45946598058531196,SOTA
D:\uwiqa_dataset\SOTA\SOTA_Dataset\fusion18\255.bmp,sota,58.08954785,0.6302011397513254,0.6726731,0.33984375,0.46341026,0.18610695,0.35048276,0.4709884836466106,SOTA
D:\uwiqa_dataset\SOTA\SOTA_Dataset\fusion12\475.bmp,sota,48.43274462,0.4705540676700183,0.421637,0.39794921875,0.413236,0.20461531,0.38214868,0.47500953310201977,SOTA
D:\uwiqa_dataset\SOTA\SOTA_Dataset\fusion18\566.bmp,sota,71.3454482,0.8493487839846305,0.7745278,0.95263671875,0.37003323,0.15067539,0.4792913,0.5133953497519764,SOTA
D:\uwiqa_dataset\SOTA\SOTA_Dataset\fusion12\643.bmp,sota,55.3286977,0.5845585360443905,0.6081555,0.32763671875,0.6099298,0.02882798,0.36124215,0.4701437253576591,SOTA
D:\uwiqa_dataset\SOTA\SOTA_Dataset\waternet\85.bmp,sota,46.88226062,0.4449213375611628,0.38306043,0.6494140625,0.4038772,0.23261715,0.3635056,0.4924115538544209,SOTA
D:\uwiqa_dataset\SOTA\SOTA_Dataset\fusion12\552.bmp,sota,63.49488886,0.7195626857302957,0.7012607,0.97998046875,0.5250302,0.087523855,0.387446,0.5152876083192278,SOTA
D:\uwiqa_dataset\SOTA\SOTA_Dataset\waternet\358.bmp,sota,62.0407296,0.6955224042137672,0.67092156,0.2120361328125,0.40789393,0.33492437,0.25718176,0.4621438643612883,SOTA
D:\uwiqa_dataset\SOTA\SOTA_Dataset\twostep\165.bmp,sota,49.06130256,0.4809454396763068,0.40208948,0.158203125,0.2831784,0.32830054,0.3885211,0.4584184803070121,SOTA
D:\uwiqa_dataset\SOTA\SOTA_Dataset\IBLA\36.bmp,sota,56.83603087,0.6094778930520963,0.6685085,0.9736328125,0.60208726,0.14206506,0.25584763,0.514848334008973,SOTA
D:\uwiqa_dataset\SOTA\SOTA_Dataset\dive\212.bmp,sota,61.5003029,0.6865880251781117,0.7240661,0.19189453125,0.5202981,0.089144856,0.39055705,0.46075001318451825,SOTA
D:\uwiqa_dataset\SOTA\SOTA_Dataset\IBLA\534.bmp,sota,42.88347766,0.3788131259462285,0.42591125,0.7431640625,0.36871392,0.19398502,0.43730107,0.49889929751356854,SOTA
D:\uwiqa_dataset\SOTA\SOTA_Dataset\waternet\778.bmp,sota,51.58755967,0.522709731785227,0.5717242,0.68408203125,0.3367688,0.27226797,0.3909632,0.4948106673950432,SOTA
D:\uwiqa_dataset\SOTA\SOTA_Dataset\waternet\269.bmp,sota,53.0988149,0.5476939286142082,0.50794744,0.525390625,0.53726166,0.15575287,0.30698547,0.4838288096386736,SOTA
D:\uwiqa_dataset\SOTA\SOTA_Dataset\ACPAB\346.bmp,sota,53.48083055,0.5540094430302286,0.41036418,0.24072265625,0.6959181,0.026005536,0.27807638,0.4641290463403243,SOTA
D:\uwiqa_dataset\SOTA\SOTA_Dataset\waternet\328.bmp,sota,54.70271495,0.5742097372928079,0.50125843,0.7734375,0.2414335,0.2407541,0.51781243,0.5009942980701683,SOTA
D:\uwiqa_dataset\SOTA\SOTA_Dataset\waternet\248.bmp,sota,51.07834174,0.5142912987241441,0.4700201,0.9287109375,0.39247957,0.15871136,0.44880903,0.5117396235056315,SOTA
D:\uwiqa_dataset\SOTA\SOTA_Dataset\HP\721.bmp,sota,22.18493351,0.036623077004622,0.048015155,0.25390625,0.5535242,0.06441871,0.3820571,0.465041385292392,SOTA
D:\uwiqa_dataset\SOTA\SOTA_Dataset\fusion12\503.bmp,sota,30.93340688,0.1812535644896387,0.16952735,0.2393798828125,0.48389623,0.1533546,0.36274925,0.46403612292853963,SOTA
D:\uwiqa_dataset\SOTA\SOTA_Dataset\HP\515.bmp,sota,36.00936216,0.2651696782559592,0.2039294,0.96142578125,0.4357872,0.06645328,0.49775952,0.5140035757200215,SOTA
D:\uwiqa_dataset\SOTA\SOTA_Dataset\HP\26.bmp,sota,40.14576642,0.3335530566189089,0.67485213,0.99072265625,0.598085,0.056354407,0.34556064,0.5160309956135052,SOTA
D:\uwiqa_dataset\SOTA\SOTA_Dataset\fusion18\515.bmp,sota,60.09796985,0.663404538864562,0.66850257,0.97705078125,0.4189907,0.22124986,0.35975942,0.5150848663298795,SOTA
D:\uwiqa_dataset\SOTA\SOTA_Dataset\HP\62.bmp,sota,40.73094872,0.3432273389464784,0.14898515,0.70068359375,0.53277045,0.030054286,0.43717533,0.49595953866801723,SOTA
D:\uwiqa_dataset\SOTA\SOTA_Dataset\ACPAB\642.bmp,sota,45.51769612,0.4223622440493141,0.47737575,0.8818359375,0.5009817,0.18905209,0.3099662,0.5084957516760577,SOTA
D:\uwiqa_dataset\SOTA\SOTA_Dataset\fusion12\425.bmp,sota,49.40550841,0.4866358793422041,0.6308985,0.9619140625,0.446375,0.13854598,0.41507906,0.5140373660515796,SOTA
D:\uwiqa_dataset\SOTA\SOTA_Dataset\funiegan\487.bmp,sota,50.52598567,0.5051597023540442,0.4100073,0.2705078125,0.43805358,0.25347313,0.30847332,0.466190256565366,SOTA
D:\uwiqa_dataset\SOTA\SOTA_Dataset\HP\114.bmp,sota,37.74257268,0.2938232583515867,0.2545794,0.56005859375,0.6086537,0.043902606,0.3474437,0.48622792317929586,SOTA
D:\uwiqa_dataset\SOTA\SOTA_Dataset\waternet\504.bmp,sota,65.48319339,0.7524335011606417,0.7523967,0.25390625,0.40374407,0.15644763,0.43980834,0.465041385292392,SOTA
D:\uwiqa_dataset\SOTA\SOTA_Dataset\IBLA\44.bmp,sota,48.79547963,0.4765508329461276,0.37220418,0.490234375,0.4498242,0.1798696,0.37030625,0.4813959057664932,SOTA
D:\uwiqa_dataset\SOTA\SOTA_Dataset\waternet\637.bmp,sota,54.99457413,0.5790347774678316,0.5966035,0.98095703125,0.37590972,0.32327455,0.30081573,0.515355188982344,SOTA
D:\uwiqa_dataset\SOTA\SOTA_Dataset\IBLA\770.bmp,sota,48.74649116,0.4757409514962346,0.41387266,0.361083984375,0.45279178,0.28245673,0.26475146,0.4724583630693862,SOTA
D:\uwiqa_dataset\SOTA\SOTA_Dataset\funiegan\448.bmp,sota,40.00977944,0.3313049085847091,0.40200543,0.93359375,0.36739346,0.20294417,0.42966244,0.5120775268212121,SOTA
D:\uwiqa_dataset\SOTA\SOTA_Dataset\ACPAB\28.bmp,sota,69.95406956,0.8263463968859268,0.58253205,0.79931640625,0.3933401,0.19643687,0.41022298,0.5027851856427454,SOTA
D:\uwiqa_dataset\SOTA\SOTA_Dataset\fusion12\348.bmp,sota,50.14189474,0.4988098792369083,0.44911516,0.72021484375,0.48375624,0.21184492,0.30439886,0.4973111519303397,SOTA
D:\uwiqa_dataset\SOTA\SOTA_Dataset\IBLA\186.bmp,sota,49.23786971,0.4838644624472865,0.46619,0.0809326171875,0.58603114,0.108192824,0.30577606,0.45307116033794903,SOTA
D:\uwiqa_dataset\SOTA\SOTA_Dataset\HP\415.bmp,sota,30.05575785,0.1667441979200458,0.14122538,0.236572265625,0.50440395,0.114370756,0.3812253,0.4638418285220808,SOTA
D:\uwiqa_dataset\SOTA\SOTA_Dataset\twostep\504.bmp,sota,55.8849317,0.5937542426749454,0.57441735,0.182373046875,0.465707,0.1298521,0.4044409,0.4600911017191361,SOTA
D:\uwiqa_dataset\SOTA\SOTA_Dataset\HP\373.bmp,sota,21.29088626,0.0218426137016699,-0.014522438,0.69580078125,0.23270796,0.039903812,0.7273882,0.49562163535243664,SOTA
D:\uwiqa_dataset\SOTA\SOTA_Dataset\waternet\635.bmp,sota,57.32624024,0.6175820750223983,0.5925597,0.84912109375,0.3713638,0.25322488,0.37541136,0.5062317994616676,SOTA
D:\uwiqa_dataset\SOTA\SOTA_Dataset\ACPAB\372.bmp,sota,61.57956628,0.6878984139515887,0.51748514,0.9501953125,0.7204616,0.04001723,0.23952119,0.5132263980941861,SOTA
D:\uwiqa_dataset\SOTA\SOTA_Dataset\ACPAB\157.bmp,sota,43.53382503,0.3895647226168256,0.33840308,0.451416015625,0.6159197,0.11710844,0.26697192,0.4787095744076274,SOTA
D:\uwiqa_dataset\SOTA\SOTA_Dataset\IBLA\556.bmp,sota,34.3001283,0.2369124822924425,0.23373568,0.66552734375,0.5366057,0.07536681,0.38802752,0.4935266347958369,SOTA
D:\uwiqa_dataset\SOTA\SOTA_Dataset\funiegan\192.bmp,sota,53.78206371,0.558989454620234,0.71101,0.1470947265625,0.39086086,0.22916387,0.3799753,0.45764975026406624,SOTA
D:\uwiqa_dataset\SOTA\SOTA_Dataset\ACPAB\354.bmp,sota,74.39488766,0.899762370104496,0.7202122,0.92919921875,0.4580969,0.16683856,0.3750645,0.5117734138371896,SOTA
D:\uwiqa_dataset\SOTA\SOTA_Dataset\fusion18\382.bmp,sota,53.89961106,0.5609327571616088,0.6582117,0.18359375,0.43758172,0.111751124,0.45066717,0.46017557754803123,SOTA
D:\uwiqa_dataset\SOTA\SOTA_Dataset\funiegan\525.bmp,sota,54.6105465,0.572686000831547,0.56282496,0.36474609375,0.34027115,0.22714545,0.4325834,0.47271179055607165,SOTA
D:\uwiqa_dataset\SOTA\SOTA_Dataset\HP\123.bmp,sota,59.31209251,0.6504123494869964,0.7217791,0.282958984375,0.511122,0.0390941,0.4497839,0.46705191002009655,SOTA
D:\uwiqa_dataset\SOTA\SOTA_Dataset\twostep\116.bmp,sota,39.62371529,0.3249224640308442,0.4349176,0.9462890625,0.4901459,0.16571473,0.34413934,0.5129560754417216,SOTA
D:\uwiqa_dataset\SOTA\SOTA_Dataset\funiegan\268.bmp,sota,67.76601512,0.7901732993731485,0.8179996,0.30908203125,0.46060216,0.15692425,0.38247362,0.4688596927584528,SOTA
D:\uwiqa_dataset\SOTA\SOTA_Dataset\ACPAB\333.bmp,sota,65.03527919,0.7450285464493877,0.6587014,0.94091796875,0.5668581,0.08003815,0.35310376,0.512584381794583,SOTA
D:\uwiqa_dataset\SOTA\SOTA_Dataset\waternet\289.bmp,sota,58.12736028,0.6308262579808264,0.74248636,0.405517578125,0.47027698,0.1277867,0.4019363,0.4755332832411697,SOTA
D:\uwiqa_dataset\SOTA\SOTA_Dataset\funiegan\496.bmp,sota,62.5207588,0.7034582867691305,0.65036017,0.28466796875,0.512914,0.12263047,0.36445555,0.46717017618054973,SOTA
D:\uwiqa_dataset\SOTA\SOTA_Dataset\funiegan\245.bmp,sota,48.72700347,0.4754187793885476,0.42357203,0.33642578125,0.34493956,0.28125992,0.3738005,0.4707519513257042,SOTA
D:\uwiqa_dataset\SOTA\SOTA_Dataset\funiegan\5.bmp,sota,52.19852673,0.5328102899040988,0.6845561,0.85400390625,0.59485257,0.04732673,0.35782075,0.5065697027772482,SOTA
D:\uwiqa_dataset\SOTA\SOTA_Dataset\funiegan\97.bmp,sota,60.84013222,0.6756740287316992,0.7143214,0.96435546875,0.47145462,0.13687775,0.39166763,0.5142063177093699,SOTA
D:\uwiqa_dataset\SOTA\SOTA_Dataset\fusion12\120.bmp,sota,53.20559292,0.5494591916986503,0.5082794,0.99365234375,0.6539402,0.07447829,0.27158153,0.5162337376028535,SOTA
D:\uwiqa_dataset\SOTA\SOTA_Dataset\dive\43.bmp,sota,62.02703742,0.6952960439581686,0.7221527,0.2005615234375,0.52058285,0.1336749,0.34574226,0.4613497915696739,SOTA
D:\uwiqa_dataset\SOTA\SOTA_Dataset\fusion18\729.bmp,sota,64.21663083,0.7314945838506527,0.70641035,0.5927734375,0.4919666,0.17439038,0.3336431,0.4884918753936859,SOTA
D:\uwiqa_dataset\SOTA\SOTA_Dataset\dive\645.bmp,sota,65.00353441,0.7445037391130301,0.7070603,0.7958984375,0.3910994,0.28128257,0.327618,0.5025486533218391,SOTA
D:\uwiqa_dataset\SOTA\SOTA_Dataset\HP\683.bmp,sota,41.43059732,0.3547939876412334,0.2041525,0.8291015625,0.6638769,0.046304826,0.28981823,0.5048463958677871,SOTA
D:\uwiqa_dataset\SOTA\SOTA_Dataset\twostep\60.bmp,sota,49.17107264,0.4827601677448759,0.5536508,0.69921875,0.45054922,0.20271787,0.34673294,0.49585816767334306,SOTA
D:\uwiqa_dataset\SOTA\SOTA_Dataset\IBLA\599.bmp,sota,48.05200887,0.4642597126669724,0.52932405,0.88330078125,0.322926,0.35472116,0.32235283,0.5085971226707319,SOTA
D:\uwiqa_dataset\SOTA\SOTA_Dataset\waternet\514.bmp,sota,54.12073998,0.5645884788108633,0.631577,0.6533203125,0.57792705,0.107445806,0.31462714,0.4926818765068854,SOTA
D:\uwiqa_dataset\SOTA\SOTA_Dataset\fusion12\433.bmp,sota,52.87778171,0.5440397895812551,0.7769664,0.449462890625,0.5917969,0.061794687,0.34640843,0.47857441308139514,SOTA
D:\uwiqa_dataset\SOTA\SOTA_Dataset\dive\420.bmp,sota,42.24441269,0.3682480508483663,0.4891755,0.79052734375,0.50521004,0.15118247,0.34360746,0.5021769596747003,SOTA
D:\uwiqa_dataset\SOTA\SOTA_Dataset\fusion18\757.bmp,sota,57.46374891,0.6198553797619104,0.7208648,0.8447265625,0.6227789,0.084630966,0.29259014,0.5059276864776451,SOTA
D:\uwiqa_dataset\SOTA\SOTA_Dataset\waternet\649.bmp,sota,65.02302615,0.7448259781756533,0.7419667,0.716796875,0.36715508,0.33139768,0.30144718,0.4970746196094333,SOTA
D:\uwiqa_dataset\SOTA\SOTA_Dataset\fusion18\35.bmp,sota,67.73697391,0.7896931876803064,0.7659215,0.9814453125,0.40293226,0.19904119,0.3980265,0.515388979313902,SOTA
D:\uwiqa_dataset\SOTA\SOTA_Dataset\ACPAB\37.bmp,sota,54.9536264,0.5783578261986406,0.65068877,0.74755859375,0.5353552,0.12492593,0.33971888,0.49920341049759104,SOTA
D:\uwiqa_dataset\SOTA\SOTA_Dataset\twostep\416.bmp,sota,48.31432809,0.4685963957727803,0.37600687,0.509765625,0.35700458,0.16253014,0.48046535,0.48274751902881563,SOTA
D:\uwiqa_dataset\SOTA\SOTA_Dataset\fusion12\519.bmp,sota,54.77597082,0.57542080941261,0.62847567,0.9775390625,0.41319236,0.07731065,0.509497,0.5151186566614375,SOTA
D:\uwiqa_dataset\SOTA\SOTA_Dataset\IBLA\128.bmp,sota,61.07077416,0.679487020416749,0.6162611,0.27978515625,0.6421338,0.041171435,0.31669483,0.46683227286496914,SOTA
D:\uwiqa_dataset\SOTA\SOTA_Dataset\HP\182.bmp,sota,29.3159837,0.154514190304064,0.19342317,0.07366943359375,0.6876859,0.10526138,0.20705271,0.4525685291560229,SOTA
D:\uwiqa_dataset\SOTA\SOTA_Dataset\dive\610.bmp,sota,57.49725076,0.6204092351252664,0.6690907,0.72802734375,0.51546085,0.16266066,0.32187855,0.4978517972352686,SOTA
D:\uwiqa_dataset\SOTA\SOTA_Dataset\twostep\471.bmp,sota,52.31068448,0.5346644911311779,0.50802827,0.0894775390625,0.42308146,0.22494803,0.3519705,0.4536624911402151,SOTA
D:\uwiqa_dataset\SOTA\SOTA_Dataset\twostep\634.bmp,sota,33.90460243,0.2303736157986378,0.22910848,0.841796875,0.37810212,0.07068449,0.5512134,0.5057249444882967,SOTA
D:\uwiqa_dataset\SOTA\SOTA_Dataset\ACPAB\412.bmp,sota,44.46001663,0.4048765989805216,0.4297263,0.94140625,0.6527089,0.11996921,0.22732192,0.512618172126141,SOTA
D:\uwiqa_dataset\SOTA\SOTA_Dataset\twostep\254.bmp,sota,48.80557774,0.4767177757383392,0.4985749,0.449462890625,0.1204961,0.38727456,0.49222934,0.47857441308139514,SOTA
D:\uwiqa_dataset\SOTA\SOTA_Dataset\waternet\327.bmp,sota,51.88042621,0.5275514257193369,0.50189584,0.73583984375,0.32293984,0.28387463,0.3931856,0.4983924425401976,SOTA
D:\uwiqa_dataset\SOTA\SOTA_Dataset\HP\401.bmp,sota,29.4899989,0.157391024025946,0.14025597,0.88623046875,0.39471492,0.066186614,0.53909844,0.5087998646600802,SOTA
D:\uwiqa_dataset\SOTA\SOTA_Dataset\HP\84.bmp,sota,45.2335184,0.417664194408228,0.47209474,0.63525390625,0.51496035,0.07271047,0.41232917,0.49143163423923714,SOTA
D:\uwiqa_dataset\SOTA\SOTA_Dataset\twostep\247.bmp,sota,43.54603122,0.3897665163624736,0.46971148,0.490234375,0.26168576,0.3356879,0.40262634,0.4813959057664932,SOTA
D:\uwiqa_dataset\SOTA\SOTA_Dataset\twostep\636.bmp,sota,65.58846218,0.754173813529525,0.67696613,0.974609375,0.41171554,0.11594959,0.4723349,0.5149159146720892,SOTA
D:\uwiqa_dataset\SOTA\SOTA_Dataset\HP\700.bmp,sota,37.31373293,0.2867336440300593,0.10581599,0.31396484375,0.57428646,0.06905124,0.35666236,0.4691975960740334,SOTA
D:\uwiqa_dataset\SOTA\SOTA_Dataset\fusion18\189.bmp,sota,60.00021564,0.6617884581556126,0.6643625,0.19189453125,0.37398344,0.283988,0.3420286,0.46075001318451825,SOTA
D:\uwiqa_dataset\SOTA\SOTA_Dataset\waternet\796.bmp,sota,51.16846428,0.5157812120315659,0.48390865,0.83984375,0.2405752,0.46025887,0.29916596,0.5055897831620645,SOTA
D:\uwiqa_dataset\SOTA\SOTA_Dataset\HP\643.bmp,sota,29.11599656,0.1512079863155921,0.34177133,0.204345703125,0.6541864,0.07961098,0.26620257,0.4616116666392488,SOTA
D:\uwiqa_dataset\SOTA\SOTA_Dataset\fusion12\410.bmp,sota,41.80638608,0.3610065585952204,0.2477471,0.62060546875,0.4857178,0.21913467,0.2951475,0.49041792429249537,SOTA
D:\uwiqa_dataset\SOTA\SOTA_Dataset\HP\6.bmp,sota,21.24533476,0.0210895525249318,-0.019504603,0.8798828125,0.14970626,0.038637016,0.8116568,0.5083605903498254,SOTA
D:\uwiqa_dataset\SOTA\SOTA_Dataset\HP\787.bmp,sota,21.36415675,0.0230539275205249,0.013429823,0.7734375,0.3031139,0.10343145,0.5934546,0.5009942980701683,SOTA
D:\uwiqa_dataset\SOTA\SOTA_Dataset\fusion18\28.bmp,sota,64.62931776,0.7383171584119782,0.74968493,0.71533203125,0.36811495,0.22173005,0.410155,0.49697324861475906,SOTA
D:\uwiqa_dataset\SOTA\SOTA_Dataset\twostep\85.bmp,sota,47.77960928,0.4597563800481045,0.37241572,0.806640625,0.29523087,0.25113168,0.45363748,0.5032920406161163,SOTA
D:\uwiqa_dataset\SOTA\SOTA_Dataset\twostep\434.bmp,sota,46.65227696,0.4411192286156809,0.44635108,0.28466796875,0.50037414,0.21332312,0.28630272,0.46717017618054973,SOTA
D:\uwiqa_dataset\SOTA\SOTA_Dataset\waternet\577.bmp,sota,51.38397326,0.5193440243665365,0.47897398,0.908203125,0.25218335,0.21440607,0.53341055,0.510320429580193,SOTA
D:\uwiqa_dataset\SOTA\SOTA_Dataset\fusion12\70.bmp,sota,63.13892303,0.7136778290994857,0.7063657,0.89892578125,0.48818797,0.18800177,0.3238102,0.5096784132805898,SOTA
D:\uwiqa_dataset\SOTA\SOTA_Dataset\fusion12\610.bmp,sota,52.91437175,0.5446446991578727,0.6566802,0.74755859375,0.7017985,0.061168052,0.23703344,0.49920341049759104,SOTA
D:\uwiqa_dataset\SOTA\SOTA_Dataset\ACPAB\312.bmp,sota,32.77554577,0.2117079574342912,0.18067914,0.08154296875,0.64547616,0.09368527,0.2608386,0.4531133982523966,SOTA
D:\uwiqa_dataset\SOTA\SOTA_Dataset\fusion18\108.bmp,sota,60.15855093,0.664406070304643,0.8199142,0.5546875,0.34019655,0.14963321,0.5101703,0.4858562295321572,SOTA
D:\uwiqa_dataset\SOTA\SOTA_Dataset\waternet\528.bmp,sota,49.99562651,0.4963917607248244,0.47707137,0.70068359375,0.43136004,0.21380478,0.3548352,0.49595953866801723,SOTA
D:\uwiqa_dataset\SOTA\SOTA_Dataset\fusion18\675.bmp,sota,75.63316462,0.9202336675288448,0.7529792,0.1431884765625,0.47009835,0.12091456,0.40898702,0.4573794276116017,SOTA
D:\uwiqa_dataset\SOTA\SOTA_Dataset\IBLA\692.bmp,sota,44.24005504,0.4012401757276634,0.41957384,0.5927734375,0.38178626,0.1817937,0.43642005,0.4884918753936859,SOTA
D:\uwiqa_dataset\SOTA\SOTA_Dataset\fusion12\570.bmp,sota,51.44034963,0.5202760431920949,0.43137318,0.97265625,0.47651473,0.21751246,0.3059728,0.5147807533458569,SOTA
D:\uwiqa_dataset\SOTA\SOTA_Dataset\fusion18\438.bmp,sota,68.73952704,0.8062674791925556,0.8603158,0.66552734375,0.50079364,0.07951057,0.4196958,0.4935266347958369,SOTA
D:\uwiqa_dataset\SOTA\SOTA_Dataset\HP\663.bmp,sota,71.07956068,0.8449531094472131,0.7959867,0.91943359375,0.63869065,0.030743958,0.33056545,0.5110976072060284,SOTA
D:\uwiqa_dataset\SOTA\SOTA_Dataset\dive\563.bmp,sota,49.71977964,0.4918314373870262,0.6152095,0.6533203125,0.35616866,0.17126802,0.47256336,0.4926818765068854,SOTA
D:\uwiqa_dataset\SOTA\SOTA_Dataset\fusion12\408.bmp,sota,19.96966051,0.0,0.007776915,0.84814453125,0.31742713,0.08734371,0.59522915,0.5061642187985516,SOTA
D:\uwiqa_dataset\SOTA\SOTA_Dataset\fusion18\575.bmp,sota,55.63155386,0.5895653792050323,0.674661,0.87158203125,0.44000378,0.19106731,0.36892888,0.5077861547133384,SOTA
D:\uwiqa_dataset\SOTA\SOTA_Dataset\fusion18\472.bmp,sota,43.83768493,0.3945881596904128,0.3371647,0.11279296875,0.5243999,0.21370281,0.26189733,0.45527597947211246,SOTA
D:\uwiqa_dataset\SOTA\SOTA_Dataset\HP\153.bmp,sota,60.87624744,0.6762710885446879,0.52858734,0.2568359375,0.590859,0.06777257,0.34136844,0.4652441272817403,SOTA
D:\uwiqa_dataset\SOTA\SOTA_Dataset\waternet\558.bmp,sota,46.19775027,0.4336049556712059,0.4373196,0.89501953125,0.28138798,0.25849077,0.4601212,0.5094080906281253,SOTA
D:\uwiqa_dataset\SOTA\SOTA_Dataset\HP\494.bmp,sota,21.71617034,0.0288734453917956,0.04039709,0.4091796875,0.39235532,0.06957809,0.53806657,0.47578671072785517,SOTA
D:\uwiqa_dataset\SOTA\SOTA_Dataset\ACPAB\543.bmp,sota,54.65566673,0.5734319322168688,0.757305,0.92626953125,0.48842144,0.13241522,0.37916332,0.5115706718478412,SOTA
D:\uwiqa_dataset\SOTA\SOTA_Dataset\twostep\569.bmp,sota,60.38677229,0.6681790447603331,0.47754878,0.662109375,0.5341023,0.12905015,0.33684757,0.4932901024749305,SOTA
D:\uwiqa_dataset\SOTA\SOTA_Dataset\dive\78.bmp,sota,64.93676575,0.7433999140870965,0.70726335,0.97021484375,0.35473067,0.07804756,0.56722176,0.5146118016880666,SOTA
D:\uwiqa_dataset\SOTA\SOTA_Dataset\IBLA\233.bmp,sota,42.21341391,0.3677355764458934,0.30354285,0.5927734375,0.40833238,0.21261679,0.37905085,0.4884918753936859,SOTA
D:\uwiqa_dataset\SOTA\SOTA_Dataset\dive\643.bmp,sota,53.24869635,0.5501717811790681,0.37920815,0.267333984375,0.53434163,0.10735315,0.35830522,0.4659706194102386,SOTA
D:\uwiqa_dataset\SOTA\SOTA_Dataset\ACPAB\26.bmp,sota,31.91889955,0.1975458110619125,0.20603979,0.9873046875,0.5179857,0.14582711,0.33618718,0.5157944632925987,SOTA
D:\uwiqa_dataset\SOTA\SOTA_Dataset\fusion18\8.bmp,sota,70.42384263,0.8341127242493298,0.7391222,0.9599609375,0.691575,0.07992137,0.2285036,0.5139022047253473,SOTA
D:\uwiqa_dataset\SOTA\SOTA_Dataset\HP\345.bmp,sota,23.24607245,0.0541659139877943,0.005924803,0.6259765625,0.19299032,0.061186273,0.74582344,0.490789617939634,SOTA
D:\uwiqa_dataset\SOTA\SOTA_Dataset\waternet\659.bmp,sota,49.23013872,0.48373665307928,0.5051507,0.86328125,0.3644642,0.2321412,0.4033946,0.5072117190768514,SOTA
D:\uwiqa_dataset\SOTA\SOTA_Dataset\fusion12\563.bmp,sota,58.67679932,0.6399096297689835,0.6592028,0.8740234375,0.34592548,0.27741504,0.37665948,0.5079551063711287,SOTA
D:\uwiqa_dataset\SOTA\SOTA_Dataset\funiegan\514.bmp,sota,65.46720144,0.7521691209166247,0.798864,0.58154296875,0.7321323,0.05733616,0.21053155,0.4877146977678505,SOTA
D:\uwiqa_dataset\SOTA\SOTA_Dataset\ACPAB\154.bmp,sota,43.07447786,0.3819707570971062,0.58395386,0.61865234375,0.7459729,0.07375246,0.1802746,0.4902827629662631,SOTA
D:\uwiqa_dataset\SOTA\SOTA_Dataset\IBLA\48.bmp,sota,52.28219155,0.5341934436487784,0.458839,0.61865234375,0.47609618,0.1924227,0.3314811,0.4902827629662631,SOTA
D:\uwiqa_dataset\SOTA\SOTA_Dataset\funiegan\546.bmp,sota,72.60586618,0.8701861185883341,0.68973297,0.79443359375,0.514486,0.16045445,0.3250595,0.5024472823271648,SOTA
D:\uwiqa_dataset\SOTA\SOTA_Dataset\dive\475.bmp,sota,60.79825481,0.6749817079156264,0.7339963,0.2108154296875,0.42224488,0.18348719,0.39426795,0.46205938853239314,SOTA
D:\uwiqa_dataset\SOTA\SOTA_Dataset\ACPAB\401.bmp,sota,51.49555844,0.521188759818878,0.5011533,0.87060546875,0.69424784,0.06552595,0.2402262,0.5077185740502222,SOTA
D:\uwiqa_dataset\SOTA\SOTA_Dataset\funiegan\25.bmp,sota,59.46835399,0.6529956772370734,0.5713293,0.89013671875,0.47482398,0.193211,0.331965,0.5090701873125447,SOTA
D:\uwiqa_dataset\SOTA\SOTA_Dataset\ACPAB\230.bmp,sota,74.17942766,0.8962003675109486,0.87444913,0.403564453125,0.543902,0.092547834,0.36355022,0.47539812191493747,SOTA
D:\uwiqa_dataset\SOTA\SOTA_Dataset\HP\464.bmp,sota,22.69978012,0.0451345638703937,0.013614803,0.91845703125,0.3779626,0.060039677,0.5619977,0.5110300265429122,SOTA
D:\uwiqa_dataset\SOTA\SOTA_Dataset\twostep\256.bmp,sota,51.97294597,0.5290809700666607,0.4688624,0.11517333984375,0.43200356,0.23508604,0.33291036,0.45544070733845804,SOTA
D:\uwiqa_dataset\SOTA\SOTA_Dataset\ACPAB\237.bmp,sota,35.74885606,0.2608629698003992,0.24821533,0.162353515625,0.6454909,0.07776203,0.27674708,0.45870569812525563,SOTA
D:\uwiqa_dataset\SOTA\SOTA_Dataset\funiegan\128.bmp,sota,58.67162066,0.6398240157322662,0.7436171,0.43408203125,0.47693595,0.19221097,0.3308531,0.47751001763731626,SOTA
D:\uwiqa_dataset\SOTA\SOTA_Dataset\fusion12\742.bmp,sota,56.09529756,0.5972320285234269,0.6548671,0.95166015625,0.50918704,0.12616022,0.36465275,0.5133277690888604,SOTA
D:\uwiqa_dataset\SOTA\SOTA_Dataset\HP\697.bmp,sota,27.08324348,0.1176023437694036,0.22357577,0.82763671875,0.45086193,0.047378134,0.50175995,0.504745024873113,SOTA
D:\uwiqa_dataset\SOTA\SOTA_Dataset\HP\304.bmp,sota,43.45063545,0.3881894255792495,0.4040583,0.642578125,0.62905437,0.024351468,0.34659418,0.4919384892126081,SOTA
D:\uwiqa_dataset\SOTA\SOTA_Dataset\funiegan\737.bmp,sota,60.6850007,0.6731093815740785,0.6585909,0.67724609375,0.59756017,0.078430146,0.32400972,0.49433760275323035,SOTA
D:\uwiqa_dataset\SOTA\SOTA_Dataset\funiegan\338.bmp,sota,56.00875213,0.5958012522952654,0.53397644,0.89892578125,0.5317052,0.13302712,0.3352677,0.5096784132805898,SOTA
D:\uwiqa_dataset\SOTA\SOTA_Dataset\dive\772.bmp,sota,56.71145927,0.6074184650270225,0.57582134,0.5947265625,0.60755914,0.17011434,0.22232652,0.48862703671991814,SOTA
D:\uwiqa_dataset\SOTA\SOTA_Dataset\twostep\747.bmp,sota,39.11388983,0.3164939872334034,0.27157396,0.955078125,0.5381046,0.10579075,0.35610464,0.5135643014097667,SOTA
D:\uwiqa_dataset\SOTA\SOTA_Dataset\waternet\627.bmp,sota,46.39644847,0.4368898507966735,0.5242748,0.9677734375,0.46008155,0.24505341,0.29486504,0.5144428500302763,SOTA
D:\uwiqa_dataset\SOTA\SOTA_Dataset\IBLA\557.bmp,sota,35.17234525,0.2513320452648557,0.27258238,0.90283203125,0.5020309,0.044354856,0.45361423,0.5099487359330543,SOTA
D:\uwiqa_dataset\SOTA\SOTA_Dataset\dive\254.bmp,sota,75.73564492,0.9219278803497282,0.7754276,0.2254638671875,0.43322766,0.21208082,0.35469154,0.4630730984791349,SOTA
D:\uwiqa_dataset\SOTA\SOTA_Dataset\ACPAB\394.bmp,sota,68.75759316,0.8065661497870759,0.7755625,0.169921875,0.646525,0.054224666,0.29925036,0.45922944826440554,SOTA
D:\uwiqa_dataset\SOTA\SOTA_Dataset\IBLA\171.bmp,sota,52.66564561,0.5405327379782426,0.5651569,0.1591796875,0.43150973,0.24559692,0.3228933,0.45848606097012823,SOTA
D:\uwiqa_dataset\SOTA\SOTA_Dataset\fusion12\454.bmp,sota,41.18127218,0.3506721237439132,0.4003036,0.6875,0.4727979,0.19546217,0.33173993,0.4950471997159496,SOTA
D:\uwiqa_dataset\SOTA\SOTA_Dataset\fusion12\633.bmp,sota,56.11141075,0.5974984131171813,0.5029528,0.96533203125,0.5768079,0.14851074,0.27468133,0.514273898372486,SOTA
D:\uwiqa_dataset\SOTA\SOTA_Dataset\fusion18\676.bmp,sota,57.50385817,0.620518469375506,0.69356203,0.9091796875,0.59712446,0.13384919,0.26902634,0.510388010243309,SOTA
D:\uwiqa_dataset\SOTA\SOTA_Dataset\funiegan\436.bmp,sota,73.63878981,0.8872624977259771,0.78463495,0.352294921875,0.52467316,0.074971154,0.4003557,0.4718501371013411,SOTA
D:\uwiqa_dataset\SOTA\SOTA_Dataset\fusion18\363.bmp,sota,62.46715637,0.7025721269497652,0.79213405,0.26123046875,0.46055874,0.069793515,0.46964777,0.46554824026576286,SOTA
D:\uwiqa_dataset\SOTA\SOTA_Dataset\funiegan\661.bmp,sota,52.93392406,0.5449679395687602,0.5918476,0.4130859375,0.6729499,0.047826916,0.2792232,0.4760570333803197,SOTA
D:\uwiqa_dataset\SOTA\SOTA_Dataset\dive\552.bmp,sota,69.82116969,0.8241492852103393,0.78205514,0.92822265625,0.57030904,0.086978674,0.3427123,0.5117058331740734,SOTA
D:\uwiqa_dataset\SOTA\SOTA_Dataset\funiegan\503.bmp,sota,45.84830214,0.4278278501974737,0.45879441,0.383056640625,0.4010503,0.2964847,0.30246502,0.4739789279894989,SOTA
D:\uwiqa_dataset\SOTA\SOTA_Dataset\funiegan\425.bmp,sota,67.44522213,0.7848699230509919,0.8019358,0.89892578125,0.49349415,0.080234386,0.4262715,0.5096784132805898,SOTA
D:\uwiqa_dataset\SOTA\SOTA_Dataset\HP\246.bmp,sota,23.09554238,0.0516773383832882,0.07828756,0.392333984375,0.55567217,0.03079108,0.4135368,0.47462094428910206,SOTA
D:\uwiqa_dataset\SOTA\SOTA_Dataset\dive\143.bmp,sota,52.26450279,0.5339010116010822,0.51225376,0.4130859375,0.5680943,0.15158212,0.2803235,0.4760570333803197,SOTA
D:\uwiqa_dataset\SOTA\SOTA_Dataset\dive\573.bmp,sota,65.48616111,0.7524825637538697,0.6248193,0.55810546875,0.46293437,0.14160758,0.39545804,0.4860927618530636,SOTA
D:\uwiqa_dataset\SOTA\SOTA_Dataset\HP\602.bmp,sota,52.94137647,0.545091143429097,0.57670856,0.89697265625,0.47255984,0.12147938,0.40596074,0.5095432519543576,SOTA
D:\uwiqa_dataset\SOTA\SOTA_Dataset\waternet\66.bmp,sota,61.62407647,0.6886342601050245,0.7011435,0.52734375,0.40291646,0.22359586,0.37348762,0.4839639709649058,SOTA
D:\uwiqa_dataset\SOTA\SOTA_Dataset\HP\267.bmp,sota,35.51865131,0.2570572057766966,0.084338866,0.1510009765625,0.61637557,0.06002947,0.32359496,0.4579200729165307,SOTA
D:\uwiqa_dataset\SOTA\SOTA_Dataset\twostep\545.bmp,sota,25.70448056,0.0948085208002808,0.14591804,0.87890625,0.58701676,0.10151427,0.31146896,0.5082930096867093,SOTA
D:\uwiqa_dataset\SOTA\SOTA_Dataset\twostep\266.bmp,sota,40.5873685,0.340853658838699,0.39619255,0.401611328125,0.42980075,0.29568797,0.27451128,0.4752629605887052,SOTA
D:\uwiqa_dataset\SOTA\SOTA_Dataset\ACPAB\506.bmp,sota,59.06276319,0.6462904164855695,0.79340446,0.441650390625,0.6892133,0.05670651,0.25408018,0.47803376777646617,SOTA
D:\uwiqa_dataset\SOTA\SOTA_Dataset\HP\368.bmp,sota,21.29088626,0.0218426137016699,0.0041389605,0.49609375,0.20588456,0.05255857,0.7415569,0.48180138974518993,SOTA
D:\uwiqa_dataset\SOTA\SOTA_Dataset\funiegan\580.bmp,sota,52.97119706,0.5455841398967528,0.52942145,0.8740234375,0.24867018,0.32400393,0.42732587,0.5079551063711287,SOTA
D:\uwiqa_dataset\SOTA\SOTA_Dataset\dive\147.bmp,sota,61.07321561,0.6795273826706801,0.76438123,0.8154296875,0.3780703,0.27315232,0.34877735,0.5039002665841614,SOTA
D:\uwiqa_dataset\SOTA\SOTA_Dataset\fusion12\382.bmp,sota,39.81772286,0.3281298132720391,0.25397587,0.315673828125,0.57055503,0.117252715,0.3121922,0.4693158622344866,SOTA
D:\uwiqa_dataset\SOTA\SOTA_Dataset\fusion18\618.bmp,sota,65.20039888,0.7477583188620199,0.78159034,0.8955078125,0.33923796,0.17613731,0.48462468,0.5094418809596833,SOTA
D:\uwiqa_dataset\SOTA\SOTA_Dataset\HP\455.bmp,sota,26.77509325,0.1125079786043508,0.10225517,0.3486328125,0.55297315,0.029934954,0.41709185,0.47159670961465566,SOTA
D:\uwiqa_dataset\SOTA\SOTA_Dataset\ACPAB\791.bmp,sota,49.86231946,0.4941879175156989,0.37675482,0.974609375,0.58038384,0.09516096,0.3244552,0.5149159146720892,SOTA
D:\uwiqa_dataset\SOTA\SOTA_Dataset\funiegan\56.bmp,sota,61.91787008,0.6934912804372798,0.76021063,0.908203125,0.6344535,0.07421917,0.2913274,0.510320429580193,SOTA
D:\uwiqa_dataset\SOTA\SOTA_Dataset\funiegan\689.bmp,sota,67.53313651,0.7863233308741151,0.6599151,0.9052734375,0.5341557,0.06644029,0.39940405,0.5101176875908446,SOTA
D:\uwiqa_dataset\SOTA\SOTA_Dataset\funiegan\699.bmp,sota,53.58790841,0.555779663094424,0.4626789,0.346923828125,0.3799579,0.23866948,0.38137257,0.4714784434542025,SOTA
D:\uwiqa_dataset\SOTA\SOTA_Dataset\fusion12\498.bmp,sota,49.48322167,0.4879206414032504,0.55217725,0.3486328125,0.6215808,0.074745856,0.3036734,0.47159670961465566,SOTA
D:\uwiqa_dataset\SOTA\SOTA_Dataset\dive\36.bmp,sota,62.08532579,0.6962596721263373,0.80084866,0.927734375,0.5486337,0.1522683,0.299098,0.5116720428425153,SOTA
D:\uwiqa_dataset\SOTA\SOTA_Dataset\HP\548.bmp,sota,27.82742048,0.1299051396668251,0.06359214,0.45703125,0.6615674,0.057438347,0.28099427,0.4790981632205451,SOTA
D:\uwiqa_dataset\SOTA\SOTA_Dataset\HP\20.bmp,sota,29.68936237,0.1606869174502412,0.18384787,0.89990234375,0.54222953,0.07370603,0.38406444,0.5097459939437059,SOTA
D:\uwiqa_dataset\SOTA\SOTA_Dataset\twostep\121.bmp,sota,69.67581529,0.8217462742116223,0.80261964,0.48828125,0.49895197,0.14919353,0.3518545,0.48126074444026096,SOTA
D:\uwiqa_dataset\SOTA\SOTA_Dataset\IBLA\631.bmp,sota,39.15717029,0.3172095033884667,0.2534723,0.96435546875,0.64251024,0.09565685,0.2618329,0.5142063177093699,SOTA
D:\uwiqa_dataset\SOTA\SOTA_Dataset\twostep\586.bmp,sota,59.83788244,0.6591047522268145,0.7552215,0.9228515625,0.48934487,0.11076303,0.39989212,0.5113341395269347,SOTA
D:\uwiqa_dataset\SOTA\SOTA_Dataset\ACPAB\376.bmp,sota,42.33476166,0.3697417075153316,0.38288665,0.7265625,0.6449144,0.052969992,0.3021156,0.49775042624059446,SOTA
D:\uwiqa_dataset\SOTA\SOTA_Dataset\funiegan\158.bmp,sota,43.9162745,0.3958874089810736,0.35686237,0.6513671875,0.48340583,0.22928184,0.28731227,0.4925467151806532,SOTA
D:\uwiqa_dataset\SOTA\SOTA_Dataset\fusion18\344.bmp,sota,53.90815716,0.5610740419957532,0.49628603,0.8388671875,0.49779475,0.13241088,0.36979437,0.5055222024989484,SOTA
D:\uwiqa_dataset\SOTA\SOTA_Dataset\funiegan\372.bmp,sota,64.49819341,0.7361493997803191,0.6839293,0.9033203125,0.40560403,0.15200004,0.44239593,0.5099825262646124,SOTA
D:\uwiqa_dataset\SOTA\SOTA_Dataset\funiegan\11.bmp,sota,59.58268358,0.654885783503198,0.6078956,0.7490234375,0.45460787,0.18027113,0.36512098,0.49930478149226526,SOTA
D:\uwiqa_dataset\SOTA\SOTA_Dataset\IBLA\451.bmp,sota,51.55772995,0.5222165843796538,0.45373785,0.2017822265625,0.54255855,0.075552374,0.38188908,0.461434267398569,SOTA
D:\uwiqa_dataset\SOTA\SOTA_Dataset\waternet\704.bmp,sota,52.83443746,0.54332321884462,0.59566915,0.265869140625,0.5046565,0.16870408,0.3266394,0.46586924841556443,SOTA
D:\uwiqa_dataset\SOTA\SOTA_Dataset\fusion18\721.bmp,sota,65.01940672,0.7447661414586424,0.72518885,0.226806640625,0.52621514,0.14215367,0.33163118,0.4631660218909196,SOTA
D:\uwiqa_dataset\SOTA\SOTA_Dataset\IBLA\158.bmp,sota,40.82465349,0.3447764739774251,0.35259646,0.5830078125,0.5462963,0.15175739,0.30194634,0.4878160687625247,SOTA
D:\uwiqa_dataset\SOTA\SOTA_Dataset\HP\748.bmp,sota,21.09213943,0.0185569146210083,0.061100665,0.83544921875,0.261861,0.020071182,0.7180679,0.5052856701780419,SOTA
D:\uwiqa_dataset\SOTA\SOTA_Dataset\waternet\661.bmp,sota,46.42532033,0.437367162781267,0.3968628,0.552734375,0.54264677,0.18492848,0.27242476,0.4857210682059249,SOTA
D:\uwiqa_dataset\SOTA\SOTA_Dataset\waternet\136.bmp,sota,56.99797769,0.6121552113146822,0.5918448,0.82421875,0.26586083,0.35131198,0.3828272,0.5045084925522065,SOTA
D:\uwiqa_dataset\SOTA\SOTA_Dataset\dive\471.bmp,sota,45.58426343,0.423462740340345,0.3000425,0.1602783203125,0.5287582,0.18924688,0.28199488,0.45856208921613384,SOTA
D:\uwiqa_dataset\SOTA\SOTA_Dataset\waternet\80.bmp,sota,61.16804758,0.6810951526655341,0.63789034,0.81640625,0.45340022,0.27447918,0.27212054,0.5039678472472776,SOTA
D:\uwiqa_dataset\SOTA\SOTA_Dataset\fusion12\393.bmp,sota,43.29635906,0.3856389155017263,0.32647496,0.2294921875,0.3379673,0.312292,0.34974068,0.4633518687144889,SOTA
D:\uwiqa_dataset\SOTA\SOTA_Dataset\ACPAB\388.bmp,sota,34.49226979,0.2400889813442762,0.24480379,0.1602783203125,0.48635542,0.14164698,0.37199762,0.45856208921613384,SOTA
D:\uwiqa_dataset\SOTA\SOTA_Dataset\IBLA\713.bmp,sota,36.66818535,0.2760613978859104,0.20056427,0.548828125,0.5112687,0.09606297,0.39266837,0.48545074555346046,SOTA
D:\uwiqa_dataset\SOTA\SOTA_Dataset\fusion12\377.bmp,sota,53.90443614,0.5610125257844348,0.5171402,0.62060546875,0.40849605,0.2362271,0.35527685,0.49041792429249537,SOTA
D:\uwiqa_dataset\SOTA\SOTA_Dataset\ACPAB\587.bmp,sota,59.97076656,0.6613016035220957,0.56953645,0.9013671875,0.6379485,0.029053124,0.33299834,0.5098473649383801,SOTA
D:\uwiqa_dataset\SOTA\SOTA_Dataset\twostep\12.bmp,sota,26.36248443,0.105686695364025,0.18776521,0.98046875,0.70009834,0.07853508,0.22136652,0.5153213986507859,SOTA
D:\uwiqa_dataset\SOTA\SOTA_Dataset\fusion12\625.bmp,sota,62.18589335,0.6979222633708688,0.6748532,0.97265625,0.50875455,0.15494491,0.33630046,0.5147807533458569,SOTA
D:\uwiqa_dataset\SOTA\SOTA_Dataset\fusion12\686.bmp,sota,61.13055492,0.6804753209001995,0.77019715,0.92724609375,0.44865185,0.18561119,0.365737,0.5116382525109573,SOTA
D:\uwiqa_dataset\SOTA\SOTA_Dataset\twostep\189.bmp,sota,70.71977955,0.8390051779603038,0.8741399,0.1591796875,0.46336427,0.1369812,0.39965448,0.45848606097012823,SOTA
D:\uwiqa_dataset\SOTA\SOTA_Dataset\ACPAB\427.bmp,sota,47.1305755,0.4490264997563566,0.5533811,0.87060546875,0.32397544,0.17400594,0.50201863,0.5077185740502222,SOTA
D:\uwiqa_dataset\SOTA\SOTA_Dataset\ACPAB\407.bmp,sota,44.86110215,0.4115073780693287,0.6937685,0.67919921875,0.5454985,0.15148376,0.30301782,0.4944727640794626,SOTA
D:\uwiqa_dataset\SOTA\SOTA_Dataset\funiegan\443.bmp,sota,52.11811527,0.5314809209768224,0.5676183,0.90673828125,0.58170164,0.11113897,0.3071594,0.5102190585855187,SOTA
D:\uwiqa_dataset\SOTA\SOTA_Dataset\HP\216.bmp,sota,20.36374411,0.0065150227665207,0.053660046,0.54296875,0.55642474,0.039693795,0.40388143,0.48504526157476374,SOTA
D:\uwiqa_dataset\SOTA\SOTA_Dataset\ACPAB\580.bmp,sota,55.61638205,0.5893145575835304,0.58542264,0.95703125,0.3997615,0.18014385,0.42009464,0.513699462735999,SOTA
D:\uwiqa_dataset\SOTA\SOTA_Dataset\twostep\708.bmp,sota,39.84273137,0.3285432560339474,0.46301994,0.363037109375,0.3682861,0.26567516,0.3660387,0.47259352439561847,SOTA
D:\uwiqa_dataset\SOTA\SOTA_Dataset\fusion12\186.bmp,sota,52.75097822,0.5419434637655542,0.67874813,0.09808349609375,0.68878746,0.055357236,0.25585526,0.4542580457339259,SOTA
D:\uwiqa_dataset\SOTA\SOTA_Dataset\dive\800.bmp,sota,65.39372766,0.7509544462906257,0.6463649,0.82666015625,0.47135544,0.25304127,0.27560332,0.5046774442099968,SOTA
D:\uwiqa_dataset\SOTA\SOTA_Dataset\IBLA\147.bmp,sota,50.70118117,0.5080560488934383,0.54317725,0.54296875,0.49075916,0.23479792,0.27444294,0.48504526157476374,SOTA
D:\uwiqa_dataset\SOTA\SOTA_Dataset\funiegan\317.bmp,sota,67.2947247,0.7823818870536734,0.79486394,0.1666259765625,0.42721772,0.18341586,0.38936645,0.45900136352638865,SOTA
D:\uwiqa_dataset\SOTA\SOTA_Dataset\waternet\295.bmp,sota,47.67786631,0.4580743568279465,0.45343578,0.65673828125,0.26915926,0.23165128,0.49918944,0.4929184088277918,SOTA
D:\uwiqa_dataset\SOTA\SOTA_Dataset\HP\742.bmp,sota,21.75826159,0.0295693014284876,0.027540565,0.81982421875,0.2121167,0.026606,0.76127726,0.504204379568184,SOTA
D:\uwiqa_dataset\SOTA\SOTA_Dataset\IBLA\107.bmp,sota,42.05786451,0.3651640208614473,0.37296146,0.7890625,0.44683543,0.2174506,0.3357139,0.5020755886800262,SOTA
D:\uwiqa_dataset\SOTA\SOTA_Dataset\twostep\719.bmp,sota,45.94917093,0.4294954214013537,0.37840876,0.486328125,0.5452359,0.12372068,0.33104345,0.48112558311402875,SOTA
D:\uwiqa_dataset\SOTA\SOTA_Dataset\fusion18\272.bmp,sota,70.04604054,0.8278668687567666,0.8866538,0.48828125,0.29460505,0.25755706,0.4478379,0.48126074444026096,SOTA
D:\uwiqa_dataset\SOTA\SOTA_Dataset\fusion12\360.bmp,sota,45.77727931,0.4266536948801939,0.49207526,0.2393798828125,0.47574532,0.26953283,0.25472182,0.46403612292853963,SOTA
D:\uwiqa_dataset\SOTA\SOTA_Dataset\HP\190.bmp,sota,24.87446853,0.0810866930664292,0.1727618,0.2069091796875,0.6227054,0.12801735,0.2492773,0.46178906587992863,SOTA
D:\uwiqa_dataset\SOTA\SOTA_Dataset\HP\419.bmp,sota,22.7252974,0.0455564176601471,0.03185011,0.83349609375,0.33078825,0.09120419,0.5780075,0.5051505088518097,SOTA
D:\uwiqa_dataset\SOTA\SOTA_Dataset\HP\262.bmp,sota,24.84116789,0.0805361641234848,0.052843492,0.24072265625,0.36303413,0.066558324,0.57040757,0.4641290463403243,SOTA
D:\uwiqa_dataset\SOTA\SOTA_Dataset\fusion18\794.bmp,sota,67.39974962,0.7841181677434863,0.8177463,0.74462890625,0.33277002,0.18660063,0.48062932,0.4990006685082427,SOTA
D:\uwiqa_dataset\SOTA\SOTA_Dataset\funiegan\174.bmp,sota,66.34224027,0.7666353354432879,0.5298269,0.437744140625,0.6991634,0.077997535,0.22283904,0.4777634451240017,SOTA
D:\uwiqa_dataset\SOTA\SOTA_Dataset\HP\172.bmp,sota,51.15728116,0.5155963317640269,0.4966692,0.1268310546875,0.59440136,0.14406376,0.26153487,0.4562474515044067,SOTA
D:\uwiqa_dataset\SOTA\SOTA_Dataset\twostep\664.bmp,sota,35.86865388,0.2628434772985024,0.28408077,0.87158203125,0.38946486,0.052615777,0.5579193,0.5077861547133384,SOTA
D:\uwiqa_dataset\SOTA\SOTA_Dataset\IBLA\699.bmp,sota,32.91331927,0.2139856403653323,0.3590139,0.1766357421875,0.29320106,0.2948598,0.4119391,0.4596940653233289,SOTA
D:\uwiqa_dataset\SOTA\SOTA_Dataset\twostep\795.bmp,sota,43.34773642,0.3864882902792702,0.41730827,0.5869140625,0.34030426,0.2868224,0.3728733,0.48808639141498916,SOTA
D:\uwiqa_dataset\SOTA\SOTA_Dataset\ACPAB\76.bmp,sota,40.9323004,0.3465561016234262,0.38920355,0.64404296875,0.6272524,0.14915197,0.2235957,0.49203986020728224,SOTA
D:\uwiqa_dataset\SOTA\SOTA_Dataset\IBLA\299.bmp,sota,45.76840425,0.4265069716520408,0.38409498,0.66015625,0.31834403,0.28062516,0.40103078,0.49315494114869823,SOTA
D:\uwiqa_dataset\SOTA\SOTA_Dataset\fusion18\219.bmp,sota,67.43209428,0.7846528923457672,0.76987886,0.2281494140625,0.4715328,0.20900817,0.31945896,0.4632589453027043,SOTA
D:\uwiqa_dataset\SOTA\SOTA_Dataset\waternet\668.bmp,sota,49.29469135,0.4848038425134224,0.5302841,0.92578125,0.28759444,0.28313065,0.42927492,0.5115368815162831,SOTA
D:\uwiqa_dataset\SOTA\SOTA_Dataset\twostep\313.bmp,sota,44.69388385,0.4087429112620855,0.34188092,0.161376953125,0.35285676,0.28246638,0.36467692,0.4586381174621395,SOTA
D:\uwiqa_dataset\SOTA\SOTA_Dataset\waternet\638.bmp,sota,51.1101025,0.5148163702431874,0.71266156,0.9775390625,0.4695069,0.13269661,0.39779645,0.5151186566614375,SOTA
D:\uwiqa_dataset\SOTA\SOTA_Dataset\funiegan\704.bmp,sota,49.25120993,0.4840850040709684,0.4769829,0.401611328125,0.53011173,0.1722534,0.29763484,0.4752629605887052,SOTA
D:\uwiqa_dataset\SOTA\SOTA_Dataset\fusion12\521.bmp,sota,57.4035406,0.6188600109863925,0.5834501,0.90673828125,0.48915333,0.18015432,0.3306923,0.5102190585855187,SOTA
D:\uwiqa_dataset\SOTA\SOTA_Dataset\dive\576.bmp,sota,52.95029071,0.5452385143842604,0.53691536,0.9326171875,0.48893753,0.12106913,0.38999337,0.512009946158096,SOTA
D:\uwiqa_dataset\SOTA\SOTA_Dataset\twostep\51.bmp,sota,43.99579844,0.3972021053540854,0.53109163,0.94970703125,0.3362902,0.17796962,0.48574015,0.5131926077626281,SOTA
D:\uwiqa_dataset\SOTA\SOTA_Dataset\dive\187.bmp,sota,54.63030415,0.5730126359403487,0.62537974,0.09466552734375,0.45092702,0.19740427,0.35166872,0.4540215134130195,SOTA
D:\uwiqa_dataset\SOTA\SOTA_Dataset\dive\246.bmp,sota,61.2952174,0.6831975346791839,0.7391187,0.352294921875,0.3572031,0.19456726,0.44822964,0.4718501371013411,SOTA
D:\uwiqa_dataset\SOTA\SOTA_Dataset\dive\591.bmp,sota,56.28888363,0.6004324094916563,0.6088023,0.25244140625,0.43209925,0.255467,0.31243378,0.46494001429771775,SOTA
D:\uwiqa_dataset\SOTA\SOTA_Dataset\waternet\209.bmp,sota,45.85365204,0.4279162951880762,0.44866204,0.422607421875,0.44119686,0.2686907,0.29011253,0.47671594484570184,SOTA
D:\uwiqa_dataset\SOTA\SOTA_Dataset\HP\665.bmp,sota,43.28400953,0.3854347520473073,0.31122798,0.7880859375,0.5700902,0.07021025,0.35969955,0.50200800801691,SOTA
D:\uwiqa_dataset\SOTA\SOTA_Dataset\fusion18\743.bmp,sota,69.77295078,0.8233521261902054,0.7983571,0.90380859375,0.49525544,0.121702045,0.38304245,0.5100163165961704,SOTA
D:\uwiqa_dataset\SOTA\SOTA_Dataset\fusion12\111.bmp,sota,51.56200344,0.5222872340708424,0.44824544,0.6494140625,0.4483795,0.14232351,0.409297,0.4924115538544209,SOTA
D:\uwiqa_dataset\SOTA\SOTA_Dataset\HP\669.bmp,sota,48.48787753,0.471465529511705,0.52286494,0.88720703125,0.6310306,0.06212761,0.3068418,0.5088674453231964,SOTA
D:\uwiqa_dataset\SOTA\SOTA_Dataset\twostep\606.bmp,sota,54.71326034,0.5743840745550836,0.49308679,0.61865234375,0.6112854,0.089333266,0.29938138,0.4902827629662631,SOTA
D:\uwiqa_dataset\SOTA\SOTA_Dataset\IBLA\112.bmp,sota,51.41312545,0.5198259707899451,0.5469088,0.93310546875,0.56115186,0.12623794,0.31261012,0.5120437364896541,SOTA
D:\uwiqa_dataset\SOTA\SOTA_Dataset\funiegan\540.bmp,sota,49.88807097,0.4946136436152429,0.49903393,0.381103515625,0.45328617,0.2037114,0.34300244,0.4738437666632667,SOTA
D:\uwiqa_dataset\SOTA\SOTA_Dataset\IBLA\675.bmp,sota,50.08678122,0.49789873795231,0.28943503,0.193115234375,0.43148354,0.21836433,0.3501521,0.46083448901341345,SOTA
D:\uwiqa_dataset\SOTA\SOTA_Dataset\HP\429.bmp,sota,28.52492393,0.1414363245638286,0.0890608,0.8408203125,0.5734744,0.07986029,0.34666526,0.5056573638251806,SOTA
D:\uwiqa_dataset\SOTA\SOTA_Dataset\fusion18\270.bmp,sota,49.43687745,0.487154474913712,0.56647766,0.2393798828125,0.53139764,0.16085553,0.30774677,0.46403612292853963,SOTA
D:\uwiqa_dataset\SOTA\SOTA_Dataset\HP\551.bmp,sota,25.9591257,0.0990183353789232,0.09418419,0.68408203125,0.45059848,0.08119029,0.46821126,0.4948106673950432,SOTA
D:\uwiqa_dataset\SOTA\SOTA_Dataset\waternet\774.bmp,sota,64.88066708,0.7424724862209746,0.7370831,0.56591796875,0.3894433,0.25192684,0.35862985,0.4866334071579926,SOTA
D:\uwiqa_dataset\SOTA\SOTA_Dataset\waternet\443.bmp,sota,50.91002914,0.5115087408585229,0.5564424,0.94384765625,0.47614256,0.18975335,0.3341041,0.5127871237839313,SOTA
D:\uwiqa_dataset\SOTA\SOTA_Dataset\funiegan\673.bmp,sota,61.46165227,0.6859490497566775,0.7210661,0.69287109375,0.5878272,0.11849861,0.2936742,0.4954188933630883,SOTA
D:\uwiqa_dataset\SOTA\SOTA_Dataset\fusion18\225.bmp,sota,57.30198478,0.6171810817455596,0.4537231,0.484375,0.48629645,0.17770596,0.3359976,0.4809904217877965,SOTA
D:\uwiqa_dataset\SOTA\SOTA_Dataset\fusion12\83.bmp,sota,57.76425074,0.624823300943688,0.7303387,0.7548828125,0.505377,0.15003864,0.34458444,0.499710265470962,SOTA
D:\uwiqa_dataset\SOTA\SOTA_Dataset\fusion18\697.bmp,sota,62.99474869,0.7112943269505809,0.7257718,0.91748046875,0.4246389,0.16919488,0.4061662,0.5109624458797961,SOTA
D:\uwiqa_dataset\SOTA\SOTA_Dataset\fusion18\177.bmp,sota,65.79271401,0.7575505217268556,0.8495404,0.178955078125,0.424603,0.16004318,0.41535383,0.45985456939822966,SOTA
D:\uwiqa_dataset\SOTA\SOTA_Dataset\dive\756.bmp,sota,56.96851921,0.6116682012795853,0.4907929,0.2147216796875,0.6998261,0.08182228,0.21835157,0.4623297111848576,SOTA
D:\uwiqa_dataset\SOTA\SOTA_Dataset\dive\738.bmp,sota,49.70159551,0.4915308158413963,0.5053132,0.72802734375,0.50734746,0.19201133,0.3006412,0.4978517972352686,SOTA
D:\uwiqa_dataset\SOTA\SOTA_Dataset\HP\710.bmp,sota,40.59490634,0.3409782750348828,0.2682843,0.385009765625,0.47388318,0.11396262,0.41215414,0.4741140893157312,SOTA
D:\uwiqa_dataset\SOTA\SOTA_Dataset\funiegan\576.bmp,sota,62.41493199,0.7017087491673165,0.599331,0.9140625,0.40513477,0.16638146,0.42848375,0.5107259135588896,SOTA
D:\uwiqa_dataset\SOTA\SOTA_Dataset\dive\759.bmp,sota,38.01246619,0.298285160248002,0.29205206,0.265869140625,0.4334435,0.25458783,0.31196862,0.46586924841556443,SOTA
D:\uwiqa_dataset\SOTA\SOTA_Dataset\ACPAB\257.bmp,sota,59.72553613,0.6572474337101732,0.45390534,0.64404296875,0.61813474,0.11905996,0.2628053,0.49203986020728224,SOTA
D:\uwiqa_dataset\SOTA\SOTA_Dataset\fusion18\772.bmp,sota,58.45514772,0.6362452671306099,0.63738346,0.541015625,0.566606,0.18247128,0.25092268,0.4849101002485315,SOTA
D:\uwiqa_dataset\SOTA\SOTA_Dataset\twostep\120.bmp,sota,22.74866503,0.0459427332577758,0.08854478,0.99755859375,0.6128893,0.02210627,0.36500445,0.516504060255318,SOTA
D:\uwiqa_dataset\SOTA\SOTA_Dataset\funiegan\401.bmp,sota,47.74848571,0.4592418426069995,0.44479942,0.85595703125,0.4444093,0.19225301,0.36333758,0.5067048641034805,SOTA
D:\uwiqa_dataset\SOTA\SOTA_Dataset\IBLA\312.bmp,sota,49.99600387,0.4963979992716484,0.44970733,0.24658203125,0.43635124,0.25805044,0.30559835,0.46453453031902103,SOTA
D:\uwiqa_dataset\SOTA\SOTA_Dataset\fusion12\248.bmp,sota,28.72543714,0.1447512255851808,0.20657435,0.9677734375,0.6097716,0.07604229,0.31418613,0.5144428500302763,SOTA
D:\uwiqa_dataset\SOTA\SOTA_Dataset\fusion12\36.bmp,sota,55.56752481,0.5885068456388836,0.62595576,0.9638671875,0.52610284,0.18200165,0.2918955,0.5141725273778118,SOTA
D:\uwiqa_dataset\SOTA\SOTA_Dataset\IBLA\481.bmp,sota,41.74129007,0.3599303859578416,0.3080114,0.276611328125,0.37833035,0.21194321,0.4097264,0.46661263570984174,SOTA
D:\uwiqa_dataset\SOTA\SOTA_Dataset\funiegan\682.bmp,sota,62.65554533,0.7056865888643467,0.814837,0.9453125,0.45903522,0.13546109,0.40550366,0.5128884947786055,SOTA
D:\uwiqa_dataset\SOTA\SOTA_Dataset\waternet\761.bmp,sota,63.22161139,0.7150448399264429,0.60673934,0.325927734375,0.50082284,0.21688868,0.28228852,0.47002545919720584,SOTA
D:\uwiqa_dataset\SOTA\SOTA_Dataset\twostep\7.bmp,sota,24.46821219,0.0743704295524352,0.0956436,0.7431640625,0.55248284,0.12158323,0.32593393,0.49889929751356854,SOTA
D:\uwiqa_dataset\SOTA\SOTA_Dataset\funiegan\110.bmp,sota,57.5299172,0.6209492794212005,0.43209693,0.89990234375,0.48809496,0.10142485,0.41048026,0.5097459939437059,SOTA
D:\uwiqa_dataset\SOTA\SOTA_Dataset\funiegan\214.bmp,sota,56.50234921,0.603961440168316,0.72366667,0.4091796875,0.4215885,0.19670406,0.38170746,0.47578671072785517,SOTA
D:\uwiqa_dataset\SOTA\SOTA_Dataset\IBLA\586.bmp,sota,46.11991376,0.4323181560309354,0.37383285,0.7958984375,0.46375257,0.15335119,0.38289618,0.5025486533218391,SOTA
D:\uwiqa_dataset\SOTA\SOTA_Dataset\fusion18\321.bmp,sota,67.86885318,0.79187342671203,0.8170934,0.1259765625,0.33866987,0.2527837,0.40854648,0.4561883184241801,SOTA
D:\uwiqa_dataset\SOTA\SOTA_Dataset\waternet\522.bmp,sota,48.02272428,0.4637755773957806,0.4745557,0.92236328125,0.18345203,0.31436884,0.50217915,0.5113003491953767,SOTA
D:\uwiqa_dataset\SOTA\SOTA_Dataset\HP\275.bmp,sota,23.04770474,0.0508864825504227,-0.009731294,0.302490234375,0.25922027,0.045974765,0.69480497,0.46840352328241897,SOTA
D:\uwiqa_dataset\SOTA\SOTA_Dataset\waternet\236.bmp,sota,55.8553525,0.5932652368867941,0.5891489,0.26904296875,0.33310375,0.29876277,0.36813343,0.46608888557069184,SOTA
D:\uwiqa_dataset\SOTA\SOTA_Dataset\funiegan\658.bmp,sota,52.5142269,0.5380294713035391,0.5542878,0.8408203125,0.28495383,0.13361211,0.5814341,0.5056573638251806,SOTA
D:\uwiqa_dataset\SOTA\SOTA_Dataset\twostep\19.bmp,sota,56.52796642,0.6043849460091193,0.5125956,0.81396484375,0.36658406,0.25136715,0.38204876,0.5037988955894873,SOTA
D:\uwiqa_dataset\SOTA\SOTA_Dataset\ACPAB\526.bmp,sota,75.75208896,0.9221997345831284,0.813753,0.79052734375,0.5793619,0.034470446,0.38616765,0.5021769596747003,SOTA
D:\uwiqa_dataset\SOTA\SOTA_Dataset\funiegan\388.bmp,sota,48.84899095,0.4774354865274148,0.47699308,0.5234375,0.24919921,0.31700683,0.43379393,0.4836936483124413,SOTA
D:\uwiqa_dataset\SOTA\SOTA_Dataset\fusion12\442.bmp,sota,51.45204784,0.5204694389702433,0.58387846,0.486328125,0.5098875,0.16248189,0.3276306,0.48112558311402875,SOTA
D:\uwiqa_dataset\SOTA\SOTA_Dataset\HP\383.bmp,sota,35.71922145,0.2603730479695314,0.13616142,0.281494140625,0.67162734,0.04363618,0.28473645,0.4669505390254224,SOTA
D:\uwiqa_dataset\SOTA\SOTA_Dataset\HP\410.bmp,sota,19.96966051,0.0,-0.019656718,0.319091796875,0.24148363,0.083040684,0.6754757,0.469552394555393,SOTA
D:\uwiqa_dataset\SOTA\SOTA_Dataset\dive\755.bmp,sota,58.59057289,0.6384841272752845,0.4773709,0.1375732421875,0.53608775,0.12810639,0.3358059,0.4569908387986841,SOTA
D:\uwiqa_dataset\SOTA\SOTA_Dataset\ACPAB\512.bmp,sota,39.80297591,0.3278860154713015,0.4860677,0.93505859375,0.62596184,0.08105807,0.2929801,0.5121788978158863,SOTA
D:\uwiqa_dataset\SOTA\SOTA_Dataset\fusion12\561.bmp,sota,64.92125488,0.7431434870975477,0.7697618,0.91943359375,0.5026074,0.16200224,0.3353904,0.5110976072060284,SOTA
D:\uwiqa_dataset\SOTA\SOTA_Dataset\twostep\743.bmp,sota,41.46142486,0.355303631089821,0.420351,0.97900390625,0.665189,0.07240169,0.2624093,0.5152200276561117,SOTA
D:\uwiqa_dataset\SOTA\SOTA_Dataset\waternet\65.bmp,sota,65.09245111,0.7459737173735411,0.6989012,0.494140625,0.47133562,0.22544362,0.30322078,0.4816662284189577,SOTA
D:\uwiqa_dataset\SOTA\SOTA_Dataset\fusion12\465.bmp,sota,57.15618081,0.6147706384183085,0.59628916,0.35400390625,0.54656553,0.15692317,0.29651126,0.47196840326179434,SOTA
D:\uwiqa_dataset\SOTA\SOTA_Dataset\IBLA\185.bmp,sota,28.53527317,0.1416074190580328,0.4603725,0.158203125,0.48777965,0.2606982,0.25152218,0.4584184803070121,SOTA
D:\uwiqa_dataset\SOTA\SOTA_Dataset\ACPAB\56.bmp,sota,69.46481289,0.8182579650310563,0.8114937,0.9638671875,0.6587247,0.02884579,0.31242946,0.5141725273778118,SOTA
D:\uwiqa_dataset\SOTA\SOTA_Dataset\fusion12\379.bmp,sota,46.42893341,0.4374268945195511,0.35331666,0.38671875,0.30562094,0.23983628,0.45454273,0.47423235547618436,SOTA
D:\uwiqa_dataset\SOTA\SOTA_Dataset\fusion12\435.bmp,sota,44.36482872,0.4033029445560606,0.49031436,0.1981201171875,0.46851534,0.23322567,0.298259,0.4611808399118835,SOTA
D:\uwiqa_dataset\SOTA\SOTA_Dataset\ACPAB\445.bmp,sota,68.68283203,0.8053301925840843,0.8111619,0.85009765625,0.5295177,0.08588721,0.3845951,0.5062993801247837,SOTA
D:\uwiqa_dataset\SOTA\SOTA_Dataset\dive\657.bmp,sota,61.11086756,0.6801498478315089,0.6234877,0.87744140625,0.47730502,0.16538411,0.35731092,0.5081916386920351,SOTA
D:\uwiqa_dataset\SOTA\SOTA_Dataset\ACPAB\20.bmp,sota,45.69355809,0.4252696087260356,0.43657327,0.92626953125,0.42255315,0.19822502,0.37922183,0.5115706718478412,SOTA
D:\uwiqa_dataset\SOTA\SOTA_Dataset\HP\83.bmp,sota,52.45574442,0.5370626340927479,0.38787755,0.7294921875,0.6931934,0.048194993,0.25861162,0.49795316822994284,SOTA
D:\uwiqa_dataset\SOTA\SOTA_Dataset\dive\495.bmp,sota,53.68084918,0.5573161676139928,0.5720849,0.81982421875,0.44279113,0.21319841,0.34401047,0.504204379568184,SOTA
D:\uwiqa_dataset\SOTA\SOTA_Dataset\funiegan\80.bmp,sota,53.51505732,0.5545752828311604,0.55507064,0.7958984375,0.45631906,0.2898564,0.25382453,0.5025486533218391,SOTA
D:\uwiqa_dataset\SOTA\SOTA_Dataset\fusion18\178.bmp,sota,59.76776957,0.6579456404437408,0.6860633,0.5,0.6565331,0.05352096,0.2899459,0.4820717123976544,SOTA
D:\uwiqa_dataset\SOTA\SOTA_Dataset\HP\323.bmp,sota,22.17613505,0.0364776201340232,0.022982795,0.403564453125,0.37824914,0.09686596,0.5248849,0.47539812191493747,SOTA
D:\uwiqa_dataset\SOTA\SOTA_Dataset\IBLA\787.bmp,sota,39.23704666,0.3185300261634744,0.37687376,0.55810546875,0.33424184,0.34307054,0.32268766,0.4860927618530636,SOTA
D:\uwiqa_dataset\SOTA\SOTA_Dataset\IBLA\302.bmp,sota,54.11782997,0.5645403702841426,0.5856725,0.401611328125,0.52097934,0.1914666,0.2875541,0.4752629605887052,SOTA
D:\uwiqa_dataset\SOTA\SOTA_Dataset\fusion18\737.bmp,sota,64.93060374,0.743298043226605,0.64481264,0.64794921875,0.43541694,0.19133115,0.37325194,0.4923101828597467,SOTA
D:\uwiqa_dataset\SOTA\SOTA_Dataset\fusion12\4.bmp,sota,61.68701797,0.6896748142043553,0.57788664,0.79296875,0.57870734,0.1180563,0.3032364,0.5023459113324907,SOTA
D:\uwiqa_dataset\SOTA\SOTA_Dataset\ACPAB\395.bmp,sota,50.89917161,0.5113292432718735,0.3986786,0.401611328125,0.4465151,0.22211102,0.33137393,0.4752629605887052,SOTA
D:\uwiqa_dataset\SOTA\SOTA_Dataset\ACPAB\122.bmp,sota,51.45741971,0.5205582471707084,0.3776128,0.89013671875,0.5953506,0.12363763,0.28101173,0.5090701873125447,SOTA
D:\uwiqa_dataset\SOTA\SOTA_Dataset\ACPAB\215.bmp,sota,69.75658752,0.8230816074184663,0.670703,0.275146484375,0.57365555,0.19940312,0.22694132,0.4665112647151676,SOTA
D:\uwiqa_dataset\SOTA\SOTA_Dataset\fusion18\162.bmp,sota,53.68765454,0.5574286743900535,0.64725876,0.33984375,0.68045324,0.07964362,0.23990312,0.4709884836466106,SOTA
D:\uwiqa_dataset\SOTA\SOTA_Dataset\waternet\777.bmp,sota,54.94922858,0.5782851210735783,0.7049156,0.517578125,0.38712722,0.27729923,0.33557358,0.4832881643337446,SOTA
D:\uwiqa_dataset\SOTA\SOTA_Dataset\IBLA\19.bmp,sota,44.37325806,0.403442299104199,0.4182619,0.81884765625,0.43977234,0.15072913,0.40949848,0.5041367989050679,SOTA
D:\uwiqa_dataset\SOTA\SOTA_Dataset\IBLA\657.bmp,sota,62.48577086,0.7028798632426158,0.68581986,0.95751953125,0.60833895,0.085913196,0.30574787,0.513733253067557,SOTA
D:\uwiqa_dataset\SOTA\SOTA_Dataset\fusion18\507.bmp,sota,50.60146562,0.5064075431489056,0.6200535,0.319091796875,0.59315217,0.11345879,0.293389,0.469552394555393,SOTA
D:\uwiqa_dataset\SOTA\SOTA_Dataset\IBLA\553.bmp,sota,49.74472083,0.49224376720911,0.383546,0.94677734375,0.48862344,0.1837888,0.32758772,0.5129898657732798,SOTA
D:\uwiqa_dataset\SOTA\SOTA_Dataset\fusion12\153.bmp,sota,63.51621747,0.7199152920801368,0.73289186,0.273681640625,0.43099287,0.16387299,0.40513417,0.4664098937204934,SOTA
D:\uwiqa_dataset\SOTA\SOTA_Dataset\funiegan\432.bmp,sota,48.94345592,0.4789971892478241,0.46968198,0.89306640625,0.5095352,0.20755503,0.28290984,0.509272929301893,SOTA
D:\uwiqa_dataset\SOTA\SOTA_Dataset\funiegan\410.bmp,sota,49.78193733,0.4928590334744157,0.46947142,0.6533203125,0.34889445,0.28721678,0.36388877,0.4926818765068854,SOTA
D:\uwiqa_dataset\SOTA\SOTA_Dataset\IBLA\604.bmp,sota,55.37462189,0.5853177585631253,0.63482726,0.935546875,0.56794155,0.123240866,0.30881757,0.5122126881474444,SOTA
D:\uwiqa_dataset\SOTA\SOTA_Dataset\fusion12\167.bmp,sota,41.86578139,0.3619884867872957,0.43656063,0.52734375,0.19506335,0.3349583,0.46997824,0.4839639709649058,SOTA
D:\uwiqa_dataset\SOTA\SOTA_Dataset\funiegan\76.bmp,sota,48.2410878,0.4673855812228306,0.50317985,0.7919921875,0.42936736,0.2392109,0.33142173,0.5022783306693746,SOTA
D:\uwiqa_dataset\SOTA\SOTA_Dataset\fusion18\489.bmp,sota,66.90211933,0.7758913025081396,0.7292101,0.708984375,0.31904098,0.2697781,0.41118088,0.4965339743045043,SOTA
D:\uwiqa_dataset\SOTA\SOTA_Dataset\fusion12\168.bmp,sota,30.329605,0.1712714617209165,0.28420883,0.294189453125,0.351724,0.19396612,0.45430985,0.46782908764593195,SOTA
D:\uwiqa_dataset\SOTA\SOTA_Dataset\dive\583.bmp,sota,59.91124081,0.6603175188851196,0.64332217,0.5390625,0.39914235,0.20728822,0.3935694,0.4847749389222993,SOTA
D:\uwiqa_dataset\SOTA\SOTA_Dataset\funiegan\165.bmp,sota,52.99757006,0.5460201405205329,0.52912176,0.1490478515625,0.60142463,0.14077258,0.2578028,0.4577849115902985,SOTA
D:\uwiqa_dataset\SOTA\SOTA_Dataset\fusion12\219.bmp,sota,43.84142853,0.3946500491961642,0.51201344,0.375732421875,0.4004206,0.2420167,0.35756278,0.47347207301612804,SOTA
D:\uwiqa_dataset\SOTA\SOTA_Dataset\twostep\450.bmp,sota,47.08721383,0.4483096410308367,0.41192153,0.56787109375,0.43562245,0.107586235,0.45679125,0.48676856848422484,SOTA
D:\uwiqa_dataset\SOTA\SOTA_Dataset\fusion18\762.bmp,sota,57.36181689,0.6181702311514699,0.64798737,0.1500244140625,0.538873,0.23746827,0.22365874,0.45785249225341457,SOTA
D:\uwiqa_dataset\SOTA\SOTA_Dataset\dive\456.bmp,sota,55.32658598,0.5845236249141721,0.6189153,0.85205078125,0.45780984,0.22648427,0.31570587,0.506434541451016,SOTA
D:\uwiqa_dataset\SOTA\SOTA_Dataset\IBLA\774.bmp,sota,46.24402041,0.4343698974640389,0.56140566,0.453369140625,0.3045112,0.36768115,0.32780764,0.47884473573385966,SOTA
D:\uwiqa_dataset\SOTA\SOTA_Dataset\twostep\399.bmp,sota,56.79874822,0.608861533189503,0.45046157,0.94970703125,0.5043355,0.16395494,0.3317095,0.5131926077626281,SOTA
D:\uwiqa_dataset\SOTA\SOTA_Dataset\fusion12\268.bmp,sota,58.21889627,0.6323395385609015,0.7209661,0.33642578125,0.4951029,0.14881854,0.3560786,0.4707519513257042,SOTA
D:\uwiqa_dataset\SOTA\SOTA_Dataset\fusion18\130.bmp,sota,52.85844067,0.5437200419035334,0.6549499,0.77880859375,0.50588804,0.22003455,0.27407736,0.5013659917173069,SOTA
D:\uwiqa_dataset\SOTA\SOTA_Dataset\IBLA\325.bmp,sota,50.41995676,0.5034068236182647,0.5619147,0.3310546875,0.4495931,0.21967453,0.33073238,0.4703802576785655,SOTA
D:\uwiqa_dataset\SOTA\SOTA_Dataset\HP\572.bmp,sota,25.83468364,0.0969610489198755,0.02686727,0.95703125,0.27947652,0.055599757,0.6649237,0.513699462735999,SOTA
D:\uwiqa_dataset\SOTA\SOTA_Dataset\fusion18\230.bmp,sota,74.58148928,0.9028472835659282,0.8634997,0.385009765625,0.3720185,0.1645895,0.46339193,0.4741140893157312,SOTA
D:\uwiqa_dataset\SOTA\SOTA_Dataset\HP\56.bmp,sota,29.28866598,0.1540625714908745,0.15207252,0.9794921875,0.3071282,0.03025359,0.6626182,0.5152538179876698,SOTA
D:\uwiqa_dataset\SOTA\SOTA_Dataset\HP\49.bmp,sota,45.4951992,0.4219903231016356,0.28922927,0.8642578125,0.58319443,0.02660726,0.39019835,0.5072792997399675,SOTA
D:\uwiqa_dataset\SOTA\SOTA_Dataset\waternet\634.bmp,sota,45.2025895,0.4171528752677121,0.57468593,0.9072265625,0.4429293,0.18107395,0.37599668,0.5102528489170768,SOTA
D:\uwiqa_dataset\SOTA\SOTA_Dataset\fusion18\426.bmp,sota,57.9857826,0.6284856840304485,0.73037857,0.57763671875,0.3891728,0.22439626,0.38643098,0.487444375115386,SOTA
D:\uwiqa_dataset\SOTA\SOTA_Dataset\funiegan\308.bmp,sota,44.05170525,0.3981263613747712,0.5160319,0.0869140625,0.37179098,0.30631372,0.32189533,0.4534850918995353,SOTA
D:\uwiqa_dataset\SOTA\SOTA_Dataset\twostep\296.bmp,sota,44.71027208,0.409013842839936,0.43727574,0.53125,0.45595387,0.23807964,0.30596647,0.4842342936173703,SOTA
D:\uwiqa_dataset\SOTA\SOTA_Dataset\ACPAB\9.bmp,sota,47.54239198,0.4558346839660737,0.39434296,0.73876953125,0.60122985,0.15287521,0.24589491,0.498595184529546,SOTA
D:\uwiqa_dataset\SOTA\SOTA_Dataset\fusion12\303.bmp,sota,39.85390339,0.3287279527953656,0.4050149,0.08880615234375,0.6740751,0.10053448,0.22539046,0.4536160294343228,SOTA
D:\uwiqa_dataset\SOTA\SOTA_Dataset\ACPAB\728.bmp,sota,34.27086603,0.2364287160173423,0.42976445,0.53125,0.682174,0.029473647,0.28835234,0.4842342936173703,SOTA
D:\uwiqa_dataset\SOTA\SOTA_Dataset\IBLA\301.bmp,sota,46.45410535,0.4378430391197768,0.39675808,0.5390625,0.42448658,0.23060544,0.34490794,0.4847749389222993,SOTA
D:\uwiqa_dataset\SOTA\SOTA_Dataset\fusion18\710.bmp,sota,67.40933986,0.7842767143867276,0.7631302,0.509765625,0.54851127,0.11774925,0.3337395,0.48274751902881563,SOTA
D:\uwiqa_dataset\SOTA\SOTA_Dataset\ACPAB\531.bmp,sota,33.09824927,0.2170429184662547,0.12658346,0.2213134765625,0.68444026,0.036641,0.27891877,0.46278588066089144,SOTA
D:\uwiqa_dataset\SOTA\SOTA_Dataset\IBLA\733.bmp,sota,44.20412103,0.400646111693427,0.38300452,0.71240234375,0.32748604,0.2067645,0.46574947,0.4967705066254107,SOTA
D:\uwiqa_dataset\SOTA\SOTA_Dataset\twostep\466.bmp,sota,43.88225823,0.3953250491836039,0.51743174,0.900390625,0.44799003,0.13501869,0.41699126,0.5097797842752639,SOTA
D:\uwiqa_dataset\SOTA\SOTA_Dataset\HP\325.bmp,sota,23.26903801,0.0545455825308291,0.009832344,0.6806640625,0.14137544,0.044113483,0.81451106,0.4945741350741368,SOTA
D:\uwiqa_dataset\SOTA\SOTA_Dataset\twostep\167.bmp,sota,50.08843016,0.4979259983651784,0.4279534,0.462890625,0.24238926,0.28118783,0.47642288,0.4795036471992418,SOTA
D:\uwiqa_dataset\SOTA\SOTA_Dataset\IBLA\659.bmp,sota,45.55491154,0.4229774924599703,0.3669634,0.7705078125,0.52749217,0.17290364,0.29960415,0.5007915560808199,SOTA
D:\uwiqa_dataset\SOTA\SOTA_Dataset\fusion12\659.bmp,sota,47.43036042,0.4539825689225427,0.49209774,0.716796875,0.51379675,0.2049085,0.28129476,0.4970746196094333,SOTA
D:\uwiqa_dataset\SOTA\SOTA_Dataset\twostep\194.bmp,sota,48.04697298,0.4641764589157386,0.525602,0.10894775390625,0.46045354,0.2596804,0.2798661,0.45500988061109277,SOTA
D:\uwiqa_dataset\SOTA\SOTA_Dataset\dive\60.bmp,sota,49.92436021,0.4952135803413076,0.48011,0.72802734375,0.5011608,0.22211604,0.27672318,0.4978517972352686,SOTA
D:\uwiqa_dataset\SOTA\SOTA_Dataset\ACPAB\697.bmp,sota,56.37253981,0.6018154203991392,0.6379647,0.84912109375,0.57165277,0.12237138,0.30597588,0.5062317994616676,SOTA
D:\uwiqa_dataset\SOTA\SOTA_Dataset\HP\104.bmp,sota,48.95292812,0.4791537844439933,0.75478256,0.7431640625,0.6694482,0.08932681,0.24122508,0.49889929751356854,SOTA
D:\uwiqa_dataset\SOTA\SOTA_Dataset\HP\258.bmp,sota,24.90660914,0.0816180442971829,0.059480418,0.368408203125,0.33417195,0.048116058,0.617712,0.47296521804275715,SOTA
D:\uwiqa_dataset\SOTA\SOTA_Dataset\dive\258.bmp,sota,63.44875516,0.7187999995748608,0.7235042,0.3701171875,0.46260363,0.15546022,0.38193616,0.47308348420321034,SOTA
D:\uwiqa_dataset\SOTA\SOTA_Dataset\fusion18\413.bmp,sota,68.72808395,0.8060783010794107,0.78471863,0.615234375,0.3746631,0.2074624,0.4178745,0.4900462306453567,SOTA
D:\uwiqa_dataset\SOTA\SOTA_Dataset\waternet\561.bmp,sota,50.4900681,0.5045659101072516,0.5417837,0.970703125,0.21188827,0.32037225,0.46773952,0.5146455920196247,SOTA
D:\uwiqa_dataset\SOTA\SOTA_Dataset\waternet\164.bmp,sota,60.95388485,0.6775545966472419,0.59921515,0.505859375,0.5357872,0.18143234,0.28278044,0.4824771963763511,SOTA
D:\uwiqa_dataset\SOTA\SOTA_Dataset\ACPAB\549.bmp,sota,36.12911116,0.2671493786577726,0.4806625,0.7216796875,0.3747564,0.23821077,0.3870328,0.49741252292501387,SOTA
D:\uwiqa_dataset\SOTA\SOTA_Dataset\dive\320.bmp,sota,62.78221293,0.7077806681352947,0.66296065,0.175537109375,0.31865633,0.20036945,0.48097423,0.45961803707732324,SOTA
D:\uwiqa_dataset\SOTA\SOTA_Dataset\waternet\667.bmp,sota,63.10825289,0.7131707878007554,0.77700305,0.8896484375,0.582669,0.07175181,0.34557918,0.5090363969809867,SOTA
D:\uwiqa_dataset\SOTA\SOTA_Dataset\dive\505.bmp,sota,60.86889564,0.676149547977217,0.54705036,0.5078125,0.42506662,0.27406183,0.30087155,0.48261235770258337,SOTA
D:\uwiqa_dataset\SOTA\SOTA_Dataset\twostep\781.bmp,sota,32.50504459,0.2072360094870263,0.25203073,0.82080078125,0.58079165,0.11971922,0.29948908,0.5042719602313002,SOTA
D:\uwiqa_dataset\SOTA\SOTA_Dataset\twostep\733.bmp,sota,37.82008511,0.2951047002744131,0.41829702,0.4921875,0.24326953,0.122411,0.6343195,0.4815310670927254,SOTA
D:\uwiqa_dataset\SOTA\SOTA_Dataset\fusion12\632.bmp,sota,51.51911148,0.5215781406300073,0.5524685,0.810546875,0.4745076,0.22377321,0.30171922,0.5035623632685808,SOTA
D:\uwiqa_dataset\SOTA\SOTA_Dataset\fusion18\287.bmp,sota,52.13181838,0.531707461928088,0.5501619,0.62451171875,0.38079432,0.28264794,0.33655772,0.4906882469449598,SOTA
D:\uwiqa_dataset\SOTA\SOTA_Dataset\twostep\780.bmp,sota,47.64681003,0.4575609318307037,0.4463911,0.4765625,0.28026173,0.28670684,0.43303144,0.4804497764828675,SOTA
D:\uwiqa_dataset\SOTA\SOTA_Dataset\IBLA\256.bmp,sota,40.27775754,0.3357351447641111,0.35907602,0.1217041015625,0.42694467,0.3291578,0.24389753,0.4558926530230471,SOTA
D:\uwiqa_dataset\SOTA\SOTA_Dataset\fusion12\476.bmp,sota,54.83386782,0.5763779674194726,0.4722771,0.8447265625,0.6975907,0.053074963,0.24933434,0.5059276864776451,SOTA
D:\uwiqa_dataset\SOTA\SOTA_Dataset\ACPAB\191.bmp,sota,37.35285123,0.2873803510107294,0.2268747,0.2108154296875,0.57861984,0.03872809,0.38265207,0.46205938853239314,SOTA
D:\uwiqa_dataset\SOTA\SOTA_Dataset\dive\531.bmp,sota,76.22593892,0.9300334614302108,0.82623285,0.36669921875,0.49342716,0.109657794,0.39691505,0.4728469518823039,SOTA
D:\uwiqa_dataset\SOTA\SOTA_Dataset\waternet\487.bmp,sota,56.98277917,0.6119039481212446,0.51497674,0.259765625,0.45996368,0.20243742,0.33759886,0.4654468692710887,SOTA
D:\uwiqa_dataset\SOTA\SOTA_Dataset\IBLA\379.bmp,sota,46.18965392,0.4334711061413708,0.4158315,0.451416015625,0.3494833,0.20769967,0.44281706,0.4787095744076274,SOTA
D:\uwiqa_dataset\SOTA\SOTA_Dataset\fusion12\722.bmp,sota,52.34410271,0.535216964081757,0.59029365,0.662109375,0.50627023,0.23954798,0.2541817,0.4932901024749305,SOTA
D:\uwiqa_dataset\SOTA\SOTA_Dataset\fusion12\512.bmp,sota,54.88523378,0.5772271537312709,0.6230246,0.9462890625,0.39635488,0.20230252,0.4013426,0.5129560754417216,SOTA
D:\uwiqa_dataset\SOTA\SOTA_Dataset\IBLA\88.bmp,sota,51.84867219,0.5270264656265328,0.6407222,0.466796875,0.5002675,0.11097551,0.38875693,0.4797739698517063,SOTA
D:\uwiqa_dataset\SOTA\SOTA_Dataset\fusion12\18.bmp,sota,48.12316303,0.4654360391427066,0.61564845,0.82666015625,0.36514628,0.2001797,0.434674,0.5046774442099968,SOTA
D:\uwiqa_dataset\SOTA\SOTA_Dataset\waternet\220.bmp,sota,45.01162811,0.4139958857269738,0.34600815,0.161376953125,0.45833308,0.2732403,0.26842672,0.4586381174621395,SOTA
D:\uwiqa_dataset\SOTA\SOTA_Dataset\dive\414.bmp,sota,54.52296458,0.571238089264723,0.6048334,0.80322265625,0.47970012,0.17054367,0.3497562,0.50305550829521,SOTA
D:\uwiqa_dataset\SOTA\SOTA_Dataset\ACPAB\726.bmp,sota,51.53426629,0.5218286812060989,0.40371647,0.401611328125,0.6422176,0.052655168,0.30512726,0.4752629605887052,SOTA
D:\uwiqa_dataset\SOTA\SOTA_Dataset\dive\674.bmp,sota,44.07144337,0.3984526736119927,0.54577136,0.85205078125,0.5734156,0.1718355,0.2547489,0.506434541451016,SOTA
D:\uwiqa_dataset\SOTA\SOTA_Dataset\waternet\319.bmp,sota,50.87820717,0.5109826574106822,0.41613448,0.102294921875,0.4609144,0.24824,0.2908456,0.45454948734361417,SOTA
D:\uwiqa_dataset\SOTA\SOTA_Dataset\dive\421.bmp,sota,58.80751263,0.6420705930532643,0.7348357,0.96435546875,0.4284271,0.15638761,0.41518524,0.5142063177093699,SOTA
D:\uwiqa_dataset\SOTA\SOTA_Dataset\IBLA\153.bmp,sota,73.14452264,0.8790912318694588,0.6316923,0.32080078125,0.55983806,0.10805379,0.33210814,0.46967066071584623,SOTA
D:\uwiqa_dataset\SOTA\SOTA_Dataset\ACPAB\579.bmp,sota,60.22316649,0.665474300102766,0.83116317,0.888671875,0.59112376,0.05581621,0.35306007,0.5089688163178705,SOTA
D:\uwiqa_dataset\SOTA\SOTA_Dataset\twostep\274.bmp,sota,45.07737091,0.4150827511502871,0.38988814,0.32080078125,0.3297999,0.24776085,0.42243922,0.46967066071584623,SOTA
D:\uwiqa_dataset\SOTA\SOTA_Dataset\twostep\713.bmp,sota,32.37688159,0.2051172081392271,0.123144045,0.414794921875,0.6760086,0.06760002,0.2563914,0.47617529954077287,SOTA
D:\uwiqa_dataset\SOTA\SOTA_Dataset\fusion12\443.bmp,sota,53.73841575,0.5582678629246847,0.52080524,0.93359375,0.5681799,0.13608846,0.29573163,0.5120775268212121,SOTA
D:\uwiqa_dataset\SOTA\SOTA_Dataset\waternet\199.bmp,sota,57.49362073,0.6203492231681762,0.5813694,0.5830078125,0.4913112,0.22181804,0.28687078,0.4878160687625247,SOTA
D:\uwiqa_dataset\SOTA\SOTA_Dataset\fusion18\203.bmp,sota,50.75743332,0.5089860141036519,0.664888,0.392333984375,0.46266925,0.19369607,0.34363464,0.47462094428910206,SOTA
D:\uwiqa_dataset\SOTA\SOTA_Dataset\fusion12\353.bmp,sota,58.26971955,0.6331797532419214,0.6903365,0.5908203125,0.4755217,0.11449777,0.40998048,0.4883567140674537,SOTA
D:\uwiqa_dataset\SOTA\SOTA_Dataset\fusion12\60.bmp,sota,59.01387631,0.6454822145299841,0.6673016,0.7548828125,0.57888454,0.15607889,0.26503658,0.499710265470962,SOTA
D:\uwiqa_dataset\SOTA\SOTA_Dataset\waternet\312.bmp,sota,54.53797607,0.5714862604626857,0.5735202,0.18359375,0.54361075,0.17883644,0.27755284,0.46017557754803123,SOTA
D:\uwiqa_dataset\SOTA\SOTA_Dataset\dive\169.bmp,sota,41.21408318,0.3512145579177594,0.45149255,0.0618896484375,0.5090538,0.18621445,0.30473173,0.4517533374071847,SOTA
D:\uwiqa_dataset\SOTA\SOTA_Dataset\ACPAB\118.bmp,sota,56.12157592,0.5976664645508761,0.42065632,0.73095703125,0.77573633,0.02652698,0.1977366,0.498054539224617,SOTA
D:\uwiqa_dataset\SOTA\SOTA_Dataset\fusion18\236.bmp,sota,69.46588999,0.8182757717376072,0.7291405,0.248046875,0.32520676,0.2189787,0.45581457,0.46463590131369525,SOTA
D:\uwiqa_dataset\SOTA\SOTA_Dataset\waternet\431.bmp,sota,50.51220914,0.5049319476172481,0.48209476,0.264404296875,0.36026037,0.2030659,0.43667367,0.46576787742089026,SOTA
D:\uwiqa_dataset\SOTA\SOTA_Dataset\dive\117.bmp,sota,46.03364139,0.4308918940533456,0.5163839,0.36474609375,0.4486009,0.28862035,0.26277876,0.47271179055607165,SOTA
D:\uwiqa_dataset\SOTA\SOTA_Dataset\ACPAB\391.bmp,sota,55.99439555,0.595563908123751,0.58104366,0.97216796875,0.67644405,0.061446857,0.26210904,0.5147469630142989,SOTA
D:\uwiqa_dataset\SOTA\SOTA_Dataset\ACPAB\683.bmp,sota,51.88050456,0.5275527210080363,0.3653858,0.86865234375,0.66857237,0.061340913,0.27008677,0.5075834127239901,SOTA
D:\uwiqa_dataset\SOTA\SOTA_Dataset\funiegan\197.bmp,sota,53.15715904,0.5486584787766435,0.5687463,0.375732421875,0.36110193,0.30902314,0.32987493,0.47347207301612804,SOTA
D:\uwiqa_dataset\SOTA\SOTA_Dataset\waternet\609.bmp,sota,53.04728426,0.5468420197989889,0.60695094,0.91845703125,0.36213914,0.21654086,0.42132,0.5110300265429122,SOTA
D:\uwiqa_dataset\SOTA\SOTA_Dataset\waternet\617.bmp,sota,60.31961542,0.6670688018144751,0.61680156,0.82080078125,0.46135223,0.20170909,0.3369387,0.5042719602313002,SOTA
D:\uwiqa_dataset\SOTA\SOTA_Dataset\HP\53.bmp,sota,35.84992841,0.2625339062750856,0.16594921,0.97607421875,0.51834804,0.060197327,0.42145467,0.5150172856667633,SOTA
D:\uwiqa_dataset\SOTA\SOTA_Dataset\twostep\751.bmp,sota,34.659763,0.2428579929864446,0.37215883,0.1981201171875,0.21271059,0.34420168,0.44308773,0.4611808399118835,SOTA
D:\uwiqa_dataset\SOTA\SOTA_Dataset\fusion12\698.bmp,sota,46.83499613,0.4441399570916433,0.48256922,0.501953125,0.38503763,0.21885169,0.39611068,0.48220687372388665,SOTA
D:\uwiqa_dataset\SOTA\SOTA_Dataset\twostep\201.bmp,sota,46.68882878,0.4417235063360878,0.5963732,0.60205078125,0.5394887,0.1695541,0.2909572,0.489133891693289,SOTA
D:\uwiqa_dataset\SOTA\SOTA_Dataset\HP\269.bmp,sota,26.76158905,0.1122847260497059,0.14789239,0.2393798828125,0.52022,0.0787049,0.40107507,0.46403612292853963,SOTA
D:\uwiqa_dataset\SOTA\SOTA_Dataset\ACPAB\310.bmp,sota,52.76396112,0.5421580981453545,0.5044195,0.1312255859375,0.552854,0.116162114,0.3309839,0.45655156448842926,SOTA
D:\uwiqa_dataset\SOTA\SOTA_Dataset\ACPAB\142.bmp,sota,30.14644564,0.168243455987358,0.395288,0.5888671875,0.6609483,0.105329156,0.23372261,0.4882215527412214,SOTA
D:\uwiqa_dataset\SOTA\SOTA_Dataset\funiegan\53.bmp,sota,66.45660061,0.7685259500709632,0.56888866,0.91259765625,0.5272311,0.18000692,0.29276195,0.5106245425642155,SOTA
D:\uwiqa_dataset\SOTA\SOTA_Dataset\fusion18\338.bmp,sota,60.69501722,0.6732749755136418,0.799195,0.9716796875,0.52631736,0.065490216,0.40819243,0.5147131726827407,SOTA
D:\uwiqa_dataset\SOTA\SOTA_Dataset\funiegan\430.bmp,sota,45.27063567,0.418277820194942,0.46019378,0.414794921875,0.44405925,0.22971162,0.32622916,0.47617529954077287,SOTA
D:\uwiqa_dataset\SOTA\SOTA_Dataset\fusion18\775.bmp,sota,60.7620462,0.6743831041714106,0.859697,0.4091796875,0.3681429,0.16162309,0.470234,0.47578671072785517,SOTA
D:\uwiqa_dataset\SOTA\SOTA_Dataset\fusion12\28.bmp,sota,51.73325136,0.5251183188902039,0.600188,0.62060546875,0.30914474,0.2873028,0.40355247,0.49041792429249537,SOTA
D:\uwiqa_dataset\SOTA\SOTA_Dataset\dive\334.bmp,sota,63.04153826,0.7120678560032635,0.67448956,0.884765625,0.6388543,0.08929627,0.27184942,0.5086984936654061,SOTA
D:\uwiqa_dataset\SOTA\SOTA_Dataset\funiegan\365.bmp,sota,56.83347998,0.6094357215270063,0.65782756,0.7705078125,0.37903377,0.30056107,0.32040516,0.5007915560808199,SOTA
D:\uwiqa_dataset\SOTA\SOTA_Dataset\fusion12\253.bmp,sota,39.03801338,0.3152395914676503,0.31994966,0.94140625,0.47010383,0.1865814,0.34331483,0.512618172126141,SOTA
D:\uwiqa_dataset\SOTA\SOTA_Dataset\twostep\160.bmp,sota,46.37744164,0.4365756283063963,0.39398068,0.262939453125,0.28781316,0.32148063,0.3907062,0.4656665064262161,SOTA
D:\uwiqa_dataset\SOTA\SOTA_Dataset\HP\446.bmp,sota,21.71617034,0.0288734453917956,0.02785841,0.8232421875,0.22729108,0.014956922,0.757752,0.5044409118890905,SOTA
D:\uwiqa_dataset\SOTA\SOTA_Dataset\ACPAB\89.bmp,sota,59.10805839,0.6470392404894462,0.76619536,0.67919921875,0.694105,0.11077031,0.19512463,0.4944727640794626,SOTA
D:\uwiqa_dataset\SOTA\SOTA_Dataset\waternet\369.bmp,sota,46.90681616,0.4453272917854549,0.41765362,0.27197265625,0.25276917,0.22916435,0.51806647,0.46629162756004017,SOTA
D:\uwiqa_dataset\SOTA\SOTA_Dataset\IBLA\157.bmp,sota,47.0117992,0.4470628801116338,0.37475508,0.37939453125,0.54621255,0.121172726,0.33261472,0.4737255005028135,SOTA
D:\uwiqa_dataset\SOTA\SOTA_Dataset\dive\26.bmp,sota,66.02434291,0.761379829916499,0.76880276,0.9345703125,0.41029602,0.14980434,0.43989968,0.5121451074843282,SOTA
D:\uwiqa_dataset\SOTA\SOTA_Dataset\ACPAB\127.bmp,sota,38.27270122,0.3025873873518354,0.053257156,0.34521484375,0.71877617,0.025649294,0.25557455,0.47136017729374924,SOTA
D:\uwiqa_dataset\SOTA\SOTA_Dataset\ACPAB\2.bmp,sota,27.38132056,0.1225301787830352,0.1597713,0.9892578125,0.6470651,0.043110017,0.3098249,0.515929624618831,SOTA
D:\uwiqa_dataset\SOTA\SOTA_Dataset\IBLA\154.bmp,sota,51.44808809,0.5204039760547611,0.52537656,0.416748046875,0.5264269,0.16817206,0.305401,0.4763104608670051,SOTA
D:\uwiqa_dataset\SOTA\SOTA_Dataset\funiegan\542.bmp,sota,45.11485873,0.4157025029003403,0.3794006,0.67041015625,0.522153,0.17129709,0.30654988,0.4938645381114175,SOTA
D:\uwiqa_dataset\SOTA\SOTA_Dataset\ACPAB\159.bmp,sota,60.71872048,0.6736668397742728,0.775144,0.2254638671875,0.77746516,0.04698483,0.17555004,0.4630730984791349,SOTA
D:\uwiqa_dataset\SOTA\SOTA_Dataset\twostep\520.bmp,sota,41.12679243,0.3497714599975296,0.419105,0.60595703125,0.34782407,0.25595903,0.39621684,0.48940421434575354,SOTA
D:\uwiqa_dataset\SOTA\SOTA_Dataset\dive\233.bmp,sota,58.03544646,0.6293067310838487,0.59715295,0.2421875,0.53120005,0.17034455,0.29845542,0.4642304173349985,SOTA
D:\uwiqa_dataset\SOTA\SOTA_Dataset\IBLA\136.bmp,sota,46.40766979,0.4370753625897813,0.2875474,0.56982421875,0.4448997,0.13595578,0.41914448,0.48690372981045704,SOTA
D:\uwiqa_dataset\SOTA\SOTA_Dataset\fusion12\346.bmp,sota,49.63988256,0.4905105722325805,0.44169998,0.47265625,0.44707882,0.24240538,0.31051582,0.48017945383040306,SOTA
D:\uwiqa_dataset\SOTA\SOTA_Dataset\funiegan\747.bmp,sota,62.00760176,0.6949747320147577,0.65241367,0.87841796875,0.60528755,0.13246514,0.26224732,0.5082592193551513,SOTA
D:\uwiqa_dataset\SOTA\SOTA_Dataset\dive\544.bmp,sota,54.76635219,0.5752617934235337,0.7407034,0.88818359375,0.46466523,0.25164118,0.2836936,0.5089350259863125,SOTA
D:\uwiqa_dataset\SOTA\SOTA_Dataset\HP\620.bmp,sota,26.79173445,0.1127830923032264,0.16700402,0.5927734375,0.64026016,0.022632198,0.33710766,0.4884918753936859,SOTA
D:\uwiqa_dataset\SOTA\SOTA_Dataset\ACPAB\591.bmp,sota,59.8507515,0.6593175045942912,0.62777406,0.16455078125,0.66361994,0.081999734,0.25438038,0.4588577546172669,SOTA
D:\uwiqa_dataset\SOTA\SOTA_Dataset\funiegan\355.bmp,sota,69.05737099,0.8115221017407936,0.7747023,0.332763671875,0.44388035,0.13913319,0.41698644,0.4704985238390187,SOTA
D:\uwiqa_dataset\SOTA\SOTA_Dataset\fusion12\594.bmp,sota,32.84674335,0.2128850017330673,0.094768114,0.359375,0.5577589,0.118752904,0.3234882,0.472340096908933,SOTA
D:\uwiqa_dataset\SOTA\SOTA_Dataset\waternet\545.bmp,sota,54.41012029,0.5693725381014119,0.68859196,0.935546875,0.54747295,0.12884597,0.32368103,0.5122126881474444,SOTA
D:\uwiqa_dataset\SOTA\SOTA_Dataset\fusion12\275.bmp,sota,37.96127646,0.297438887385183,0.34714282,0.329345703125,0.5226289,0.16492274,0.31244832,0.47026199151811227,SOTA
D:\uwiqa_dataset\SOTA\SOTA_Dataset\dive\61.bmp,sota,37.29448402,0.2864154194531403,0.29226798,0.55078125,0.49000674,0.12839824,0.38159502,0.4855859068796927,SOTA
D:\uwiqa_dataset\SOTA\SOTA_Dataset\dive\88.bmp,sota,54.7868133,0.575600058191411,0.6650272,0.56982421875,0.28975886,0.3143429,0.39589828,0.48690372981045704,SOTA
D:\uwiqa_dataset\SOTA\SOTA_Dataset\twostep\389.bmp,sota,41.66321773,0.3586396875564478,0.4435696,0.89892578125,0.54845864,0.02811057,0.42343074,0.5096784132805898,SOTA
D:\uwiqa_dataset\SOTA\SOTA_Dataset\funiegan\195.bmp,sota,52.56969442,0.5389464649455034,0.756418,0.1431884765625,0.4923694,0.13644908,0.37118146,0.4573794276116017,SOTA
D:\uwiqa_dataset\SOTA\SOTA_Dataset\fusion12\648.bmp,sota,56.18692592,0.5987468361720044,0.71521765,0.85888671875,0.62810814,0.10577393,0.26611787,0.5069076060928288,SOTA
D:\uwiqa_dataset\SOTA\SOTA_Dataset\ACPAB\694.bmp,sota,51.67449225,0.5241469084093047,0.5643697,0.79443359375,0.49679387,0.1663156,0.33689052,0.5024472823271648,SOTA
D:\uwiqa_dataset\SOTA\SOTA_Dataset\dive\729.bmp,sota,67.95919751,0.7933670066701303,0.689866,0.265869140625,0.547633,0.13437368,0.31799328,0.46586924841556443,SOTA
D:\uwiqa_dataset\SOTA\SOTA_Dataset\IBLA\517.bmp,sota,35.22664606,0.2522297507603153,0.33354536,0.9462890625,0.33826765,0.24802963,0.41370276,0.5129560754417216,SOTA
D:\uwiqa_dataset\SOTA\SOTA_Dataset\IBLA\395.bmp,sota,51.3938532,0.51950736035421,0.48073637,0.77880859375,0.46102187,0.25170076,0.28727737,0.5013659917173069,SOTA
D:\uwiqa_dataset\SOTA\SOTA_Dataset\IBLA\11.bmp,sota,45.67523671,0.4249667181520201,0.5534258,0.94970703125,0.4515936,0.1795461,0.36886027,0.5131926077626281,SOTA
D:\uwiqa_dataset\SOTA\SOTA_Dataset\HP\586.bmp,sota,33.54677593,0.2244579984170356,0.23530178,0.85595703125,0.4837691,0.09041929,0.42581165,0.5067048641034805,SOTA
D:\uwiqa_dataset\SOTA\SOTA_Dataset\twostep\665.bmp,sota,55.78532197,0.592107486355431,0.6563703,0.86962890625,0.424147,0.13102728,0.44482568,0.5076509933871062,SOTA
D:\uwiqa_dataset\SOTA\SOTA_Dataset\twostep\523.bmp,sota,44.74566342,0.4095989354087149,0.54955465,0.134765625,0.47262618,0.20686382,0.3205099,0.4567965443922252,SOTA
D:\uwiqa_dataset\SOTA\SOTA_Dataset\fusion18\157.bmp,sota,54.66733853,0.5736248913827064,0.45396733,0.6513671875,0.5132548,0.16781114,0.318934,0.4925467151806532,SOTA
D:\uwiqa_dataset\SOTA\SOTA_Dataset\waternet\134.bmp,sota,63.0546145,0.7122840334876869,0.7053422,0.763671875,0.28029713,0.35338664,0.36631623,0.5003184914390071,SOTA
D:\uwiqa_dataset\SOTA\SOTA_Dataset\dive\18.bmp,sota,58.14543788,0.6311251183636593,0.73150855,0.61865234375,0.43994817,0.19503152,0.36502028,0.4902827629662631,SOTA
D:\uwiqa_dataset\SOTA\SOTA_Dataset\funiegan\91.bmp,sota,58.71294545,0.6405072005886561,0.60740256,0.9072265625,0.5192462,0.16630197,0.31445178,0.5102528489170768,SOTA
D:\uwiqa_dataset\SOTA\SOTA_Dataset\fusion12\223.bmp,sota,38.63084105,0.3085081847309901,0.37801194,0.466796875,0.5674134,0.10677524,0.3258114,0.4797739698517063,SOTA
D:\uwiqa_dataset\SOTA\SOTA_Dataset\waternet\238.bmp,sota,54.79536227,0.5757413904726334,0.59523493,0.445556640625,0.52888286,0.17752679,0.29359037,0.4783040904289307,SOTA
D:\uwiqa_dataset\SOTA\SOTA_Dataset\waternet\178.bmp,sota,57.67066872,0.623276195225924,0.6469379,0.4130859375,0.5566897,0.15119119,0.29211903,0.4760570333803197,SOTA
D:\uwiqa_dataset\SOTA\SOTA_Dataset\fusion18\317.bmp,sota,68.8862987,0.8086939204511617,0.92431,0.1357421875,0.41975617,0.104480885,0.4757629,0.4568641250553413,SOTA
D:\uwiqa_dataset\SOTA\SOTA_Dataset\fusion18\48.bmp,sota,74.76203019,0.9058320008668724,0.9229815,0.640625,0.41528043,0.17456304,0.41015655,0.4918033278863758,SOTA
D:\uwiqa_dataset\SOTA\SOTA_Dataset\HP\180.bmp,sota,56.13077791,0.5978185926129098,0.6895834,0.1312255859375,0.69562334,0.05694528,0.24743143,0.45655156448842926,SOTA
D:\uwiqa_dataset\SOTA\SOTA_Dataset\fusion12\197.bmp,sota,57.03627926,0.6127884160472402,0.6418698,0.64794921875,0.37365785,0.2757897,0.35055244,0.4923101828597467,SOTA
D:\uwiqa_dataset\SOTA\SOTA_Dataset\fusion18\151.bmp,sota,62.7026745,0.7064657322124008,0.72122526,0.63330078125,0.54423505,0.17935294,0.27641207,0.49129647291300493,SOTA
D:\uwiqa_dataset\SOTA\SOTA_Dataset\HP\728.bmp,sota,21.10488235,0.018767581631541,-0.0041838633,0.658203125,0.2864734,0.02936713,0.68415946,0.49301977982246603,SOTA
D:\uwiqa_dataset\SOTA\SOTA_Dataset\IBLA\50.bmp,sota,25.62457966,0.0934875924932781,0.3157385,0.88818359375,0.67966384,0.058538698,0.26179746,0.5089350259863125,SOTA
D:\uwiqa_dataset\SOTA\SOTA_Dataset\twostep\398.bmp,sota,44.30022936,0.4022349825776818,0.46645826,0.42431640625,0.23088245,0.30076346,0.46835417,0.47683421100615503,SOTA
D:\uwiqa_dataset\SOTA\SOTA_Dataset\fusion12\118.bmp,sota,60.14467669,0.6641767002180216,0.8182873,0.74462890625,0.5330871,0.07795964,0.3889533,0.4990006685082427,SOTA
D:\uwiqa_dataset\SOTA\SOTA_Dataset\IBLA\750.bmp,sota,39.38852841,0.3210343350206875,0.45724887,0.10821533203125,0.64695275,0.11607395,0.23697329,0.45495919511375565,SOTA
D:\uwiqa_dataset\SOTA\SOTA_Dataset\twostep\66.bmp,sota,55.57798557,0.588679783790979,0.7483175,0.548828125,0.38722047,0.15079392,0.46198562,0.48545074555346046,SOTA
D:\uwiqa_dataset\SOTA\SOTA_Dataset\fusion12\136.bmp,sota,65.28473498,0.7491525702633459,0.710179,0.71240234375,0.44575134,0.13232225,0.4219264,0.4967705066254107,SOTA
D:\uwiqa_dataset\SOTA\SOTA_Dataset\IBLA\361.bmp,sota,50.52112714,0.5050793807330434,0.49954888,0.482421875,0.5023073,0.20820723,0.28948554,0.48085526046156424,SOTA
D:\uwiqa_dataset\SOTA\SOTA_Dataset\IBLA\651.bmp,sota,40.84976188,0.345191567963779,0.38971806,0.99072265625,0.47165066,0.09889732,0.42945197,0.5160309956135052,SOTA
D:\uwiqa_dataset\SOTA\SOTA_Dataset\HP\15.bmp,sota,31.40859975,0.1891094924362428,0.31396794,0.91796875,0.5449814,0.062452015,0.39256656,0.5109962362113541,SOTA
D:\uwiqa_dataset\SOTA\SOTA_Dataset\funiegan\364.bmp,sota,41.89212434,0.3624239906219829,0.40942267,0.8427734375,0.3611625,0.22047764,0.41835985,0.5057925251514128,SOTA
D:\uwiqa_dataset\SOTA\SOTA_Dataset\twostep\560.bmp,sota,60.95711272,0.6776079600618509,0.6025553,0.49609375,0.47935972,0.14111373,0.37952653,0.48180138974518993,SOTA
D:\uwiqa_dataset\SOTA\SOTA_Dataset\HP\287.bmp,sota,25.1218346,0.0851761694559941,0.12824488,0.4765625,0.28473094,0.10125169,0.6140173,0.4804497764828675,SOTA
D:\uwiqa_dataset\SOTA\SOTA_Dataset\dive\253.bmp,sota,75.70578491,0.9214342321873624,0.83742744,0.462890625,0.50876665,0.10980158,0.38143176,0.4795036471992418,SOTA
D:\uwiqa_dataset\SOTA\SOTA_Dataset\waternet\253.bmp,sota,49.78814453,0.4929616514197357,0.5218052,0.91796875,0.23522556,0.2934239,0.4713506,0.5109962362113541,SOTA
D:\uwiqa_dataset\SOTA\SOTA_Dataset\IBLA\552.bmp,sota,45.8618431,0.428051710471488,0.3118522,0.95751953125,0.46454677,0.07235443,0.46309888,0.513733253067557,SOTA
D:\uwiqa_dataset\SOTA\SOTA_Dataset\IBLA\741.bmp,sota,24.7719321,0.0793915522997295,0.08422936,0.94482421875,0.492213,0.07364536,0.43414164,0.5128547044470475,SOTA
D:\uwiqa_dataset\SOTA\SOTA_Dataset\waternet\677.bmp,sota,56.58522833,0.6053316046554178,0.53387403,0.84375,0.4270322,0.23313874,0.3398291,0.505860105814529,SOTA
D:\uwiqa_dataset\SOTA\SOTA_Dataset\fusion12\522.bmp,sota,50.15149883,0.4989686548494984,0.5095853,0.92919921875,0.339702,0.29317,0.367128,0.5117734138371896,SOTA
D:\uwiqa_dataset\SOTA\SOTA_Dataset\dive\632.bmp,sota,61.12653591,0.6804088782934814,0.61229706,0.60205078125,0.44817036,0.25909472,0.29273486,0.489133891693289,SOTA
D:\uwiqa_dataset\SOTA\SOTA_Dataset\waternet\133.bmp,sota,57.50392171,0.620519519824057,0.5485517,0.90576171875,0.20711127,0.35789886,0.43498987,0.5101514779224027,SOTA
D:\uwiqa_dataset\SOTA\SOTA_Dataset\funiegan\739.bmp,sota,57.12938432,0.6143276366227178,0.56411016,0.93017578125,0.40422562,0.2342436,0.36153075,0.5118409945003056,SOTA
D:\uwiqa_dataset\SOTA\SOTA_Dataset\funiegan\129.bmp,sota,59.29980028,0.650209133320931,0.5218849,0.79443359375,0.42294592,0.28686842,0.29018566,0.5024472823271648,SOTA
D:\uwiqa_dataset\SOTA\SOTA_Dataset\fusion18\117.bmp,sota,57.08285822,0.6135584632779314,0.6419426,0.65673828125,0.54568005,0.19715434,0.2571657,0.4929184088277918,SOTA
D:\uwiqa_dataset\SOTA\SOTA_Dataset\waternet\349.bmp,sota,55.61724734,0.5893288626295906,0.584425,0.92919921875,0.41543704,0.23093234,0.35363057,0.5117734138371896,SOTA
D:\uwiqa_dataset\SOTA\SOTA_Dataset\dive\11.bmp,sota,70.67651877,0.8382899871566332,0.71859324,0.91650390625,0.5139812,0.11962336,0.36639547,0.51089486521668,SOTA
D:\uwiqa_dataset\SOTA\SOTA_Dataset\waternet\378.bmp,sota,53.33273736,0.5515611541280346,0.6220405,0.85400390625,0.42358655,0.20949513,0.36691839,0.5065697027772482,SOTA
D:\uwiqa_dataset\SOTA\SOTA_Dataset\waternet\172.bmp,sota,65.45787118,0.7520148722843103,0.7314459,0.140380859375,0.4090845,0.28594244,0.30497307,0.4571851332051429,SOTA
D:\uwiqa_dataset\SOTA\SOTA_Dataset\ACPAB\766.bmp,sota,27.25244545,0.1203996047736427,0.13590151,0.0953369140625,0.5601219,0.18002273,0.25985536,0.45406797511891184,SOTA
D:\uwiqa_dataset\SOTA\SOTA_Dataset\dive\107.bmp,sota,59.46613287,0.6529589574969797,0.43874988,0.235107421875,0.675959,0.082294546,0.24174649,0.4637404575274066,SOTA
D:\uwiqa_dataset\SOTA\SOTA_Dataset\waternet\655.bmp,sota,56.85382047,0.6097719921950377,0.7498589,0.91064453125,0.43383622,0.23620176,0.32996196,0.5104893812379833,SOTA
D:\uwiqa_dataset\SOTA\SOTA_Dataset\dive\120.bmp,sota,47.1347255,0.4490951079006212,0.4083678,0.978515625,0.66032934,0.034753628,0.30491704,0.5151862373245537,SOTA
D:\uwiqa_dataset\SOTA\SOTA_Dataset\fusion12\636.bmp,sota,59.56446768,0.6545846367332927,0.6350203,0.9736328125,0.35968181,0.15027465,0.49004358,0.514848334008973,SOTA
D:\uwiqa_dataset\SOTA\SOTA_Dataset\waternet\648.bmp,sota,46.73019539,0.4424073825641871,0.65637493,0.85205078125,0.44523975,0.2155838,0.33917645,0.506434541451016,SOTA
D:\uwiqa_dataset\SOTA\SOTA_Dataset\HP\569.bmp,sota,31.18496199,0.1854122944359868,0.25034985,0.7216796875,0.41142192,0.10232053,0.48625755,0.49741252292501387,SOTA
D:\uwiqa_dataset\SOTA\SOTA_Dataset\HP\201.bmp,sota,22.4061414,0.0402801041924674,0.030184705,0.640625,0.17076045,0.0912485,0.7379911,0.4918033278863758,SOTA
D:\uwiqa_dataset\SOTA\SOTA_Dataset\ACPAB\53.bmp,sota,67.94426299,0.7931201079465928,0.5545542,0.96826171875,0.62301743,0.098320454,0.2786621,0.5144766403618344,SOTA
D:\uwiqa_dataset\SOTA\SOTA_Dataset\fusion18\228.bmp,sota,43.58820376,0.390463716292189,0.49529916,0.65673828125,0.46650952,0.20803759,0.3254529,0.4929184088277918,SOTA
D:\uwiqa_dataset\SOTA\SOTA_Dataset\HP\414.bmp,sota,49.73076043,0.4920129727182208,0.36123526,0.61328125,0.52583015,0.1324237,0.34174612,0.4899110693191244,SOTA
D:\uwiqa_dataset\SOTA\SOTA_Dataset\fusion18\483.bmp,sota,36.18215312,0.268026272740604,0.32212502,0.93212890625,0.59078276,0.0461148,0.36310244,0.5119761558265379,SOTA
D:\uwiqa_dataset\SOTA\SOTA_Dataset\ACPAB\564.bmp,sota,46.00271236,0.4303805727636587,0.5096865,0.68408203125,0.597092,0.14829741,0.25461063,0.4948106673950432,SOTA
D:\uwiqa_dataset\SOTA\SOTA_Dataset\dive\694.bmp,sota,65.07986502,0.7457656430895784,0.6732967,0.89013671875,0.4100443,0.2414527,0.34850305,0.5090701873125447,SOTA
D:\uwiqa_dataset\SOTA\SOTA_Dataset\ACPAB\686.bmp,sota,55.59231265,0.5889166402660462,0.6465719,0.8291015625,0.47831678,0.18486732,0.3368159,0.5048463958677871,SOTA
D:\uwiqa_dataset\SOTA\SOTA_Dataset\ACPAB\679.bmp,sota,23.45374338,0.0575991470299572,0.06268948,0.27197265625,0.4779877,0.12328432,0.39872792,0.46629162756004017,SOTA
D:\uwiqa_dataset\SOTA\SOTA_Dataset\fusion12\345.bmp,sota,25.93866254,0.0986800367202757,0.08068891,0.6826171875,0.47163424,0.1151997,0.41316602,0.49470929640036904,SOTA
D:\uwiqa_dataset\SOTA\SOTA_Dataset\funiegan\620.bmp,sota,46.77014354,0.4430678086938976,0.5288838,0.6318359375,0.48603982,0.14562988,0.36833033,0.4911951019183307,SOTA
D:\uwiqa_dataset\SOTA\SOTA_Dataset\twostep\114.bmp,sota,58.68570063,0.6400567869643142,0.6398382,0.615234375,0.33745664,0.30745435,0.35508898,0.4900462306453567,SOTA
D:\uwiqa_dataset\SOTA\SOTA_Dataset\dive\680.bmp,sota,57.64759744,0.6228947789110792,0.6623137,0.638671875,0.5937607,0.14720294,0.2590363,0.49166816656014356,SOTA
D:\uwiqa_dataset\SOTA\SOTA_Dataset\funiegan\304.bmp,sota,67.22352923,0.7812048776375922,0.61187506,0.71533203125,0.7088845,0.045989256,0.2451263,0.49697324861475906,SOTA
D:\uwiqa_dataset\SOTA\SOTA_Dataset\dive\496.bmp,sota,49.0088656,0.4800785475036633,0.4186262,0.34326171875,0.49658784,0.20200229,0.30140987,0.47122501596751704,SOTA
D:\uwiqa_dataset\SOTA\SOTA_Dataset\waternet\40.bmp,sota,44.21917457,0.4008949780654778,0.40593606,0.9228515625,0.3889346,0.21285939,0.39820603,0.5113341395269347,SOTA
D:\uwiqa_dataset\SOTA\SOTA_Dataset\funiegan\55.bmp,sota,66.74183146,0.7732414101445723,0.77694255,0.8173828125,0.60239214,0.08160631,0.3160016,0.5040354279103937,SOTA
D:\uwiqa_dataset\SOTA\SOTA_Dataset\ACPAB\387.bmp,sota,38.12006095,0.300063925745877,0.11128601,0.81396484375,0.7035313,0.038888108,0.25758058,0.5037988955894873,SOTA
D:\uwiqa_dataset\SOTA\SOTA_Dataset\waternet\139.bmp,sota,57.43928356,0.6194509165661801,0.5814477,0.875,0.37693387,0.28716847,0.33589765,0.5080226870342448,SOTA
D:\uwiqa_dataset\SOTA\SOTA_Dataset\funiegan\113.bmp,sota,46.55970342,0.4395887951729357,0.3068008,0.6494140625,0.522279,0.10206648,0.3756545,0.4924115538544209,SOTA
D:\uwiqa_dataset\SOTA\SOTA_Dataset\fusion12\323.bmp,sota,45.36565097,0.4198486210165641,0.3484168,0.607421875,0.38475376,0.21744868,0.3977976,0.4895055853404277,SOTA
D:\uwiqa_dataset\SOTA\SOTA_Dataset\twostep\641.bmp,sota,57.27375716,0.6167144203900892,0.63209486,0.287841796875,0.6250345,0.11523955,0.25972596,0.46738981333567714,SOTA
D:\uwiqa_dataset\SOTA\SOTA_Dataset\funiegan\105.bmp,sota,54.75497596,0.5750737206454551,0.5108893,0.8671875,0.3914714,0.2784061,0.33012244,0.5074820417293159,SOTA
D:\uwiqa_dataset\SOTA\SOTA_Dataset\dive\63.bmp,sota,45.36718822,0.4198740349610873,0.20800751,0.88623046875,0.5775597,0.05566907,0.3667712,0.5087998646600802,SOTA
D:\uwiqa_dataset\SOTA\SOTA_Dataset\dive\184.bmp,sota,51.9377229,0.5284986593514804,0.4939513,0.0869140625,0.5122803,0.18188803,0.3058316,0.4534850918995353,SOTA
D:\uwiqa_dataset\SOTA\SOTA_Dataset\funiegan\565.bmp,sota,62.28091849,0.699493226868187,0.77364844,0.556640625,0.6800007,0.040091604,0.27990764,0.48599139085838944,SOTA
D:\uwiqa_dataset\SOTA\SOTA_Dataset\fusion18\97.bmp,sota,63.65702631,0.7222431555038553,0.84942096,0.9931640625,0.4177027,0.12566182,0.45663545,0.5161999472712955,SOTA
D:\uwiqa_dataset\SOTA\SOTA_Dataset\waternet\623.bmp,sota,55.57308038,0.5885986907829874,0.6850127,0.97998046875,0.5333059,0.20239866,0.2642955,0.5152876083192278,SOTA
D:\uwiqa_dataset\SOTA\SOTA_Dataset\funiegan\38.bmp,sota,56.14993518,0.5981353021897469,0.5955827,0.98046875,0.4253725,0.23232439,0.34230304,0.5153213986507859,SOTA
D:\uwiqa_dataset\SOTA\SOTA_Dataset\ACPAB\430.bmp,sota,32.31504074,0.2040948500770012,0.15322284,0.2493896484375,0.5262512,0.10200439,0.3717444,0.4647288247254799,SOTA
D:\uwiqa_dataset\SOTA\SOTA_Dataset\funiegan\768.bmp,sota,32.60774616,0.2089338803619052,0.20527495,0.414794921875,0.43546274,0.33632946,0.22820781,0.47617529954077287,SOTA
D:\uwiqa_dataset\SOTA\SOTA_Dataset\ACPAB\717.bmp,sota,39.42648852,0.3216618947081995,0.18114504,0.162353515625,0.75642866,0.0106848255,0.23288645,0.45870569812525563,SOTA
D:\uwiqa_dataset\SOTA\SOTA_Dataset\ACPAB\532.bmp,sota,45.45592251,0.4213409976043463,0.44741005,0.8681640625,0.46958473,0.23920271,0.2912126,0.507549622392432,SOTA
D:\uwiqa_dataset\SOTA\SOTA_Dataset\twostep\498.bmp,sota,45.33943163,0.4194151607126511,0.42782968,0.2421875,0.5539511,0.1361635,0.30988547,0.4642304173349985,SOTA
D:\uwiqa_dataset\SOTA\SOTA_Dataset\HP\229.bmp,sota,20.50122018,0.0087877885601284,-0.0135708535,0.47265625,0.31364277,0.036466878,0.6498903,0.48017945383040306,SOTA
D:\uwiqa_dataset\SOTA\SOTA_Dataset\HP\3.bmp,sota,26.09208112,0.101216365411719,0.08619166,0.78125,0.19446082,0.029508613,0.77603066,0.5015349433750972,SOTA
D:\uwiqa_dataset\SOTA\SOTA_Dataset\twostep\130.bmp,sota,62.4075258,0.7015863094198539,0.5906004,0.640625,0.381251,0.25750494,0.36124408,0.4918033278863758,SOTA
D:\uwiqa_dataset\SOTA\SOTA_Dataset\HP\186.bmp,sota,50.61385051,0.5066122911777777,0.43335456,0.08880615234375,0.72194207,0.050573323,0.22748455,0.4536160294343228,SOTA
D:\uwiqa_dataset\SOTA\SOTA_Dataset\HP\560.bmp,sota,32.6397655,0.209463226746959,0.31532875,0.443603515625,0.4747943,0.07325823,0.4519474,0.4781689291026984,SOTA
D:\uwiqa_dataset\SOTA\SOTA_Dataset\IBLA\716.bmp,sota,36.71370884,0.2768139959990048,0.28334403,0.310791015625,0.653874,0.0651967,0.2809294,0.468977958918906,SOTA
D:\uwiqa_dataset\SOTA\SOTA_Dataset\fusion18\688.bmp,sota,53.05927007,0.5470401702041953,0.42161793,0.92529296875,0.5290478,0.0932842,0.37766796,0.511503091184725,SOTA
D:\uwiqa_dataset\SOTA\SOTA_Dataset\twostep\199.bmp,sota,44.86501598,0.4115720818315617,0.38848174,0.5849609375,0.59355855,0.14433242,0.26210904,0.48795123008875696,SOTA
D:\uwiqa_dataset\SOTA\SOTA_Dataset\HP\94.bmp,sota,38.43495108,0.3052697154968401,0.42460442,0.97265625,0.57370263,0.05492313,0.37137422,0.5147807533458569,SOTA
D:\uwiqa_dataset\SOTA\SOTA_Dataset\fusion12\241.bmp,sota,47.57903268,0.4564404310580137,0.4500382,0.19189453125,0.46904042,0.27228504,0.25867447,0.46075001318451825,SOTA
D:\uwiqa_dataset\SOTA\SOTA_Dataset\IBLA\436.bmp,sota,47.35424067,0.4527241509010066,0.40139002,0.60009765625,0.3397531,0.247717,0.41252986,0.4889987303670568,SOTA
D:\uwiqa_dataset\SOTA\SOTA_Dataset\fusion12\50.bmp,sota,59.91623914,0.6604001516913176,0.7911476,0.95556640625,0.4703257,0.115100384,0.4145739,0.5135980917413248,SOTA
D:\uwiqa_dataset\SOTA\SOTA_Dataset\IBLA\596.bmp,sota,41.9016781,0.3625819341748378,0.4044639,0.95703125,0.62490624,0.051769845,0.32332397,0.513699462735999,SOTA
D:\uwiqa_dataset\SOTA\SOTA_Dataset\dive\782.bmp,sota,51.2449365,0.5170454571163814,0.50489414,0.303955078125,0.44049945,0.27781895,0.28168163,0.46850489427709313,SOTA
D:\uwiqa_dataset\SOTA\SOTA_Dataset\funiegan\284.bmp,sota,52.07499444,0.5307680438381615,0.5432999,0.7373046875,0.481497,0.1833854,0.33511764,0.49849381353487177,SOTA
D:\uwiqa_dataset\SOTA\SOTA_Dataset\fusion18\132.bmp,sota,71.63424086,0.8541231281966304,0.8209876,0.60205078125,0.42248517,0.19870438,0.3788105,0.489133891693289,SOTA
D:\uwiqa_dataset\SOTA\SOTA_Dataset\waternet\368.bmp,sota,46.90254099,0.4452566143203669,0.41530842,0.92626953125,0.30317146,0.2537859,0.44304267,0.5115706718478412,SOTA
D:\uwiqa_dataset\SOTA\SOTA_Dataset\funiegan\700.bmp,sota,58.98344242,0.6449790789358518,0.6342964,0.2958984375,0.5174025,0.2110404,0.27155703,0.46794735380638514,SOTA
D:\uwiqa_dataset\SOTA\SOTA_Dataset\fusion12\209.bmp,sota,38.9521583,0.3138202281629569,0.25046435,0.478515625,0.58626884,0.106549054,0.30718204,0.4805849378090998,SOTA
D:\uwiqa_dataset\SOTA\SOTA_Dataset\ACPAB\469.bmp,sota,39.75477654,0.3270891794880686,0.38757372,0.8173828125,0.5731508,0.043322485,0.3835267,0.5040354279103937,SOTA
D:\uwiqa_dataset\SOTA\SOTA_Dataset\funiegan\562.bmp,sota,60.95943671,0.6776463804573181,0.6204946,0.76611328125,0.20684206,0.30326274,0.48989516,0.5004874430967974,SOTA
D:\uwiqa_dataset\SOTA\SOTA_Dataset\dive\614.bmp,sota,75.35813791,0.9156869031442032,0.85255706,0.74609375,0.23010765,0.2940088,0.47588357,0.49910203950291687,SOTA
D:\uwiqa_dataset\SOTA\SOTA_Dataset\ACPAB\750.bmp,sota,46.75147715,0.4427592143859418,0.56752527,0.11199951171875,0.6220948,0.12787643,0.25002876,0.45522107018333063,SOTA
D:\uwiqa_dataset\SOTA\SOTA_Dataset\dive\439.bmp,sota,61.93629216,0.6937958357920487,0.72036755,0.259765625,0.39268753,0.31882033,0.2884921,0.4654468692710887,SOTA
D:\uwiqa_dataset\SOTA\SOTA_Dataset\funiegan\609.bmp,sota,58.21235062,0.6322313253321051,0.6827585,0.88818359375,0.50353587,0.17886426,0.3175999,0.5089350259863125,SOTA
D:\uwiqa_dataset\SOTA\SOTA_Dataset\twostep\272.bmp,sota,76.73738955,0.9384888056729082,0.8151133,0.498046875,0.3617736,0.23440284,0.40382358,0.4819365510714222,SOTA
D:\uwiqa_dataset\SOTA\SOTA_Dataset\HP\297.bmp,sota,22.51005574,0.041998024681592,0.021834098,0.4921875,0.32470405,0.07537813,0.5999178,0.4815310670927254,SOTA
D:\uwiqa_dataset\SOTA\SOTA_Dataset\fusion18\244.bmp,sota,66.5190317,0.7695580660298328,0.8039894,0.388671875,0.41451663,0.061225794,0.5242576,0.4743675168024166,SOTA
D:\uwiqa_dataset\SOTA\SOTA_Dataset\ACPAB\261.bmp,sota,29.57280138,0.1587599214942101,0.13450775,0.0574951171875,0.7973555,0.025444433,0.17720006,0.45144922442316215,SOTA
D:\uwiqa_dataset\SOTA\SOTA_Dataset\waternet\581.bmp,sota,46.50549033,0.4386925398717929,0.5251366,0.9599609375,0.3050246,0.2837017,0.41127372,0.5139022047253473,SOTA
D:\uwiqa_dataset\SOTA\SOTA_Dataset\ACPAB\680.bmp,sota,39.46211812,0.3222509262110635,0.29335406,0.62255859375,0.50550926,0.11164948,0.3828413,0.49055308561872757,SOTA
D:\uwiqa_dataset\SOTA\SOTA_Dataset\fusion12\373.bmp,sota,44.60727606,0.4073111040932308,0.3309071,0.85009765625,0.4423526,0.18968646,0.36796102,0.5062993801247837,SOTA
D:\uwiqa_dataset\SOTA\SOTA_Dataset\HP\273.bmp,sota,25.15143057,0.0856654524871765,0.13069662,0.33642578125,0.2520663,0.22787975,0.5200539,0.4707519513257042,SOTA
D:\uwiqa_dataset\SOTA\SOTA_Dataset\twostep\327.bmp,sota,54.68332067,0.5738891094469897,0.5112108,0.350341796875,0.32350048,0.28000274,0.39649674,0.4717149757751089,SOTA
D:\uwiqa_dataset\SOTA\SOTA_Dataset\HP\156.bmp,sota,44.27942358,0.4018910196967721,0.50096273,0.7216796875,0.5897334,0.056678113,0.3535884,0.49741252292501387,SOTA
D:\uwiqa_dataset\SOTA\SOTA_Dataset\fusion12\232.bmp,sota,48.23403422,0.4672689708531387,0.45391044,0.541015625,0.5151146,0.18157229,0.30331314,0.4849101002485315,SOTA
D:\uwiqa_dataset\SOTA\SOTA_Dataset\ACPAB\633.bmp,sota,52.48573932,0.5375585122677835,0.5287926,0.94384765625,0.60083586,0.035117965,0.36404622,0.5127871237839313,SOTA
D:\uwiqa_dataset\SOTA\SOTA_Dataset\dive\374.bmp,sota,59.89381284,0.6600293982393372,0.74511313,0.3486328125,0.44480392,0.15248501,0.40271103,0.47159670961465566,SOTA
D:\uwiqa_dataset\SOTA\SOTA_Dataset\twostep\210.bmp,sota,63.2426583,0.7153927891885156,0.7622018,0.29736328125,0.51333547,0.14993936,0.3367252,0.4680487248010593,SOTA
D:\uwiqa_dataset\SOTA\SOTA_Dataset\HP\298.bmp,sota,25.66759789,0.0941987734402281,0.22084576,0.2069091796875,0.56874776,0.10230121,0.328951,0.46178906587992863,SOTA
D:\uwiqa_dataset\SOTA\SOTA_Dataset\HP\644.bmp,sota,26.36251885,0.1056872643983203,0.00028454047,0.307373046875,0.37343878,0.06793233,0.55862886,0.46874142659799956,SOTA
D:\uwiqa_dataset\SOTA\SOTA_Dataset\waternet\520.bmp,sota,39.37447131,0.3208019418773766,0.44238064,0.8310546875,0.37169945,0.2554289,0.3728716,0.5049815571940194,SOTA
D:\uwiqa_dataset\SOTA\SOTA_Dataset\waternet\43.bmp,sota,64.77866456,0.7407861720986857,0.67972744,0.3486328125,0.4371538,0.16649638,0.3963498,0.47159670961465566,SOTA
D:\uwiqa_dataset\SOTA\SOTA_Dataset\fusion12\225.bmp,sota,49.50735078,0.4883195458514078,0.3750789,0.357666015625,0.52344066,0.15904127,0.31751806,0.4722218307484798,SOTA
D:\uwiqa_dataset\SOTA\SOTA_Dataset\fusion18\539.bmp,sota,75.03207049,0.9102963295077448,0.78430134,0.80322265625,0.5537269,0.025201626,0.42107147,0.50305550829521,SOTA
D:\uwiqa_dataset\SOTA\SOTA_Dataset\fusion12\726.bmp,sota,28.0311149,0.1332726327157955,0.2811393,0.64794921875,0.42052165,0.14763881,0.43183947,0.4923101828597467,SOTA
D:\uwiqa_dataset\SOTA\SOTA_Dataset\funiegan\23.bmp,sota,46.669127,0.441397794874761,0.44098848,0.91650390625,0.46812615,0.1884303,0.34344348,0.51089486521668,SOTA
D:\uwiqa_dataset\SOTA\SOTA_Dataset\ACPAB\442.bmp,sota,31.45906912,0.1899438562477842,0.21868953,0.37744140625,0.61592245,0.18624657,0.19783096,0.4735903391765812,SOTA
D:\uwiqa_dataset\SOTA\SOTA_Dataset\fusion12\326.bmp,sota,34.3527477,0.2377823905783003,0.28240186,0.91748046875,0.5633764,0.16011982,0.27650377,0.5109624458797961,SOTA
D:\uwiqa_dataset\SOTA\SOTA_Dataset\waternet\104.bmp,sota,60.94342111,0.6773816092295395,0.73290324,0.85009765625,0.39588457,0.29200137,0.31211406,0.5062993801247837,SOTA
D:\uwiqa_dataset\SOTA\SOTA_Dataset\HP\747.bmp,sota,25.8711548,0.0975639931624713,0.04911416,0.91357421875,0.41689286,0.09544637,0.48766083,0.5106921232273316,SOTA
D:\uwiqa_dataset\SOTA\SOTA_Dataset\HP\549.bmp,sota,22.80747806,0.0469150351485879,0.024554849,0.66015625,0.37314788,0.030626312,0.5962258,0.49315494114869823,SOTA
D:\uwiqa_dataset\SOTA\SOTA_Dataset\IBLA\531.bmp,sota,31.77839748,0.195223019185282,0.03592493,0.46484375,0.5500156,0.038019363,0.41196504,0.4796388085254741,SOTA
D:\uwiqa_dataset\SOTA\SOTA_Dataset\twostep\706.bmp,sota,48.80992174,0.476789591106697,0.46137884,0.5,0.62658507,0.06880397,0.304611,0.4820717123976544,SOTA
D:\uwiqa_dataset\SOTA\SOTA_Dataset\dive\116.bmp,sota,61.99452325,0.694758517002506,0.7100638,0.9580078125,0.4208841,0.15490064,0.4242153,0.513767043399115,SOTA
D:\uwiqa_dataset\SOTA\SOTA_Dataset\IBLA\207.bmp,sota,45.43536842,0.4210011956833958,0.3018059,0.341552734375,0.50907266,0.24267168,0.24825567,0.4711067498070638,SOTA
D:\uwiqa_dataset\SOTA\SOTA_Dataset\fusion12\361.bmp,sota,21.08418213,0.0184253638773081,0.022723515,0.615234375,0.31669426,0.14031787,0.5429879,0.4900462306453567,SOTA
D:\uwiqa_dataset\SOTA\SOTA_Dataset\twostep\148.bmp,sota,67.80785394,0.7908649822161401,0.7108002,0.55810546875,0.45043182,0.22739351,0.32217473,0.4860927618530636,SOTA
D:\uwiqa_dataset\SOTA\SOTA_Dataset\twostep\421.bmp,sota,60.49671988,0.6699967074389478,0.60954654,0.99267578125,0.55169797,0.063054375,0.38524768,0.5161661569397374,SOTA
D:\uwiqa_dataset\SOTA\SOTA_Dataset\ACPAB\232.bmp,sota,22.29132873,0.0383820116077087,0.15699746,0.57763671875,0.5969903,0.051224973,0.35178468,0.487444375115386,SOTA
D:\uwiqa_dataset\SOTA\SOTA_Dataset\ACPAB\496.bmp,sota,65.88240104,0.7590332351468295,0.59675515,0.455078125,0.66342425,0.10944697,0.2271288,0.47896300189431285,SOTA
D:\uwiqa_dataset\SOTA\SOTA_Dataset\fusion12\165.bmp,sota,34.68649361,0.2432999056484102,0.24768622,0.2120361328125,0.58068323,0.13746707,0.2818497,0.4621438643612883,SOTA
D:\uwiqa_dataset\SOTA\SOTA_Dataset\fusion12\252.bmp,sota,56.09440618,0.5972172921553223,0.56326014,0.2509765625,0.52783823,0.210721,0.2614408,0.4648386433030436,SOTA
D:\uwiqa_dataset\SOTA\SOTA_Dataset\waternet\257.bmp,sota,57.09270873,0.6137213127264034,0.45038107,0.767578125,0.20398535,0.3059436,0.490071,0.5005888140914715,SOTA
D:\uwiqa_dataset\SOTA\SOTA_Dataset\IBLA\501.bmp,sota,45.05478367,0.414709337024876,0.35747546,0.474609375,0.5088627,0.21217234,0.27896497,0.48031461515663526,SOTA
D:\uwiqa_dataset\SOTA\SOTA_Dataset\dive\266.bmp,sota,64.90253058,0.7428339354166679,0.6274191,0.2322998046875,0.504186,0.15448877,0.34132522,0.46354616312094776,SOTA
D:\uwiqa_dataset\SOTA\SOTA_Dataset\waternet\475.bmp,sota,51.7700458,0.5257266076245775,0.5259826,0.352294921875,0.3099177,0.26960734,0.42047504,0.4718501371013411,SOTA
D:\uwiqa_dataset\SOTA\SOTA_Dataset\IBLA\621.bmp,sota,56.28027812,0.6002901424864636,0.8978614,0.884765625,0.55311775,0.07058771,0.37629452,0.5086984936654061,SOTA
D:\uwiqa_dataset\SOTA\SOTA_Dataset\IBLA\422.bmp,sota,48.02910553,0.4638810727501392,0.24514915,0.437744140625,0.55771124,0.15940087,0.28288788,0.4777634451240017,SOTA
D:\uwiqa_dataset\SOTA\SOTA_Dataset\dive\571.bmp,sota,67.82861985,0.7912082859629022,0.80662143,0.72802734375,0.54682183,0.07173526,0.38144296,0.4978517972352686,SOTA
D:\uwiqa_dataset\SOTA\SOTA_Dataset\twostep\294.bmp,sota,40.86461724,0.3454371580076297,0.45511687,0.085693359375,0.67203885,0.1289319,0.1990293,0.45340061607064014,SOTA
D:\uwiqa_dataset\SOTA\SOTA_Dataset\fusion18\750.bmp,sota,59.57676425,0.6547879246485984,0.70848733,0.19189453125,0.6036424,0.09861931,0.29773828,0.46075001318451825,SOTA
D:\uwiqa_dataset\SOTA\SOTA_Dataset\funiegan\300.bmp,sota,45.4554617,0.4213333794551996,0.3801026,0.513671875,0.33280352,0.25559038,0.4116061,0.4830178416812801,SOTA
D:\uwiqa_dataset\SOTA\SOTA_Dataset\IBLA\309.bmp,sota,44.88800231,0.4119520937459593,0.37868613,0.259765625,0.24135529,0.28140607,0.4772386,0.4654468692710887,SOTA
D:\uwiqa_dataset\SOTA\SOTA_Dataset\fusion18\339.bmp,sota,72.33223877,0.865662487547372,0.77171415,0.60205078125,0.5688218,0.102329865,0.3288483,0.489133891693289,SOTA
D:\uwiqa_dataset\SOTA\SOTA_Dataset\HP\540.bmp,sota,29.95440968,0.1650687015662386,0.083560355,0.437744140625,0.5801949,0.03831046,0.38149464,0.4777634451240017,SOTA
D:\uwiqa_dataset\SOTA\SOTA_Dataset\fusion12\354.bmp,sota,55.81269433,0.5925600084816331,0.70519346,0.90380859375,0.43781915,0.16896477,0.3932161,0.5100163165961704,SOTA
D:\uwiqa_dataset\SOTA\SOTA_Dataset\dive\112.bmp,sota,48.24744803,0.4674907290728053,0.5912546,0.91259765625,0.60003847,0.13366416,0.26629737,0.5106245425642155,SOTA
D:\uwiqa_dataset\SOTA\SOTA_Dataset\HP\471.bmp,sota,23.70890718,0.0618175361387452,0.15591495,0.07977294921875,0.5357073,0.10059324,0.36369947,0.45299090830049865,SOTA
D:\uwiqa_dataset\SOTA\SOTA_Dataset\ACPAB\603.bmp,sota,54.89295583,0.5773548153024557,0.6213696,0.9287109375,0.5220918,0.18660638,0.29130176,0.5117396235056315,SOTA
D:\uwiqa_dataset\SOTA\SOTA_Dataset\dive\337.bmp,sota,64.9855934,0.7442071368474084,0.5849571,0.325927734375,0.48580396,0.1529504,0.36124557,0.47002545919720584,SOTA
D:\uwiqa_dataset\SOTA\SOTA_Dataset\IBLA\592.bmp,sota,45.166247,0.4165520580429093,0.5354655,0.875,0.72149014,0.053765956,0.22474387,0.5080226870342448,SOTA
D:\uwiqa_dataset\SOTA\SOTA_Dataset\twostep\61.bmp,sota,37.3696288,0.2876577191897577,0.26262528,0.6279296875,0.51981103,0.12228613,0.35790282,0.49092477926586625,SOTA
D:\uwiqa_dataset\SOTA\SOTA_Dataset\fusion12\708.bmp,sota,57.00987103,0.6123518329981777,0.57751703,0.544921875,0.67358917,0.10240296,0.22400793,0.485180422900996,SOTA
D:\uwiqa_dataset\SOTA\SOTA_Dataset\fusion12\581.bmp,sota,57.45306734,0.6196787911605776,0.6461942,0.9345703125,0.5021042,0.17530878,0.32258695,0.5121451074843282,SOTA
D:\uwiqa_dataset\SOTA\SOTA_Dataset\fusion18\588.bmp,sota,52.04726864,0.5303096786125596,0.6329551,0.21728515625,0.4548378,0.2264719,0.3186903,0.46250711042553744,SOTA
D:\uwiqa_dataset\SOTA\SOTA_Dataset\twostep\604.bmp,sota,68.01887179,0.7943535468173879,0.8179755,0.94384765625,0.26764068,0.21726222,0.51509714,0.5127871237839313,SOTA
D:\uwiqa_dataset\SOTA\SOTA_Dataset\twostep\599.bmp,sota,39.04712848,0.315390283056996,0.31148508,0.92236328125,0.54055107,0.13702464,0.3224243,0.5113003491953767,SOTA
D:\uwiqa_dataset\SOTA\SOTA_Dataset\IBLA\216.bmp,sota,40.48880244,0.3392241565582027,0.34359622,0.42431640625,0.5549015,0.1756433,0.26945525,0.47683421100615503,SOTA
D:\uwiqa_dataset\SOTA\SOTA_Dataset\waternet\685.bmp,sota,55.61023521,0.5892129375147374,0.74738586,0.90966796875,0.3962836,0.19358717,0.41012928,0.5104218005748671,SOTA
D:\uwiqa_dataset\SOTA\SOTA_Dataset\waternet\169.bmp,sota,37.60161829,0.2914929886831938,0.320703,0.1778564453125,0.5006302,0.19172107,0.30764872,0.45977854115222405,SOTA
D:\uwiqa_dataset\SOTA\SOTA_Dataset\funiegan\328.bmp,sota,46.34236947,0.4359958122825341,0.5296523,0.56787109375,0.47279763,0.16761144,0.35959092,0.48676856848422484,SOTA
D:\uwiqa_dataset\SOTA\SOTA_Dataset\fusion12\295.bmp,sota,36.39378562,0.2715249987866402,0.37706202,0.6826171875,0.46740994,0.19338493,0.3392051,0.49470929640036904,SOTA
D:\uwiqa_dataset\SOTA\SOTA_Dataset\dive\428.bmp,sota,60.03877036,0.662425847984971,0.6782699,0.2254638671875,0.45444807,0.2475732,0.29797876,0.4630730984791349,SOTA
D:\uwiqa_dataset\SOTA\SOTA_Dataset\waternet\606.bmp,sota,52.5484597,0.538595410792931,0.5585061,0.93896484375,0.5443661,0.14929731,0.30633658,0.5124492204683507,SOTA
D:\uwiqa_dataset\SOTA\SOTA_Dataset\fusion18\530.bmp,sota,69.19420162,0.8137841970667788,0.76749355,0.458984375,0.46049586,0.104746975,0.43475714,0.47923332454677736,SOTA
D:\uwiqa_dataset\SOTA\SOTA_Dataset\fusion12\662.bmp,sota,62.52317232,0.7034981872819849,0.70700467,0.82421875,0.5109198,0.115764625,0.3733156,0.5045084925522065,SOTA
D:\uwiqa_dataset\SOTA\SOTA_Dataset\ACPAB\703.bmp,sota,60.28766611,0.666540613171191,0.69724786,0.484375,0.546049,0.1468951,0.30705592,0.4809904217877965,SOTA
D:\uwiqa_dataset\SOTA\SOTA_Dataset\ACPAB\385.bmp,sota,40.49571714,0.3393384709522136,0.29746825,0.888671875,0.6566534,0.06457101,0.2787756,0.5089688163178705,SOTA
D:\uwiqa_dataset\SOTA\SOTA_Dataset\fusion18\153.bmp,sota,67.66083103,0.7884343872716914,0.7590071,0.24365234375,0.43801585,0.21622357,0.34576055,0.4643317883296727,SOTA
D:\uwiqa_dataset\SOTA\SOTA_Dataset\HP\653.bmp,sota,33.09494964,0.216988368709373,0.52378297,0.70068359375,0.5229438,0.17589323,0.30116302,0.49595953866801723,SOTA
D:\uwiqa_dataset\SOTA\SOTA_Dataset\twostep\402.bmp,sota,47.02355165,0.4472571725899618,0.47291285,0.955078125,0.4873612,0.14761929,0.36501947,0.5135643014097667,SOTA
D:\uwiqa_dataset\SOTA\SOTA_Dataset\dive\314.bmp,sota,53.76708418,0.5587418117876426,0.514236,0.5,0.44081393,0.2788651,0.280321,0.4820717123976544,SOTA
D:\uwiqa_dataset\SOTA\SOTA_Dataset\HP\725.bmp,sota,22.38953284,0.0400055301007795,-0.0011427449,0.51171875,0.5338846,0.03618088,0.42993453,0.4828826803550479,SOTA
D:\uwiqa_dataset\SOTA\SOTA_Dataset\HP\58.bmp,sota,23.27647394,0.0546685139424388,0.071005344,0.83984375,0.3976641,0.041043386,0.5612925,0.5055897831620645,SOTA
D:\uwiqa_dataset\SOTA\SOTA_Dataset\ACPAB\68.bmp,sota,58.87126854,0.6431246110462747,0.5476478,0.796875,0.5919457,0.16577366,0.24228063,0.5026162339849551,SOTA
D:\uwiqa_dataset\SOTA\SOTA_Dataset\fusion12\551.bmp,sota,54.88787575,0.5772708309984762,0.41041005,0.67724609375,0.5369459,0.19709739,0.26595676,0.49433760275323035,SOTA
D:\uwiqa_dataset\SOTA\SOTA_Dataset\fusion12\619.bmp,sota,37.20667721,0.2849637899861807,0.2171155,0.52734375,0.6209594,0.101745255,0.27729532,0.4839639709649058,SOTA
D:\uwiqa_dataset\SOTA\SOTA_Dataset\fusion12\98.bmp,sota,57.18896226,0.6153125840691033,0.61389494,0.87060546875,0.46616945,0.16663015,0.36720043,0.5077185740502222,SOTA
D:\uwiqa_dataset\SOTA\SOTA_Dataset\fusion18\407.bmp,sota,66.60262625,0.7709400580650432,0.6953926,0.78662109375,0.40741417,0.13058347,0.4620023,0.5019066370222359,SOTA
D:\uwiqa_dataset\SOTA\SOTA_Dataset\HP\55.bmp,sota,38.25004327,0.3022128042428385,0.32632893,0.9345703125,0.39681318,0.06154775,0.5416391,0.5121451074843282,SOTA
D:\uwiqa_dataset\SOTA\SOTA_Dataset\dive\564.bmp,sota,54.02464272,0.562999790936767,0.57603,0.67724609375,0.39823338,0.24643831,0.3553283,0.49433760275323035,SOTA
D:\uwiqa_dataset\SOTA\SOTA_Dataset\IBLA\131.bmp,sota,54.09796898,0.5642120267498881,0.38487244,0.99462890625,0.68445635,0.04537379,0.27016988,0.5163013182659697,SOTA
D:\uwiqa_dataset\SOTA\SOTA_Dataset\ACPAB\36.bmp,sota,73.53238811,0.8855034559949927,0.63089484,0.97314453125,0.67256546,0.03270927,0.29472533,0.514814543677415,SOTA
D:\uwiqa_dataset\SOTA\SOTA_Dataset\fusion12\414.bmp,sota,58.4396177,0.6359885235516725,0.61218953,0.85986328125,0.50184774,0.13009164,0.36806065,0.506975186755945,SOTA
D:\uwiqa_dataset\SOTA\SOTA_Dataset\funiegan\750.bmp,sota,49.27380312,0.484458516562273,0.5936803,0.2281494140625,0.55497116,0.14168184,0.303347,0.4632589453027043,SOTA
D:\uwiqa_dataset\SOTA\SOTA_Dataset\twostep\176.bmp,sota,52.16371458,0.5322347725524466,0.42835963,0.56201171875,0.23553655,0.2722538,0.49220958,0.4863630845055281,SOTA
D:\uwiqa_dataset\SOTA\SOTA_Dataset\twostep\443.bmp,sota,50.92769045,0.5118007191005421,0.43594435,0.8798828125,0.59152097,0.089636765,0.3188422,0.5083605903498254,SOTA
D:\uwiqa_dataset\SOTA\SOTA_Dataset\waternet\752.bmp,sota,47.71526424,0.4586926225090628,0.47358152,0.359375,0.36935768,0.24980924,0.3808331,0.472340096908933,SOTA
D:\uwiqa_dataset\SOTA\SOTA_Dataset\fusion12\623.bmp,sota,60.46663182,0.669499289135064,0.75186193,0.9931640625,0.6769164,0.11893525,0.2041484,0.5161999472712955,SOTA
D:\uwiqa_dataset\SOTA\SOTA_Dataset\waternet\800.bmp,sota,52.4182496,0.536442766618114,0.5752324,0.8154296875,0.277243,0.31395653,0.40880045,0.5039002665841614,SOTA
D:\uwiqa_dataset\SOTA\SOTA_Dataset\funiegan\387.bmp,sota,51.6691894,0.5240592412532052,0.55726004,0.79931640625,0.34303156,0.26918224,0.38778624,0.5027851856427454,SOTA
D:\uwiqa_dataset\SOTA\SOTA_Dataset\dive\536.bmp,sota,63.02295968,0.711760713377512,0.7821117,0.607421875,0.55262846,0.08596986,0.3614017,0.4895055853404277,SOTA
D:\uwiqa_dataset\SOTA\SOTA_Dataset\waternet\37.bmp,sota,54.97595893,0.5787270294372022,0.5870399,0.6806640625,0.25226933,0.37498125,0.3727494,0.4945741350741368,SOTA
D:\uwiqa_dataset\SOTA\SOTA_Dataset\IBLA\697.bmp,sota,44.58821135,0.4069959247259923,0.63567656,0.95068359375,0.65693086,0.07951761,0.26355147,0.5132601884257442,SOTA
D:\uwiqa_dataset\SOTA\SOTA_Dataset\HP\492.bmp,sota,48.39688284,0.4699611977481339,0.39237648,0.388671875,0.6802911,0.014634983,0.3050739,0.4743675168024166,SOTA
D:\uwiqa_dataset\SOTA\SOTA_Dataset\funiegan\66.bmp,sota,41.13708076,0.349941547522561,0.50077546,0.615234375,0.57768714,0.0972448,0.325068,0.4900462306453567,SOTA
D:\uwiqa_dataset\SOTA\SOTA_Dataset\twostep\449.bmp,sota,62.16290165,0.6975421626791856,0.7268665,0.91064453125,0.41054723,0.07977231,0.5096805,0.5104893812379833,SOTA
D:\uwiqa_dataset\SOTA\SOTA_Dataset\fusion18\192.bmp,sota,62.30447982,0.6998827447302842,0.71475124,0.1422119140625,0.41427445,0.17294541,0.4127801,0.45731184694848565,SOTA
D:\uwiqa_dataset\SOTA\SOTA_Dataset\IBLA\685.bmp,sota,42.61116596,0.3743112463321315,0.44413662,0.93603515625,0.6036907,0.07877307,0.31753623,0.5122464784790024,SOTA
D:\uwiqa_dataset\SOTA\SOTA_Dataset\fusion12\79.bmp,sota,44.01637659,0.3975423050369518,0.49957564,0.92626953125,0.6224804,0.12650488,0.25101477,0.5115706718478412,SOTA
D:\uwiqa_dataset\SOTA\SOTA_Dataset\dive\795.bmp,sota,52.21469134,0.5330775245775589,0.46823916,0.2705078125,0.47517166,0.222895,0.30193335,0.466190256565366,SOTA
D:\uwiqa_dataset\SOTA\SOTA_Dataset\waternet\193.bmp,sota,56.48390973,0.6036565971553036,0.56732523,0.06097412109375,0.5618957,0.19381404,0.24429019,0.4516899805355133,SOTA
D:\uwiqa_dataset\SOTA\SOTA_Dataset\fusion18\548.bmp,sota,67.81956443,0.7910585810082672,0.76176614,0.7490234375,0.5480854,0.14815544,0.30375916,0.49930478149226526,SOTA
D:\uwiqa_dataset\SOTA\SOTA_Dataset\HP\517.bmp,sota,20.50288932,0.0088153829210724,-0.004658553,0.689453125,0.38240004,0.048981406,0.5686185,0.4951823610421819,SOTA
D:\uwiqa_dataset\SOTA\SOTA_Dataset\twostep\321.bmp,sota,47.4092766,0.4536340094612882,0.47053933,0.184814453125,0.2006168,0.3254147,0.47396854,0.4602600533769264,SOTA
D:\uwiqa_dataset\SOTA\SOTA_Dataset\HP\458.bmp,sota,20.50288932,0.0088153829210724,-0.024597805,0.381103515625,0.32540137,0.015505505,0.65909314,0.4738437666632667,SOTA
D:\uwiqa_dataset\SOTA\SOTA_Dataset\dive\211.bmp,sota,48.82767045,0.4770830142527665,0.52459574,0.383056640625,0.44010726,0.25306064,0.30683213,0.4739789279894989,SOTA
D:\uwiqa_dataset\SOTA\SOTA_Dataset\waternet\508.bmp,sota,68.94224713,0.8096188645371402,0.8597443,0.96826171875,0.4967704,0.109060355,0.3941693,0.5144766403618344,SOTA
D:\uwiqa_dataset\SOTA\SOTA_Dataset\dive\689.bmp,sota,72.34809353,0.8659245997549282,0.7464303,0.87841796875,0.42980376,0.13388573,0.43631056,0.5082592193551513,SOTA
D:\uwiqa_dataset\SOTA\SOTA_Dataset\HP\171.bmp,sota,58.44617487,0.6360969272300644,0.67843246,0.287841796875,0.5253607,0.14487804,0.3297612,0.46738981333567714,SOTA
D:\uwiqa_dataset\SOTA\SOTA_Dataset\twostep\340.bmp,sota,50.07758722,0.497746741981619,0.42503977,0.42431640625,0.24409857,0.2503993,0.50550216,0.47683421100615503,SOTA
D:\uwiqa_dataset\SOTA\SOTA_Dataset\ACPAB\399.bmp,sota,50.24700334,0.500547543331423,0.41015217,0.927734375,0.5752289,0.17816557,0.24660558,0.5116720428425153,SOTA
D:\uwiqa_dataset\SOTA\SOTA_Dataset\funiegan\336.bmp,sota,49.33552383,0.4854788884600527,0.35809535,0.91748046875,0.4961967,0.20209475,0.30170855,0.5109624458797961,SOTA
D:\uwiqa_dataset\SOTA\SOTA_Dataset\dive\157.bmp,sota,43.4368544,0.3879615961174385,0.33173877,0.544921875,0.42613348,0.20455682,0.36930975,0.485180422900996,SOTA
D:\uwiqa_dataset\SOTA\SOTA_Dataset\twostep\439.bmp,sota,40.31861526,0.3364106079805152,0.46227932,0.51171875,0.5204127,0.1950175,0.28456986,0.4828826803550479,SOTA
D:\uwiqa_dataset\SOTA\SOTA_Dataset\IBLA\89.bmp,sota,38.8987114,0.3129366395784537,0.31716502,0.486328125,0.34323826,0.29046455,0.36629722,0.48112558311402875,SOTA
D:\uwiqa_dataset\SOTA\SOTA_Dataset\twostep\10.bmp,sota,55.18353054,0.5821586205128861,0.5517946,0.89306640625,0.72949046,0.069390476,0.201119,0.509272929301893,SOTA
D:\uwiqa_dataset\SOTA\SOTA_Dataset\HP\82.bmp,sota,20.92496089,0.0157931051293834,-0.013255742,0.64794921875,0.2871469,0.042010475,0.67084265,0.4923101828597467,SOTA
D:\uwiqa_dataset\SOTA\SOTA_Dataset\fusion18\131.bmp,sota,61.38901801,0.6847482541449611,0.764004,0.9912109375,0.5923612,0.10017938,0.30745935,0.5160647859450632,SOTA
D:\uwiqa_dataset\SOTA\SOTA_Dataset\waternet\527.bmp,sota,49.32530327,0.4853099213142832,0.50458574,0.94140625,0.37082508,0.1677933,0.46138155,0.512618172126141,SOTA
D:\uwiqa_dataset\SOTA\SOTA_Dataset\twostep\158.bmp,sota,50.73216143,0.5085682171217348,0.4809968,0.60205078125,0.27718258,0.29379874,0.42901862,0.489133891693289,SOTA
D:\uwiqa_dataset\SOTA\SOTA_Dataset\waternet\491.bmp,sota,45.06904491,0.4149451050276014,0.45416915,0.7705078125,0.23413563,0.3563528,0.40951157,0.5007915560808199,SOTA
D:\uwiqa_dataset\SOTA\SOTA_Dataset\funiegan\634.bmp,sota,52.92193591,0.5447697504784798,0.5926649,0.89111328125,0.44112408,0.18457577,0.3743001,0.5091377679756608,SOTA
D:\uwiqa_dataset\SOTA\SOTA_Dataset\IBLA\95.bmp,sota,55.15908855,0.5817545435066137,0.55340993,0.78515625,0.4991649,0.18646021,0.3143749,0.5018052660275617,SOTA
D:\uwiqa_dataset\SOTA\SOTA_Dataset\waternet\55.bmp,sota,55.14740003,0.5815613079243492,0.6822237,0.85498046875,0.453563,0.19476475,0.35167226,0.5066372834403644,SOTA
D:\uwiqa_dataset\SOTA\SOTA_Dataset\fusion18\513.bmp,sota,72.40291517,0.8668309156551534,0.73344076,0.45703125,0.42972204,0.11756928,0.45270875,0.4790981632205451,SOTA
D:\uwiqa_dataset\SOTA\SOTA_Dataset\waternet\430.bmp,sota,52.7068042,0.5412131752024455,0.45938343,0.544921875,0.29919675,0.2822773,0.41852593,0.485180422900996,SOTA
D:\uwiqa_dataset\SOTA\SOTA_Dataset\fusion18\636.bmp,sota,62.54662997,0.703885991097721,0.77960104,0.97265625,0.34554562,0.20866759,0.44578683,0.5147807533458569,SOTA
D:\uwiqa_dataset\SOTA\SOTA_Dataset\HP\362.bmp,sota,66.76742124,0.77366446251034,0.7098067,0.26904296875,0.6595238,0.05180461,0.28867155,0.46608888557069184,SOTA
D:\uwiqa_dataset\SOTA\SOTA_Dataset\fusion12\752.bmp,sota,53.92924414,0.5614226536983896,0.6072928,0.267333984375,0.5480227,0.17110126,0.28087607,0.4659706194102386,SOTA
D:\uwiqa_dataset\SOTA\SOTA_Dataset\ACPAB\756.bmp,sota,53.77893486,0.5589377282124791,0.37326694,0.381103515625,0.7206052,0.070297234,0.20909762,0.4738437666632667,SOTA
D:\uwiqa_dataset\SOTA\SOTA_Dataset\ACPAB\205.bmp,sota,39.11187558,0.3164606874853108,0.3763088,0.07318115234375,0.5636276,0.20887306,0.22749938,0.4525347388244648,SOTA
D:\uwiqa_dataset\SOTA\SOTA_Dataset\twostep\758.bmp,sota,61.55099379,0.6874260511766693,0.67168057,0.1766357421875,0.566834,0.15967573,0.2734903,0.4596940653233289,SOTA
D:\uwiqa_dataset\SOTA\SOTA_Dataset\waternet\23.bmp,sota,49.65537583,0.4907667082574692,0.45355415,0.91259765625,0.3310223,0.30137038,0.36760736,0.5106245425642155,SOTA
D:\uwiqa_dataset\SOTA\SOTA_Dataset\HP\283.bmp,sota,29.89377379,0.1640662640026906,0.08700736,0.56982421875,0.51490456,0.08219219,0.40290323,0.48690372981045704,SOTA
D:\uwiqa_dataset\SOTA\SOTA_Dataset\twostep\422.bmp,sota,47.31860685,0.4521350496327526,0.3824424,0.455078125,0.46780556,0.21686098,0.31533346,0.47896300189431285,SOTA
D:\uwiqa_dataset\SOTA\SOTA_Dataset\fusion18\210.bmp,sota,62.37085649,0.7009800893450203,0.65572846,0.3310546875,0.44318324,0.23874415,0.3180726,0.4703802576785655,SOTA
D:\uwiqa_dataset\SOTA\SOTA_Dataset\funiegan\9.bmp,sota,52.49726373,0.5377490347699144,0.48422682,0.91650390625,0.43185776,0.20358448,0.36455783,0.51089486521668,SOTA
D:\uwiqa_dataset\SOTA\SOTA_Dataset\dive\602.bmp,sota,62.20350569,0.6982134320367857,0.7943529,0.91357421875,0.29367208,0.30937496,0.39695293,0.5106921232273316,SOTA
D:\uwiqa_dataset\SOTA\SOTA_Dataset\waternet\239.bmp,sota,57.81154575,0.6256051859723794,0.5237738,0.195556640625,0.37978828,0.20494804,0.41526365,0.46100344067120375,SOTA
D:\uwiqa_dataset\SOTA\SOTA_Dataset\HP\253.bmp,sota,22.02413591,0.0339647577424099,0.007051735,0.69921875,0.45163953,0.04272961,0.5056309,0.49585816767334306,SOTA
D:\uwiqa_dataset\SOTA\SOTA_Dataset\HP\148.bmp,sota,34.44561017,0.2393176006357738,0.32149234,0.68408203125,0.5724542,0.06791266,0.35963315,0.4948106673950432,SOTA
D:\uwiqa_dataset\SOTA\SOTA_Dataset\IBLA\180.bmp,sota,47.66997112,0.4579438328919187,0.639333,0.10089111328125,0.41558388,0.24342184,0.34099424,0.45445234014038477,SOTA
D:\uwiqa_dataset\SOTA\SOTA_Dataset\fusion18\424.bmp,sota,57.58652817,0.62188517667342,0.62858564,0.61865234375,0.53689677,0.062219612,0.40088356,0.4902827629662631,SOTA
D:\uwiqa_dataset\SOTA\SOTA_Dataset\dive\489.bmp,sota,42.77143037,0.3769607508530326,0.54786617,0.86865234375,0.37870622,0.3625206,0.25877318,0.5075834127239901,SOTA
D:\uwiqa_dataset\SOTA\SOTA_Dataset\HP\335.bmp,sota,33.19713744,0.2186777458959919,0.26800656,0.273681640625,0.54756296,0.02019673,0.4322403,0.4664098937204934,SOTA
D:\uwiqa_dataset\SOTA\SOTA_Dataset\fusion18\502.bmp,sota,69.79914511,0.8237851730267236,0.8462526,0.5390625,0.50939095,0.08351402,0.40709504,0.4847749389222993,SOTA
D:\uwiqa_dataset\SOTA\SOTA_Dataset\HP\634.bmp,sota,24.48410559,0.0746331805596769,0.012249171,0.82666015625,0.16556649,0.03465048,0.79978305,0.5046774442099968,SOTA
D:\uwiqa_dataset\SOTA\SOTA_Dataset\HP\675.bmp,sota,29.14256765,0.1516472617796847,0.08748997,0.11920166015625,0.6231135,0.07708405,0.29980236,0.45571947757381204,SOTA
D:\uwiqa_dataset\SOTA\SOTA_Dataset\fusion12\587.bmp,sota,59.24128192,0.6492417029390031,0.6864717,0.9736328125,0.4867699,0.20522904,0.308001,0.514848334008973,SOTA
D:\uwiqa_dataset\SOTA\SOTA_Dataset\dive\181.bmp,sota,53.97005569,0.5620973536285238,0.5952849,0.08331298828125,0.4293909,0.24210925,0.32849985,0.45323588820429456,SOTA
D:\uwiqa_dataset\SOTA\SOTA_Dataset\ACPAB\158.bmp,sota,65.52493195,0.7531235264969961,0.7922292,0.403564453125,0.6660439,0.080788694,0.2531674,0.47539812191493747,SOTA
D:\uwiqa_dataset\SOTA\SOTA_Dataset\twostep\178.bmp,sota,61.44520519,0.6856771452657451,0.46509886,0.453369140625,0.68018484,0.063373536,0.25644168,0.47884473573385966,SOTA
D:\uwiqa_dataset\SOTA\SOTA_Dataset\fusion12\179.bmp,sota,51.67103237,0.5240897093861293,0.5493396,0.1104736328125,0.62711936,0.100977615,0.2719031,0.4551154753972117,SOTA
D:\uwiqa_dataset\SOTA\SOTA_Dataset\funiegan\499.bmp,sota,42.61173302,0.3743206210150922,0.46550822,0.658203125,0.32399198,0.24137135,0.43463665,0.49301977982246603,SOTA
D:\uwiqa_dataset\SOTA\SOTA_Dataset\funiegan\538.bmp,sota,62.52524411,0.7035324382861308,0.6985043,0.806640625,0.6456506,0.040042493,0.31430689,0.5032920406161163,SOTA
D:\uwiqa_dataset\SOTA\SOTA_Dataset\waternet\703.bmp,sota,52.10315048,0.531233521827134,0.52413964,0.449462890625,0.3122585,0.23959325,0.44814822,0.47857441308139514,SOTA
D:\uwiqa_dataset\SOTA\SOTA_Dataset\HP\730.bmp,sota,22.38953284,0.0400055301007795,-0.00035422575,0.61865234375,0.3843155,0.05144836,0.5642361,0.4902827629662631,SOTA
D:\uwiqa_dataset\SOTA\SOTA_Dataset\fusion18\528.bmp,sota,58.05865352,0.629690392124917,0.6165386,0.4609375,0.40855524,0.22379392,0.36765084,0.47936848587300956,SOTA
D:\uwiqa_dataset\SOTA\SOTA_Dataset\HP\286.bmp,sota,34.61111053,0.2420536663164247,0.17166445,0.33642578125,0.6576008,0.07229833,0.27010086,0.4707519513257042,SOTA
D:\uwiqa_dataset\SOTA\SOTA_Dataset\ACPAB\711.bmp,sota,59.56169577,0.6545388112872282,0.5129254,0.2294921875,0.5742432,0.1269381,0.2988187,0.4633518687144889,SOTA
D:\uwiqa_dataset\SOTA\SOTA_Dataset\dive\141.bmp,sota,56.67094033,0.6067486025496819,0.6541006,0.85400390625,0.49713776,0.13996308,0.36289915,0.5065697027772482,SOTA
D:\uwiqa_dataset\SOTA\SOTA_Dataset\twostep\459.bmp,sota,41.74695406,0.3600240235103796,0.42031193,0.273681640625,0.3610431,0.26064837,0.37830856,0.4664098937204934,SOTA
D:\uwiqa_dataset\SOTA\SOTA_Dataset\waternet\539.bmp,sota,50.14467718,0.4988558787658064,0.55425835,0.8984375,0.31866923,0.2389201,0.44241068,0.5096446229490318,SOTA
D:\uwiqa_dataset\SOTA\SOTA_Dataset\dive\695.bmp,sota,47.16593006,0.4496109842751246,0.53156483,0.7578125,0.46063003,0.16313685,0.37623307,0.4999130074603103,SOTA
D:\uwiqa_dataset\SOTA\SOTA_Dataset\funiegan\729.bmp,sota,39.89185264,0.3293553329444568,0.33411485,0.67041015625,0.20575304,0.26637417,0.5278728,0.4938645381114175,SOTA
D:\uwiqa_dataset\SOTA\SOTA_Dataset\IBLA\179.bmp,sota,56.37998285,0.6019384693538588,0.644423,0.05877685546875,0.51515704,0.22767125,0.25717166,0.45153792404350207,SOTA
D:\uwiqa_dataset\SOTA\SOTA_Dataset\ACPAB\356.bmp,sota,57.30868008,0.6172917690005703,0.5053148,0.6669921875,0.78138715,0.051038872,0.16757394,0.4936280057905111,SOTA
D:\uwiqa_dataset\SOTA\SOTA_Dataset\fusion12\452.bmp,sota,46.34808232,0.4360902575926453,0.5116358,0.52734375,0.39993295,0.22746667,0.37260038,0.4839639709649058,SOTA
D:\uwiqa_dataset\SOTA\SOTA_Dataset\fusion12\605.bmp,sota,54.44118157,0.5698860457590694,0.65277815,0.95654296875,0.38297853,0.20234783,0.41467363,0.5136656724044409,SOTA
D:\uwiqa_dataset\SOTA\SOTA_Dataset\dive\675.bmp,sota,51.22608387,0.5167337838732958,0.48787576,0.0869140625,0.456657,0.16070606,0.38263693,0.4534850918995353,SOTA
D:\uwiqa_dataset\SOTA\SOTA_Dataset\HP\751.bmp,sota,56.60148464,0.6056003553208849,0.74086726,0.1302490234375,0.5317462,0.17465954,0.29359433,0.45648398382531313,SOTA
D:\uwiqa_dataset\SOTA\SOTA_Dataset\HP\301.bmp,sota,26.71643658,0.1115382616700295,0.19331335,0.2281494140625,0.5479389,0.10777601,0.34428507,0.4632589453027043,SOTA
D:\uwiqa_dataset\SOTA\SOTA_Dataset\ACPAB\577.bmp,sota,67.51796036,0.7860724375033731,0.6089158,0.8916015625,0.56917995,0.08443688,0.34638312,0.5091715583072189,SOTA
D:\uwiqa_dataset\SOTA\SOTA_Dataset\fusion18\323.bmp,sota,54.07258921,0.5637924462868619,0.5041159,0.73583984375,0.45380896,0.17766552,0.3685255,0.4983924425401976,SOTA
D:\uwiqa_dataset\SOTA\SOTA_Dataset\funiegan\615.bmp,sota,53.37099322,0.5521936031790808,0.64687306,0.83203125,0.4143734,0.14184935,0.4437772,0.5050491378571356,SOTA
D:\uwiqa_dataset\SOTA\SOTA_Dataset\IBLA\352.bmp,sota,35.36313811,0.2544862486536534,0.26972073,0.1871337890625,0.50932914,0.13812615,0.3525447,0.4604205574518272,SOTA
D:\uwiqa_dataset\SOTA\SOTA_Dataset\HP\339.bmp,sota,37.02402177,0.281944115099865,0.095334776,0.437744140625,0.5757941,0.047182925,0.37702295,0.4777634451240017,SOTA
D:\uwiqa_dataset\SOTA\SOTA_Dataset\funiegan\24.bmp,sota,46.52631724,0.4390368520756153,0.41607264,0.8955078125,0.39855674,0.2635174,0.33792588,0.5094418809596833,SOTA
D:\uwiqa_dataset\SOTA\SOTA_Dataset\funiegan\217.bmp,sota,63.62101592,0.7216478287491228,0.6667229,0.1268310546875,0.4977224,0.16207117,0.34020644,0.4562474515044067,SOTA
D:\uwiqa_dataset\SOTA\SOTA_Dataset\HP\320.bmp,sota,24.97664724,0.082775919976414,0.05773993,0.373779296875,0.49197474,0.07175691,0.4362684,0.4733369116898958,SOTA
D:\uwiqa_dataset\SOTA\SOTA_Dataset\twostep\339.bmp,sota,63.03078535,0.7118900880031328,0.4270218,0.546875,0.58141243,0.12470858,0.293879,0.4853155842272282,SOTA
D:\uwiqa_dataset\SOTA\SOTA_Dataset\ACPAB\69.bmp,sota,29.91297735,0.1643837388496475,0.15963706,0.88720703125,0.6366956,0.11798878,0.24531555,0.5088674453231964,SOTA
D:\uwiqa_dataset\SOTA\SOTA_Dataset\IBLA\338.bmp,sota,47.1300136,0.4490172103789441,0.30054823,0.9765625,0.43018588,0.12503181,0.44478232,0.5150510759983215,SOTA
D:\uwiqa_dataset\SOTA\SOTA_Dataset\HP\19.bmp,sota,26.49728417,0.107915215848057,0.07605502,0.873046875,0.51675725,0.039294016,0.44394875,0.5078875257080127,SOTA
D:\uwiqa_dataset\SOTA\SOTA_Dataset\HP\753.bmp,sota,51.64546142,0.5236669683194836,0.620025,0.161376953125,0.72224784,0.073266126,0.20448606,0.4586381174621395,SOTA
D:\uwiqa_dataset\SOTA\SOTA_Dataset\fusion12\748.bmp,sota,56.90654567,0.6106436495752722,0.7152036,0.94287109375,0.53778607,0.09126619,0.37094772,0.5127195431208152,SOTA
D:\uwiqa_dataset\SOTA\SOTA_Dataset\fusion12\366.bmp,sota,27.29270374,0.1210651581635609,0.12697124,0.62060546875,0.5254128,0.089095324,0.38549188,0.49041792429249537,SOTA
D:\uwiqa_dataset\SOTA\SOTA_Dataset\funiegan\54.bmp,sota,68.02087782,0.7943867106717585,0.8448203,0.9287109375,0.47359237,0.06641853,0.45998916,0.5117396235056315,SOTA
D:\uwiqa_dataset\SOTA\SOTA_Dataset\fusion12\385.bmp,sota,61.59201229,0.6881041724213711,0.6695416,0.92138671875,0.5222996,0.09973535,0.37796503,0.5112327685322606,SOTA
D:\uwiqa_dataset\SOTA\SOTA_Dataset\dive\725.bmp,sota,65.18195863,0.7474534631193037,0.65653175,0.5234375,0.5537193,0.11403086,0.33224985,0.4836936483124413,SOTA
D:\uwiqa_dataset\SOTA\SOTA_Dataset\fusion12\207.bmp,sota,40.81134738,0.3445564962630928,0.17536792,0.363037109375,0.5397019,0.15745753,0.30284056,0.47259352439561847,SOTA
D:\uwiqa_dataset\SOTA\SOTA_Dataset\ACPAB\147.bmp,sota,38.95959072,0.3139431015469555,0.4706527,0.73095703125,0.5515571,0.17590098,0.2725419,0.498054539224617,SOTA
D:\uwiqa_dataset\SOTA\SOTA_Dataset\ACPAB\573.bmp,sota,61.40735827,0.6850514568447028,0.6360106,0.7490234375,0.6318788,0.0962387,0.27188253,0.49930478149226526,SOTA
D:\uwiqa_dataset\SOTA\SOTA_Dataset\funiegan\246.bmp,sota,77.72655506,0.9548417719407432,0.76274407,0.3056640625,0.5077919,0.11154999,0.38065806,0.46862316043754637,SOTA
D:\uwiqa_dataset\SOTA\SOTA_Dataset\dive\599.bmp,sota,61.18930233,0.6814465379557281,0.6707666,0.75048828125,0.34978122,0.27924365,0.37097508,0.4994061524869394,SOTA
D:\uwiqa_dataset\SOTA\SOTA_Dataset\fusion12\516.bmp,sota,45.87894311,0.4283344092553444,0.43092382,0.1943359375,0.4120186,0.25973967,0.32824174,0.4609189648423086,SOTA
D:\uwiqa_dataset\SOTA\SOTA_Dataset\waternet\700.bmp,sota,54.77414566,0.5753906357160834,0.5654423,0.264404296875,0.41294485,0.28558427,0.30147085,0.46576787742089026,SOTA
D:\uwiqa_dataset\SOTA\SOTA_Dataset\twostep\32.bmp,sota,28.57343447,0.1422383048353146,0.15993287,0.98779296875,0.5150215,0.021232395,0.4637461,0.5158282536241567,SOTA
D:\uwiqa_dataset\SOTA\SOTA_Dataset\funiegan\62.bmp,sota,56.52743489,0.6043761587110661,0.5645305,0.79443359375,0.60378236,0.07585294,0.32036465,0.5024472823271648,SOTA
D:\uwiqa_dataset\SOTA\SOTA_Dataset\fusion12\200.bmp,sota,47.54236952,0.4558343126554905,0.47306997,0.57177734375,0.5154832,0.21583243,0.2686844,0.4870388911366893,SOTA
D:\uwiqa_dataset\SOTA\SOTA_Dataset\waternet\274.bmp,sota,56.48689044,0.6037058745002893,0.58726585,0.282958984375,0.4503112,0.21854852,0.33114028,0.46705191002009655,SOTA
D:\uwiqa_dataset\SOTA\SOTA_Dataset\twostep\572.bmp,sota,39.16325138,0.3173100364728053,0.10770876,0.98681640625,0.62805015,0.06184828,0.31010157,0.5157606729610407,SOTA
D:\uwiqa_dataset\SOTA\SOTA_Dataset\ACPAB\417.bmp,sota,55.86958495,0.593500528930851,0.60578847,0.390380859375,0.5532566,0.08408476,0.36265874,0.47448578296286986,SOTA
D:\uwiqa_dataset\SOTA\SOTA_Dataset\fusion12\789.bmp,sota,21.36415675,0.0230539275205249,0.082936905,0.56005859375,0.6693238,0.081490666,0.24918556,0.48622792317929586,SOTA
D:\uwiqa_dataset\SOTA\SOTA_Dataset\funiegan\295.bmp,sota,47.01370714,0.4470944223339876,0.35127383,0.763671875,0.3426322,0.23328424,0.42408356,0.5003184914390071,SOTA
D:\uwiqa_dataset\SOTA\SOTA_Dataset\fusion12\550.bmp,sota,61.29799956,0.6832435295790987,0.6908364,0.86328125,0.44791684,0.119034626,0.43304858,0.5072117190768514,SOTA
D:\uwiqa_dataset\SOTA\SOTA_Dataset\ACPAB\629.bmp,sota,62.31621013,0.7000766711882956,0.8360628,0.6943359375,0.48796952,0.12937911,0.38265133,0.4955202643577625,SOTA
D:\uwiqa_dataset\SOTA\SOTA_Dataset\HP\779.bmp,sota,24.78802518,0.0796576044332957,0.085484214,0.953125,0.26483527,0.06311963,0.6720452,0.5134291400835345,SOTA
D:\uwiqa_dataset\SOTA\SOTA_Dataset\HP\499.bmp,sota,20.50288932,0.0088153829210724,-0.013698869,0.3720703125,0.22718826,0.07340801,0.6994038,0.4732186455294426,SOTA
D:\uwiqa_dataset\SOTA\SOTA_Dataset\fusion12\199.bmp,sota,51.61987989,0.5232440523434003,0.47956353,0.5869140625,0.46568725,0.2543884,0.27992433,0.48808639141498916,SOTA
D:\uwiqa_dataset\SOTA\SOTA_Dataset\IBLA\591.bmp,sota,55.51903173,0.5877051540175658,0.46023473,0.302490234375,0.45737955,0.22537138,0.3172491,0.46840352328241897,SOTA
D:\uwiqa_dataset\SOTA\SOTA_Dataset\HP\45.bmp,sota,54.44294574,0.5699152111638567,0.76947904,0.732421875,0.6227028,0.072104774,0.30519247,0.4981559102192912,SOTA
D:\uwiqa_dataset\SOTA\SOTA_Dataset\ACPAB\514.bmp,sota,68.58139072,0.8036531564320708,0.7150348,0.537109375,0.52795404,0.15555628,0.31648964,0.484639777596067,SOTA
D:\uwiqa_dataset\SOTA\SOTA_Dataset\funiegan\374.bmp,sota,46.98690088,0.4466512590199464,0.6000448,0.74169921875,0.5494481,0.05882736,0.39172456,0.4987979265188943,SOTA
D:\uwiqa_dataset\SOTA\SOTA_Dataset\waternet\84.bmp,sota,53.76226884,0.5586622041873045,0.61683834,0.7490234375,0.35705784,0.2923971,0.35054502,0.49930478149226526,SOTA
D:\uwiqa_dataset\SOTA\SOTA_Dataset\twostep\632.bmp,sota,32.64815417,0.2096019089352836,0.1112823,0.7919921875,0.44469243,0.07971352,0.47559407,0.5022783306693746,SOTA
D:\uwiqa_dataset\SOTA\SOTA_Dataset\funiegan\141.bmp,sota,54.34582009,0.5683095218609697,0.58140004,0.92529296875,0.43858635,0.17173126,0.38968244,0.511503091184725,SOTA
D:\uwiqa_dataset\SOTA\SOTA_Dataset\dive\162.bmp,sota,57.06924724,0.6133334454274686,0.5880616,0.10968017578125,0.6807807,0.07653829,0.24268098,0.4550605661084298,SOTA
D:\uwiqa_dataset\SOTA\SOTA_Dataset\IBLA\649.bmp,sota,45.74652498,0.4261452617453994,0.6025719,0.61865234375,0.54220665,0.16554767,0.2922457,0.4902827629662631,SOTA
D:\uwiqa_dataset\SOTA\SOTA_Dataset\HP\5.bmp,sota,25.03933959,0.0838123551072764,0.08040075,0.85205078125,0.5286599,0.007946936,0.46339324,0.506434541451016,SOTA
D:\uwiqa_dataset\SOTA\SOTA_Dataset\IBLA\493.bmp,sota,47.7205238,0.4587795739912911,0.37851653,0.93408203125,0.34383565,0.2458572,0.41030714,0.5121113171527701,SOTA
D:\uwiqa_dataset\SOTA\SOTA_Dataset\IBLA\519.bmp,sota,60.58319861,0.6714263809771761,0.5521711,0.96142578125,0.6622756,0.036329098,0.3013953,0.5140035757200215,SOTA
D:\uwiqa_dataset\SOTA\SOTA_Dataset\ACPAB\696.bmp,sota,25.43288002,0.0903183981422982,0.035412174,0.607421875,0.62375015,0.054480698,0.32176915,0.4895055853404277,SOTA
D:\uwiqa_dataset\SOTA\SOTA_Dataset\IBLA\442.bmp,sota,38.08391244,0.2994663155798467,0.3737001,0.62255859375,0.5056632,0.2068801,0.28745663,0.49055308561872757,SOTA
D:\uwiqa_dataset\SOTA\SOTA_Dataset\funiegan\369.bmp,sota,74.01718733,0.8935181969166943,0.82879496,0.138427734375,0.51946837,0.09432023,0.38621148,0.45704997187891067,SOTA
D:\uwiqa_dataset\SOTA\SOTA_Dataset\funiegan\316.bmp,sota,62.12363508,0.6968930044865758,0.6624062,0.08270263671875,0.48455867,0.14866309,0.36677825,0.453193650289847,SOTA
D:\uwiqa_dataset\SOTA\SOTA_Dataset\waternet\650.bmp,sota,38.7001911,0.3096546855105438,0.3897133,0.82666015625,0.36023116,0.28128487,0.35848397,0.5046774442099968,SOTA
D:\uwiqa_dataset\SOTA\SOTA_Dataset\ACPAB\596.bmp,sota,50.69710718,0.5079886973527993,0.704252,0.73095703125,0.38905922,0.2121154,0.3988254,0.498054539224617,SOTA
D:\uwiqa_dataset\SOTA\SOTA_Dataset\fusion12\121.bmp,sota,56.65745597,0.606525677991563,0.7882639,0.5849609375,0.48024377,0.20406532,0.31569088,0.48795123008875696,SOTA
D:\uwiqa_dataset\SOTA\SOTA_Dataset\fusion12\180.bmp,sota,52.63042359,0.5399504446217496,0.65526634,0.1259765625,0.46853656,0.22054587,0.31091762,0.4561883184241801,SOTA
D:\uwiqa_dataset\SOTA\SOTA_Dataset\ACPAB\82.bmp,sota,55.22042953,0.5827686376765326,0.4226166,0.3173828125,0.46430764,0.19961628,0.33607608,0.4694341283949398,SOTA
D:\uwiqa_dataset\SOTA\SOTA_Dataset\HP\160.bmp,sota,21.59795625,0.0269191202494311,0.08772843,0.267333984375,0.41855285,0.054487087,0.5269601,0.4659706194102386,SOTA
D:\uwiqa_dataset\SOTA\SOTA_Dataset\twostep\616.bmp,sota,26.8153766,0.1131739462882679,0.101344824,0.908203125,0.27379212,0.076169804,0.65003806,0.510320429580193,SOTA
D:\uwiqa_dataset\SOTA\SOTA_Dataset\ACPAB\630.bmp,sota,57.80340175,0.6254705486887915,0.7025888,0.994140625,0.61167175,0.08322139,0.30510685,0.5162675279344116,SOTA
D:\uwiqa_dataset\SOTA\SOTA_Dataset\fusion18\118.bmp,sota,75.67555068,0.9209343973889128,0.8811356,0.71875,0.5091987,0.10758611,0.38321513,0.4972097809356655,SOTA
D:\uwiqa_dataset\SOTA\SOTA_Dataset\fusion18\411.bmp,sota,38.21276734,0.3015965554758427,0.17492078,0.42431640625,0.7397418,0.06363747,0.19662075,0.47683421100615503,SOTA
D:\uwiqa_dataset\SOTA\SOTA_Dataset\fusion18\139.bmp,sota,66.08512524,0.7623846884382749,0.64289665,0.8017578125,0.31905347,0.3103391,0.37060744,0.5029541373005357,SOTA
D:\uwiqa_dataset\SOTA\SOTA_Dataset\waternet\472.bmp,sota,51.88858446,0.5276862985851067,0.42948934,0.190673828125,0.44217584,0.3382262,0.219598,0.4606655373556231,SOTA
D:\uwiqa_dataset\SOTA\SOTA_Dataset\HP\174.bmp,sota,22.27972089,0.0381901098338969,0.17512995,0.265869140625,0.6991172,0.028603582,0.2722792,0.46586924841556443,SOTA
D:\uwiqa_dataset\SOTA\SOTA_Dataset\HP\374.bmp,sota,32.83164407,0.2126353791835422,0.29573777,0.5078125,0.535245,0.093873784,0.37088123,0.48261235770258337,SOTA
D:\uwiqa_dataset\SOTA\SOTA_Dataset\twostep\423.bmp,sota,36.76536732,0.2776680182757092,0.23242605,0.67919921875,0.51076555,0.121072754,0.36816168,0.4944727640794626,SOTA
D:\uwiqa_dataset\SOTA\SOTA_Dataset\waternet\570.bmp,sota,45.41831501,0.420719267294605,0.43147656,0.962890625,0.39491063,0.24837168,0.35671774,0.5141049467146958,SOTA
D:\uwiqa_dataset\SOTA\SOTA_Dataset\fusion18\498.bmp,sota,62.07158688,0.696032539326502,0.78108776,0.341552734375,0.55471635,0.08107728,0.36420634,0.4711067498070638,SOTA
D:\uwiqa_dataset\SOTA\SOTA_Dataset\funiegan\711.bmp,sota,54.04392893,0.56331863216038,0.3377101,0.4072265625,0.47135082,0.18348669,0.3451625,0.4756515494016229,SOTA
D:\uwiqa_dataset\SOTA\SOTA_Dataset\funiegan\84.bmp,sota,55.0657367,0.5802112429783837,0.5970387,0.75927734375,0.45671502,0.2708032,0.27248177,0.5000143784549845,SOTA
D:\uwiqa_dataset\SOTA\SOTA_Dataset\twostep\482.bmp,sota,47.99366783,0.4632952137539943,0.6261403,0.1800537109375,0.6276497,0.07370794,0.29864237,0.45993059764423533,SOTA
D:\uwiqa_dataset\SOTA\SOTA_Dataset\IBLA\763.bmp,sota,35.32848445,0.2539133514718288,0.15926434,0.341552734375,0.661739,0.08204357,0.25621742,0.4711067498070638,SOTA
D:\uwiqa_dataset\SOTA\SOTA_Dataset\fusion18\519.bmp,sota,65.78766165,0.7574669956922156,0.818461,0.9248046875,0.35638732,0.09018522,0.55342746,0.511469300853167,SOTA
D:\uwiqa_dataset\SOTA\SOTA_Dataset\fusion18\297.bmp,sota,52.87984285,0.5440738645187176,0.5414494,0.299072265625,0.38513246,0.3155,0.29936755,0.46816699096151254,SOTA
D:\uwiqa_dataset\SOTA\SOTA_Dataset\fusion12\787.bmp,sota,26.5538923,0.1088510661491611,0.22264265,0.80322265625,0.47180808,0.20916462,0.3190273,0.50305550829521,SOTA
D:\uwiqa_dataset\SOTA\SOTA_Dataset\waternet\474.bmp,sota,53.14310032,0.5484260588513583,0.51068354,0.81396484375,0.45669064,0.24874696,0.2945624,0.5037988955894873,SOTA
D:\uwiqa_dataset\SOTA\SOTA_Dataset\HP\739.bmp,sota,23.746556,0.0624399495541541,0.029211141,0.94873046875,0.36512038,0.049580086,0.5852995,0.513125027099512,SOTA
D:\uwiqa_dataset\SOTA\SOTA_Dataset\IBLA\496.bmp,sota,52.30529379,0.5345753717969116,0.60103655,0.63330078125,0.39455938,0.20391361,0.401527,0.49129647291300493,SOTA
D:\uwiqa_dataset\SOTA\SOTA_Dataset\ACPAB\709.bmp,sota,57.1273135,0.6142934016546924,0.5988145,0.22265625,0.47541606,0.19006196,0.33452192,0.46287880407267606,SOTA
D:\uwiqa_dataset\SOTA\SOTA_Dataset\fusion12\208.bmp,sota,61.12407084,0.6803681255517509,0.6676196,0.422607421875,0.5947559,0.059896916,0.3453472,0.47671594484570184,SOTA
D:\uwiqa_dataset\SOTA\SOTA_Dataset\IBLA\754.bmp,sota,41.28961932,0.352463327650362,0.399693,0.097412109375,0.5342933,0.21796094,0.24774577,0.4542115840280336,SOTA
D:\uwiqa_dataset\SOTA\SOTA_Dataset\twostep\495.bmp,sota,34.26500793,0.236331869422182,0.37130615,0.77197265625,0.48228478,0.16928604,0.34842917,0.500892927075494,SOTA
D:\uwiqa_dataset\SOTA\SOTA_Dataset\waternet\215.bmp,sota,57.16931329,0.6149877456670771,0.5743448,0.32080078125,0.3403158,0.3357578,0.3239264,0.46967066071584623,SOTA
D:\uwiqa_dataset\SOTA\SOTA_Dataset\HP\93.bmp,sota,21.71284929,0.028818541517697,-0.0036920654,0.83203125,0.24319395,0.0461032,0.7107029,0.5050491378571356,SOTA
D:\uwiqa_dataset\SOTA\SOTA_Dataset\dive\149.bmp,sota,53.3848044,0.5524219307525511,0.6348727,0.68603515625,0.42767608,0.24216864,0.33015522,0.49494582872127546,SOTA
D:\uwiqa_dataset\SOTA\SOTA_Dataset\waternet\62.bmp,sota,55.20692915,0.5825454482744447,0.6009395,0.74755859375,0.4240106,0.23262006,0.34336936,0.49920341049759104,SOTA
D:\uwiqa_dataset\SOTA\SOTA_Dataset\dive\114.bmp,sota,54.95539075,0.5783869945792028,0.6091528,0.341552734375,0.45937616,0.19573022,0.34489366,0.4711067498070638,SOTA
D:\uwiqa_dataset\SOTA\SOTA_Dataset\HP\28.bmp,sota,50.31505644,0.5016726028259879,0.5599992,0.7041015625,0.43034488,0.14625771,0.42339742,0.4961960709889237,SOTA
D:\uwiqa_dataset\SOTA\SOTA_Dataset\funiegan\690.bmp,sota,56.07830249,0.596951064616356,0.6070319,0.8896484375,0.44268608,0.19058658,0.3667273,0.5090363969809867,SOTA
D:\uwiqa_dataset\SOTA\SOTA_Dataset\ACPAB\33.bmp,sota,56.24377165,0.5996866144960188,0.5762668,0.927734375,0.62837416,0.1013685,0.27025735,0.5116720428425153,SOTA
D:\uwiqa_dataset\SOTA\SOTA_Dataset\dive\555.bmp,sota,51.47937764,0.5209212574909949,0.5615413,0.5927734375,0.53837,0.15250851,0.30912152,0.4884918753936859,SOTA
D:\uwiqa_dataset\SOTA\SOTA_Dataset\fusion12\267.bmp,sota,34.02658248,0.2323902001041287,0.24844617,0.1339111328125,0.5695599,0.1005291,0.32991093,0.4567374113119986,SOTA
D:\uwiqa_dataset\SOTA\SOTA_Dataset\dive\568.bmp,sota,40.2437915,0.3351736153731682,0.39681,0.75048828125,0.60906154,0.11854226,0.2723962,0.4994061524869394,SOTA
D:\uwiqa_dataset\SOTA\SOTA_Dataset\dive\543.bmp,sota,65.39011532,0.7508947267860832,0.8464471,0.84912109375,0.38382763,0.18545814,0.43071425,0.5062317994616676,SOTA
D:\uwiqa_dataset\SOTA\SOTA_Dataset\funiegan\12.bmp,sota,45.140358,0.4161240589472797,0.36778742,0.97412109375,0.6466193,0.115187675,0.23819304,0.5148821243405312,SOTA
D:\uwiqa_dataset\SOTA\SOTA_Dataset\funiegan\744.bmp,sota,64.97433786,0.7440210593264219,0.59558344,0.70751953125,0.527772,0.17094812,0.30127984,0.4964326033098301,SOTA
D:\uwiqa_dataset\SOTA\SOTA_Dataset\dive\584.bmp,sota,46.96733387,0.4463277755874393,0.4897334,0.3701171875,0.5068253,0.13584056,0.3573341,0.47308348420321034,SOTA
D:\uwiqa_dataset\SOTA\SOTA_Dataset\twostep\427.bmp,sota,50.59651364,0.5063256766047526,0.43113187,0.9736328125,0.5825818,0.08387441,0.33354384,0.514848334008973,SOTA
D:\uwiqa_dataset\SOTA\SOTA_Dataset\funiegan\683.bmp,sota,51.29838563,0.5179290825674295,0.5616839,0.79443359375,0.5733765,0.15765977,0.26896375,0.5024472823271648,SOTA
D:\uwiqa_dataset\SOTA\SOTA_Dataset\dive\159.bmp,sota,43.96380823,0.3966732405486081,0.48200816,0.06756591796875,0.69429654,0.045037225,0.26066628,0.4521461500115471,SOTA
D:\uwiqa_dataset\SOTA\SOTA_Dataset\ACPAB\174.bmp,sota,43.28745373,0.3854916918474221,0.42011005,0.29248046875,0.7782922,0.042975962,0.17873186,0.4677108214854787,SOTA
D:\uwiqa_dataset\SOTA\SOTA_Dataset\twostep\671.bmp,sota,55.90793368,0.5941345133164414,0.563586,0.90869140625,0.582626,0.044211853,0.37316218,0.510354219911751,SOTA
D:\uwiqa_dataset\SOTA\SOTA_Dataset\IBLA\785.bmp,sota,28.08248541,0.1341218942485713,0.13905227,0.1778564453125,0.48352724,0.17437279,0.34209993,0.45977854115222405,SOTA
D:\uwiqa_dataset\SOTA\SOTA_Dataset\fusion12\39.bmp,sota,55.57745548,0.5886710202991252,0.55598015,0.9990234375,0.46865577,0.096938476,0.43440577,0.5166054312499921,SOTA
D:\uwiqa_dataset\SOTA\SOTA_Dataset\twostep\718.bmp,sota,46.55718065,0.4395470885300185,0.4088393,0.25390625,0.540215,0.122076,0.337709,0.465041385292392,SOTA
D:\uwiqa_dataset\SOTA\SOTA_Dataset\IBLA\76.bmp,sota,45.46692446,0.4215228827544163,0.5054456,0.37939453125,0.47131538,0.24043712,0.28824747,0.4737255005028135,SOTA
D:\uwiqa_dataset\SOTA\SOTA_Dataset\HP\475.bmp,sota,53.67620379,0.5572393696411533,0.56095433,0.29248046875,0.51162237,0.072572194,0.41580543,0.4677108214854787,SOTA
D:\uwiqa_dataset\SOTA\SOTA_Dataset\twostep\436.bmp,sota,49.77330165,0.4927162676962803,0.4345882,0.548828125,0.39256358,0.17036842,0.43706802,0.48545074555346046,SOTA
D:\uwiqa_dataset\SOTA\SOTA_Dataset\waternet\765.bmp,sota,49.81741829,0.4934456076484691,0.4426051,0.5869140625,0.44886863,0.2228244,0.32830697,0.48808639141498916,SOTA
D:\uwiqa_dataset\SOTA\SOTA_Dataset\fusion18\251.bmp,sota,42.19547828,0.367439063122878,0.5756383,0.19677734375,0.3828477,0.2731474,0.3440049,0.4610879165000989,SOTA
D:\uwiqa_dataset\SOTA\SOTA_Dataset\dive\118.bmp,sota,65.20436973,0.747823965283623,0.7542602,0.638671875,0.3061281,0.2847718,0.40910006,0.49166816656014356,SOTA
D:\uwiqa_dataset\SOTA\SOTA_Dataset\twostep\220.bmp,sota,41.08302732,0.349047931568462,0.30394924,0.1993408203125,0.4584569,0.26047304,0.28107,0.46126531574077867,SOTA
D:\uwiqa_dataset\SOTA\SOTA_Dataset\funiegan\642.bmp,sota,63.09240229,0.7129087443666641,0.60998666,0.8896484375,0.42885268,0.19884925,0.37229806,0.5090363969809867,SOTA
D:\uwiqa_dataset\SOTA\SOTA_Dataset\twostep\363.bmp,sota,50.30556973,0.5015157677492952,0.5464755,0.2017822265625,0.50978863,0.09535643,0.3948549,0.461434267398569,SOTA
D:\uwiqa_dataset\SOTA\SOTA_Dataset\dive\201.bmp,sota,55.4750298,0.586977710460613,0.6301414,0.203125,0.39938787,0.2980274,0.3025848,0.46152719081035365,SOTA
D:\uwiqa_dataset\SOTA\SOTA_Dataset\IBLA\736.bmp,sota,38.89809626,0.3129264700329445,0.4418254,0.27978515625,0.5460942,0.17573015,0.27817565,0.46683227286496914,SOTA
D:\uwiqa_dataset\SOTA\SOTA_Dataset\fusion18\646.bmp,sota,60.01754486,0.6620749462582033,0.6942719,0.79833984375,0.6075345,0.09670382,0.29576162,0.5027176049796294,SOTA
D:\uwiqa_dataset\SOTA\SOTA_Dataset\waternet\799.bmp,sota,51.51010986,0.5214293251014352,0.49639565,0.92578125,0.30497256,0.25819597,0.4368315,0.5115368815162831,SOTA
D:\uwiqa_dataset\SOTA\SOTA_Dataset\IBLA\161.bmp,sota,30.03625062,0.1664217027754578,0.21811058,0.1993408203125,0.45507067,0.28716958,0.25775975,0.46126531574077867,SOTA
D:\uwiqa_dataset\SOTA\SOTA_Dataset\IBLA\559.bmp,sota,49.2247562,0.4836476688121315,0.47783107,0.7958984375,0.3868144,0.1650282,0.44815737,0.5025486533218391,SOTA
D:\uwiqa_dataset\SOTA\SOTA_Dataset\HP\312.bmp,sota,25.02585649,0.0835894513795818,0.017727565,0.182373046875,0.45127586,0.0751135,0.47361064,0.4600911017191361,SOTA
D:\uwiqa_dataset\SOTA\SOTA_Dataset\fusion18\671.bmp,sota,64.69669582,0.7394310580892649,0.75753915,0.84814453125,0.5496175,0.067192644,0.3831899,0.5061642187985516,SOTA
D:\uwiqa_dataset\SOTA\SOTA_Dataset\dive\10.bmp,sota,34.77884815,0.2448267185649882,0.6497569,0.2958984375,0.6901046,0.046081327,0.26381412,0.46794735380638514,SOTA
D:\uwiqa_dataset\SOTA\SOTA_Dataset\funiegan\672.bmp,sota,48.86393306,0.477682510729462,0.40131283,0.7958984375,0.5466594,0.23979533,0.21354519,0.5025486533218391,SOTA
D:\uwiqa_dataset\SOTA\SOTA_Dataset\fusion18\257.bmp,sota,62.6750721,0.7060094070458356,0.7628515,0.5849609375,0.5295402,0.14444394,0.32601586,0.48795123008875696,SOTA
D:\uwiqa_dataset\SOTA\SOTA_Dataset\HP\328.bmp,sota,24.89398927,0.0814094115594579,0.028056152,0.441650390625,0.4083388,0.041929558,0.5497316,0.47803376777646617,SOTA
D:\uwiqa_dataset\SOTA\SOTA_Dataset\funiegan\517.bmp,sota,42.23688028,0.3681235244213931,0.48348343,0.86962890625,0.39623478,0.22366822,0.380097,0.5076509933871062,SOTA
D:\uwiqa_dataset\SOTA\SOTA_Dataset\fusion12\657.bmp,sota,68.36930752,0.8001469793762467,0.85439354,0.98291015625,0.5823619,0.106282465,0.31135565,0.5154903503085762,SOTA
D:\uwiqa_dataset\SOTA\SOTA_Dataset\ACPAB\209.bmp,sota,23.004447,0.0501713420042841,0.024835657,0.1104736328125,0.4403463,0.06068068,0.49897304,0.4551154753972117,SOTA
D:\uwiqa_dataset\SOTA\SOTA_Dataset\waternet\383.bmp,sota,59.87034517,0.6596414287721297,0.7399652,0.441650390625,0.4330757,0.19880082,0.36812347,0.47803376777646617,SOTA
D:\uwiqa_dataset\SOTA\SOTA_Dataset\ACPAB\504.bmp,sota,25.62299853,0.0934614531209551,0.1984773,0.07366943359375,0.6631041,0.08784229,0.24905358,0.4525685291560229,SOTA
D:\uwiqa_dataset\SOTA\SOTA_Dataset\twostep\371.bmp,sota,37.22460724,0.2852602107295315,0.18404078,0.57958984375,0.47088146,0.19550253,0.33361596,0.4875795364416183,SOTA
D:\uwiqa_dataset\SOTA\SOTA_Dataset\IBLA\248.bmp,sota,49.14138008,0.4822692878798009,0.32748008,0.92041015625,0.49481046,0.1340057,0.37118384,0.5111651878691444,SOTA
D:\uwiqa_dataset\SOTA\SOTA_Dataset\dive\534.bmp,sota,70.13298553,0.8293042505439937,0.75636846,0.57177734375,0.5508623,0.097222835,0.3519148,0.4870388911366893,SOTA
D:\uwiqa_dataset\SOTA\SOTA_Dataset\HP\330.bmp,sota,20.19893333,0.003790357279634,-0.017461278,0.443603515625,0.2456992,0.10214843,0.65215236,0.4781689291026984,SOTA
D:\uwiqa_dataset\SOTA\SOTA_Dataset\HP\772.bmp,sota,22.40562592,0.0402715822343456,0.044115275,0.287841796875,0.29664224,0.061114814,0.64224297,0.46738981333567714,SOTA
D:\uwiqa_dataset\SOTA\SOTA_Dataset\funiegan\659.bmp,sota,49.3367111,0.4854985165061831,0.5509894,0.716796875,0.3311272,0.28949896,0.37937388,0.4970746196094333,SOTA
D:\uwiqa_dataset\SOTA\SOTA_Dataset\HP\459.bmp,sota,21.71617034,0.0288734453917956,-0.00460462,0.2421875,0.26388574,0.046855588,0.68925864,0.4642304173349985,SOTA
D:\uwiqa_dataset\SOTA\SOTA_Dataset\twostep\754.bmp,sota,30.70521464,0.1774810714482045,0.27428734,0.2239990234375,0.41116488,0.23971444,0.34912068,0.46297172748446075,SOTA
D:\uwiqa_dataset\SOTA\SOTA_Dataset\dive\769.bmp,sota,45.09197077,0.4153241172469429,0.35998046,0.1519775390625,0.48728538,0.25313324,0.25958142,0.4579876535796468,SOTA
D:\uwiqa_dataset\SOTA\SOTA_Dataset\HP\511.bmp,sota,20.50288932,0.0088153829210724,-0.016026277,0.65673828125,0.26696986,0.04875943,0.6842707,0.4929184088277918,SOTA
D:\uwiqa_dataset\SOTA\SOTA_Dataset\HP\133.bmp,sota,26.85112163,0.1137648860894674,0.14528733,0.78515625,0.30599096,0.06584135,0.62816775,0.5018052660275617,SOTA
D:\uwiqa_dataset\SOTA\SOTA_Dataset\twostep\642.bmp,sota,39.53182029,0.3234032482676675,0.3964933,0.79931640625,0.39243832,0.30965525,0.2979064,0.5027851856427454,SOTA
D:\uwiqa_dataset\SOTA\SOTA_Dataset\fusion18\756.bmp,sota,59.51239654,0.6537237923272361,0.5555986,0.439697265625,0.60796106,0.14537102,0.24666794,0.47789860645023396,SOTA
D:\uwiqa_dataset\SOTA\SOTA_Dataset\HP\541.bmp,sota,24.02075909,0.0669730977846319,-0.01172926,0.90478515625,0.27913418,0.032065023,0.6888009,0.5100838972592865,SOTA
D:\uwiqa_dataset\SOTA\SOTA_Dataset\waternet\185.bmp,sota,45.93187464,0.4292094777002549,0.5443275,0.1571044921875,0.4396064,0.17551908,0.3848745,0.4583424520610065,SOTA
D:\uwiqa_dataset\SOTA\SOTA_Dataset\fusion18\198.bmp,sota,61.63601118,0.688831565720792,0.6845145,0.1591796875,0.43869993,0.21769725,0.3436028,0.45848606097012823,SOTA
D:\uwiqa_dataset\SOTA\SOTA_Dataset\fusion18\174.bmp,sota,62.61649413,0.7050409911864428,0.68596363,0.449462890625,0.69895065,0.07617455,0.22487482,0.47857441308139514,SOTA
D:\uwiqa_dataset\SOTA\SOTA_Dataset\HP\614.bmp,sota,72.92464441,0.8754561867310356,0.85071653,0.900390625,0.4990804,0.09242094,0.40849867,0.5097797842752639,SOTA
D:\uwiqa_dataset\SOTA\SOTA_Dataset\twostep\446.bmp,sota,44.51578593,0.4057985816744803,0.46557766,0.97705078125,0.18295635,0.29581037,0.52123326,0.5150848663298795,SOTA
D:\uwiqa_dataset\SOTA\SOTA_Dataset\HP\615.bmp,sota,67.66978442,0.7885824054579025,0.7568804,0.9033203125,0.6007779,0.07813101,0.3210911,0.5099825262646124,SOTA
D:\uwiqa_dataset\SOTA\SOTA_Dataset\fusion18\406.bmp,sota,71.72662179,0.8556503773948775,0.83826405,0.61669921875,0.533131,0.12603731,0.34083167,0.49014760164003085,SOTA
D:\uwiqa_dataset\SOTA\SOTA_Dataset\twostep\163.bmp,sota,49.64701678,0.4906285157494419,0.3746274,0.216064453125,0.3193918,0.31106523,0.36954296,0.4624226345966423,SOTA
D:\uwiqa_dataset\SOTA\SOTA_Dataset\fusion12\42.bmp,sota,51.45392095,0.5205004053801476,0.6351987,0.455078125,0.41477752,0.14586547,0.43935704,0.47896300189431285,SOTA
D:\uwiqa_dataset\SOTA\SOTA_Dataset\funiegan\438.bmp,sota,42.33415796,0.3697317270968515,0.4415083,0.8232421875,0.4822212,0.15976572,0.3580131,0.5044409118890905,SOTA
D:\uwiqa_dataset\SOTA\SOTA_Dataset\HP\577.bmp,sota,28.84572281,0.1467397982599539,0.16517396,0.7646484375,0.5153622,0.027201459,0.45743638,0.5003860721021232,SOTA
D:\uwiqa_dataset\SOTA\SOTA_Dataset\HP\682.bmp,sota,57.51763788,0.6207462766843258,0.56469893,0.97021484375,0.61992264,0.07443929,0.30563807,0.5146118016880666,SOTA
D:\uwiqa_dataset\SOTA\SOTA_Dataset\ACPAB\267.bmp,sota,21.95575181,0.0328342261283868,0.02139324,0.030914306640625,0.5370612,0.04410658,0.41883215,0.44960976324897023,SOTA
D:\uwiqa_dataset\SOTA\SOTA_Dataset\twostep\659.bmp,sota,39.22764918,0.3183746662445437,0.42448103,0.67041015625,0.22741131,0.24612182,0.52646685,0.4938645381114175,SOTA
D:\uwiqa_dataset\SOTA\SOTA_Dataset\fusion18\651.bmp,sota,66.72501084,0.7729633302593727,0.7815487,0.9697265625,0.5990541,0.13014191,0.270804,0.5145780113565086,SOTA
D:\uwiqa_dataset\SOTA\SOTA_Dataset\dive\502.bmp,sota,65.81109941,0.7578544706848218,0.67551583,0.30078125,0.43666103,0.14792314,0.4154158,0.4682852571219658,SOTA
D:\uwiqa_dataset\SOTA\SOTA_Dataset\ACPAB\754.bmp,sota,44.84581096,0.4112545828477635,0.51148546,0.06561279296875,0.67194414,0.11329109,0.2147647,0.4520109886853149,SOTA
D:\uwiqa_dataset\SOTA\SOTA_Dataset\IBLA\473.bmp,sota,65.09262701,0.745976625366933,0.7707397,0.420654296875,0.5367358,0.044531778,0.41873246,0.4765807835194696,SOTA
D:\uwiqa_dataset\SOTA\SOTA_Dataset\fusion18\91.bmp,sota,67.61039338,0.7876005478578214,0.7120279,0.92919921875,0.4498808,0.07922422,0.470895,0.5117734138371896,SOTA
D:\uwiqa_dataset\SOTA\SOTA_Dataset\ACPAB\507.bmp,sota,35.20828282,0.2519261681533074,0.24664171,0.175537109375,0.6579926,0.06822632,0.2737811,0.45961803707732324,SOTA
D:\uwiqa_dataset\SOTA\SOTA_Dataset\waternet\303.bmp,sota,45.50644769,0.4221762840714375,0.55580854,0.049224853515625,0.5567084,0.16708158,0.27621,0.4508769006823975,SOTA
D:\uwiqa_dataset\SOTA\SOTA_Dataset\HP\636.bmp,sota,54.85822042,0.5767805666228497,0.41916844,0.97265625,0.4214917,0.061721746,0.5167865,0.5147807533458569,SOTA
D:\uwiqa_dataset\SOTA\SOTA_Dataset\ACPAB\589.bmp,sota,76.01265961,0.9265075101846432,0.90305114,0.97802734375,0.60479736,0.045347933,0.3498547,0.5151524469929956,SOTA
D:\uwiqa_dataset\SOTA\SOTA_Dataset\fusion12\527.bmp,sota,27.31037578,0.1213573137948302,0.3318485,0.82666015625,0.49364015,0.17355539,0.3328044,0.5046774442099968,SOTA
D:\uwiqa_dataset\SOTA\SOTA_Dataset\HP\131.bmp,sota,51.74260566,0.5252729649537926,0.31789017,0.9931640625,0.6416551,0.051051468,0.30729344,0.5161999472712955,SOTA
D:\uwiqa_dataset\SOTA\SOTA_Dataset\funiegan\193.bmp,sota,57.08052163,0.6135198345782189,0.597039,0.053802490234375,0.4924037,0.21691182,0.29068446,0.4511936850407543,SOTA
D:\uwiqa_dataset\SOTA\SOTA_Dataset\HP\605.bmp,sota,50.08404949,0.4978535767653386,0.6501341,0.93115234375,0.59117895,0.07606994,0.3327511,0.5119085751634218,SOTA
D:\uwiqa_dataset\SOTA\SOTA_Dataset\dive\103.bmp,sota,57.50104824,0.6204720153796475,0.65769064,0.84375,0.34993026,0.29213795,0.35793185,0.505860105814529,SOTA
D:\uwiqa_dataset\SOTA\SOTA_Dataset\twostep\36.bmp,sota,43.29631225,0.3856381416349231,0.5458159,0.95556640625,0.3337801,0.25838622,0.4078336,0.5135980917413248,SOTA
D:\uwiqa_dataset\SOTA\SOTA_Dataset\fusion18\268.bmp,sota,70.44562156,0.8344727753267674,0.7655566,0.3310546875,0.3848173,0.21133807,0.40384465,0.4703802576785655,SOTA
D:\uwiqa_dataset\SOTA\SOTA_Dataset\fusion12\678.bmp,sota,60.38812369,0.6682013862172389,0.45201173,0.98046875,0.64002234,0.09011035,0.26986736,0.5153213986507859,SOTA
D:\uwiqa_dataset\SOTA\SOTA_Dataset\dive\378.bmp,sota,58.76401494,0.6413514856338207,0.69065654,0.85595703125,0.4873505,0.08127395,0.4313756,0.5067048641034805,SOTA
D:\uwiqa_dataset\SOTA\SOTA_Dataset\ACPAB\530.bmp,sota,70.24513819,0.8311583676227706,0.72304106,0.57958984375,0.49380505,0.10303037,0.4031646,0.4875795364416183,SOTA
D:\uwiqa_dataset\SOTA\SOTA_Dataset\dive\482.bmp,sota,68.09600561,0.7956287295282866,0.8532253,0.1510009765625,0.44288328,0.13353316,0.42358354,0.4579200729165307,SOTA
D:\uwiqa_dataset\SOTA\SOTA_Dataset\fusion12\392.bmp,sota,45.64948172,0.4245409345208273,0.41820276,0.8818359375,0.3657037,0.23582616,0.39847016,0.5084957516760577,SOTA
D:\uwiqa_dataset\SOTA\SOTA_Dataset\dive\485.bmp,sota,48.04282687,0.4641079150812769,0.48966786,0.77978515625,0.4888604,0.12233869,0.38880092,0.5014335723804231,SOTA
D:\uwiqa_dataset\SOTA\SOTA_Dataset\IBLA\26.bmp,sota,50.80784906,0.5098194912995845,0.56439567,0.9912109375,0.5784909,0.07836349,0.34314558,0.5160647859450632,SOTA
D:\uwiqa_dataset\SOTA\SOTA_Dataset\ACPAB\672.bmp,sota,23.45374338,0.0575991470299572,0.024785092,0.236572265625,0.56165695,0.07188657,0.36645645,0.4638418285220808,SOTA
D:\uwiqa_dataset\SOTA\SOTA_Dataset\twostep\426.bmp,sota,47.24680902,0.4509480819511824,0.40477228,0.673828125,0.3863444,0.2874798,0.32617584,0.49410107043232393,SOTA
D:\uwiqa_dataset\SOTA\SOTA_Dataset\ACPAB\120.bmp,sota,61.60310358,0.6882875345477323,0.6178362,0.97607421875,0.63046765,0.041854437,0.3276779,0.5150172856667633,SOTA
D:\uwiqa_dataset\SOTA\SOTA_Dataset\IBLA\598.bmp,sota,64.50358997,0.7362386161579123,0.49870577,0.931640625,0.61718106,0.09278301,0.29003593,0.5119423654949798,SOTA
D:\uwiqa_dataset\SOTA\SOTA_Dataset\ACPAB\124.bmp,sota,58.71340263,0.6405147587263416,0.6781684,0.99072265625,0.6641092,0.0428662,0.29302466,0.5160309956135052,SOTA
D:\uwiqa_dataset\SOTA\SOTA_Dataset\fusion12\473.bmp,sota,70.57986727,0.8366921365408796,0.82910717,0.552734375,0.47302222,0.085788324,0.44118953,0.4857210682059249,SOTA
D:\uwiqa_dataset\SOTA\SOTA_Dataset\IBLA\618.bmp,sota,44.22377114,0.4009709689420276,0.34126988,0.953125,0.5494148,0.04709019,0.40349498,0.5134291400835345,SOTA
D:\uwiqa_dataset\SOTA\SOTA_Dataset\funiegan\573.bmp,sota,47.93813064,0.4623770683218103,0.5184314,0.62451171875,0.4919922,0.1632317,0.34477603,0.4906882469449598,SOTA
D:\uwiqa_dataset\SOTA\SOTA_Dataset\ACPAB\272.bmp,sota,56.37883232,0.6019194486964563,0.6391971,0.418701171875,0.39642495,0.28034472,0.32323027,0.47644562219323733,SOTA
D:\uwiqa_dataset\SOTA\SOTA_Dataset\twostep\155.bmp,sota,61.44459653,0.6856670828481335,0.74776727,0.6298828125,0.53448343,0.10318971,0.36232683,0.4910599405920985,SOTA
D:\uwiqa_dataset\SOTA\SOTA_Dataset\ACPAB\796.bmp,sota,54.16493489,0.565319112729185,0.51777583,0.5947265625,0.6819128,0.085854895,0.23223232,0.48862703671991814,SOTA
D:\uwiqa_dataset\SOTA\SOTA_Dataset\ACPAB\664.bmp,sota,64.22271141,0.731595108503629,0.6929524,0.88232421875,0.48344967,0.16727819,0.3492721,0.5085295420076157,SOTA
D:\uwiqa_dataset\SOTA\SOTA_Dataset\ACPAB\777.bmp,sota,28.06819284,0.1338856082956869,0.17130633,0.115966796875,0.5017206,0.22518662,0.27309275,0.45549561662723986,SOTA
D:\uwiqa_dataset\SOTA\SOTA_Dataset\HP\167.bmp,sota,37.2394645,0.2855058321843399,0.29007077,0.462890625,0.47277007,0.08126145,0.4459685,0.4795036471992418,SOTA
D:\uwiqa_dataset\SOTA\SOTA_Dataset\IBLA\173.bmp,sota,41.88707361,0.3623404915346381,0.31634766,0.1571044921875,0.55273217,0.15954873,0.2877191,0.4583424520610065,SOTA
D:\uwiqa_dataset\SOTA\SOTA_Dataset\waternet\436.bmp,sota,50.0575403,0.4974153246371809,0.4603952,0.529296875,0.2602191,0.317171,0.42260996,0.48409913229113805,SOTA
D:\uwiqa_dataset\SOTA\SOTA_Dataset\fusion12\30.bmp,sota,53.36787423,0.552142039777664,0.6601561,0.88623046875,0.33926374,0.13429107,0.52644527,0.5087998646600802,SOTA
D:\uwiqa_dataset\SOTA\SOTA_Dataset\fusion18\473.bmp,sota,72.52414736,0.8688351362770853,0.92666024,0.537109375,0.4596909,0.10152172,0.4387874,0.484639777596067,SOTA
D:\uwiqa_dataset\SOTA\SOTA_Dataset\waternet\196.bmp,sota,50.0254283,0.4968844463893206,0.49228996,0.6513671875,0.27758104,0.36163998,0.36077902,0.4925467151806532,SOTA
D:\uwiqa_dataset\SOTA\SOTA_Dataset\twostep\252.bmp,sota,33.45574103,0.2229530018984086,0.12997554,0.32763671875,0.6073975,0.096735425,0.29586706,0.4701437253576591,SOTA
D:\uwiqa_dataset\SOTA\SOTA_Dataset\funiegan\94.bmp,sota,56.03092385,0.5961677970095669,0.75099444,0.94873046875,0.47899988,0.11669292,0.4043072,0.513125027099512,SOTA
D:\uwiqa_dataset\SOTA\SOTA_Dataset\HP\2.bmp,sota,28.06547522,0.1338406803764059,0.2632835,0.9892578125,0.56281406,0.024987867,0.41219816,0.515929624618831,SOTA
D:\uwiqa_dataset\SOTA\SOTA_Dataset\HP\354.bmp,sota,22.36082366,0.0395309075554411,0.09320017,0.88623046875,0.47213048,0.042739403,0.48513016,0.5087998646600802,SOTA
D:\uwiqa_dataset\SOTA\SOTA_Dataset\twostep\213.bmp,sota,57.48647552,0.6202310979637231,0.7395138,0.25830078125,0.53669804,0.07991156,0.38339037,0.46534549827641447,SOTA
D:\uwiqa_dataset\SOTA\SOTA_Dataset\funiegan\145.bmp,sota,48.56502412,0.472740923337303,0.4830267,0.67724609375,0.48565117,0.23519024,0.27915853,0.49433760275323035,SOTA
D:\uwiqa_dataset\SOTA\SOTA_Dataset\ACPAB\1.bmp,sota,52.00799534,0.5296604091590313,0.4648451,0.95556640625,0.62756145,0.07350465,0.29893386,0.5135980917413248,SOTA
D:\uwiqa_dataset\SOTA\SOTA_Dataset\fusion12\116.bmp,sota,57.71082556,0.6239400714360266,0.5675183,0.943359375,0.5081713,0.14972983,0.3420988,0.5127533334523733,SOTA
D:\uwiqa_dataset\SOTA\SOTA_Dataset\ACPAB\432.bmp,sota,25.85311702,0.0972657910871819,0.07907723,0.763671875,0.6123244,0.0874104,0.30026516,0.5003184914390071,SOTA
D:\uwiqa_dataset\SOTA\SOTA_Dataset\dive\646.bmp,sota,52.02534038,0.5299471587991744,0.5949036,0.6259765625,0.62063396,0.11182148,0.2675446,0.490789617939634,SOTA
D:\uwiqa_dataset\SOTA\SOTA_Dataset\funiegan\356.bmp,sota,40.32813674,0.3365680178777323,0.46236068,0.509765625,0.5165797,0.14937957,0.3340408,0.48274751902881563,SOTA
D:\uwiqa_dataset\SOTA\SOTA_Dataset\funiegan\595.bmp,sota,65.76838187,0.7571482607698957,0.73285866,0.80419921875,0.5606186,0.08804775,0.35133368,0.503123088958326,SOTA
D:\uwiqa_dataset\SOTA\SOTA_Dataset\IBLA\38.bmp,sota,26.10220039,0.101383658022806,0.23205285,0.96240234375,0.4369763,0.23888566,0.324138,0.5140711563831377,SOTA
D:\uwiqa_dataset\SOTA\SOTA_Dataset\dive\758.bmp,sota,62.14544193,0.6972535171397692,0.71655357,0.134765625,0.49941644,0.20403035,0.29655325,0.4567965443922252,SOTA
D:\uwiqa_dataset\SOTA\SOTA_Dataset\HP\778.bmp,sota,26.36316016,0.1056978665884404,0.17842692,0.5869140625,0.52157944,0.03507273,0.44334778,0.48808639141498916,SOTA
D:\uwiqa_dataset\SOTA\SOTA_Dataset\fusion12\256.bmp,sota,35.23175367,0.2523141901925387,0.1785269,0.153076171875,0.27562666,0.22797361,0.49639964,0.4580636818256525,SOTA
D:\uwiqa_dataset\SOTA\SOTA_Dataset\funiegan\122.bmp,sota,22.30560023,0.0386179492296052,0.045715194,0.88427734375,0.42691243,0.15067889,0.4224087,0.508664703333848,SOTA
D:\uwiqa_dataset\SOTA\SOTA_Dataset\IBLA\260.bmp,sota,45.45640413,0.4213489597861393,0.3142448,0.7958984375,0.3055291,0.22296636,0.4715046,0.5025486533218391,SOTA
D:\uwiqa_dataset\SOTA\SOTA_Dataset\funiegan\70.bmp,sota,50.84438021,0.5104234273018367,0.5746175,0.83447265625,0.37786642,0.31136888,0.3107647,0.5052180895149259,SOTA
D:\uwiqa_dataset\SOTA\SOTA_Dataset\IBLA\792.bmp,sota,38.8314591,0.3118248189759193,0.37306845,0.9794921875,0.4646302,0.19205494,0.3433149,0.5152538179876698,SOTA
D:\uwiqa_dataset\SOTA\SOTA_Dataset\dive\699.bmp,sota,53.52166144,0.5546844626908473,0.5893235,0.2421875,0.34537482,0.3306871,0.32393807,0.4642304173349985,SOTA
D:\uwiqa_dataset\SOTA\SOTA_Dataset\waternet\690.bmp,sota,50.27546302,0.5010180411220642,0.4898407,0.94921875,0.25087422,0.27113643,0.47798935,0.5131588174310701,SOTA
D:\uwiqa_dataset\SOTA\SOTA_Dataset\ACPAB\144.bmp,sota,36.4734928,0.2728427244985327,0.3382931,0.60009765625,0.4043452,0.17432645,0.42132837,0.4889987303670568,SOTA
D:\uwiqa_dataset\SOTA\SOTA_Dataset\waternet\243.bmp,sota,57.03530192,0.6127722585812846,0.6135646,0.541015625,0.20335028,0.40066883,0.3959809,0.4849101002485315,SOTA
D:\uwiqa_dataset\SOTA\SOTA_Dataset\fusion18\377.bmp,sota,63.86380017,0.7256615581103616,0.7524312,0.56005859375,0.4668228,0.13614596,0.39703125,0.48622792317929586,SOTA
D:\uwiqa_dataset\SOTA\SOTA_Dataset\IBLA\628.bmp,sota,41.77656156,0.3605134971564784,0.38290888,0.89306640625,0.4450087,0.24537942,0.3096119,0.509272929301893,SOTA
D:\uwiqa_dataset\SOTA\SOTA_Dataset\fusion18\271.bmp,sota,46.94103576,0.4458930130513519,0.36055523,0.392333984375,0.2832415,0.25958577,0.45717275,0.47462094428910206,SOTA
D:\uwiqa_dataset\SOTA\SOTA_Dataset\waternet\392.bmp,sota,54.08688171,0.5640287310825006,0.49467877,0.78662109375,0.3972115,0.24529603,0.3574925,0.5019066370222359,SOTA
D:\uwiqa_dataset\SOTA\SOTA_Dataset\funiegan\685.bmp,sota,66.02232885,0.761346533309502,0.810306,0.81884765625,0.44499457,0.12475405,0.43025145,0.5041367989050679,SOTA
D:\uwiqa_dataset\SOTA\SOTA_Dataset\twostep\22.bmp,sota,56.67684334,0.6068461916006879,0.68492395,0.8408203125,0.3827803,0.22573617,0.39148352,0.5056573638251806,SOTA
D:\uwiqa_dataset\SOTA\SOTA_Dataset\funiegan\451.bmp,sota,50.55238029,0.5055960604014577,0.4739662,0.32421875,0.4679016,0.15859194,0.37350643,0.46990719303675266,SOTA
D:\uwiqa_dataset\SOTA\SOTA_Dataset\HP\214.bmp,sota,20.61896824,0.0107344092558733,0.011284306,0.55810546875,0.116108894,0.06441368,0.8194774,0.4860927618530636,SOTA
D:\uwiqa_dataset\SOTA\SOTA_Dataset\fusion12\386.bmp,sota,56.03526532,0.5962395705517548,0.62866205,0.94677734375,0.56056386,0.14884476,0.2905913,0.5129898657732798,SOTA
D:\uwiqa_dataset\SOTA\SOTA_Dataset\ACPAB\721.bmp,sota,29.71278983,0.161074222162393,0.21281943,0.07208251953125,0.75932515,0.06671927,0.17395554,0.4524587105784592,SOTA
D:\uwiqa_dataset\SOTA\SOTA_Dataset\twostep\464.bmp,sota,42.42114109,0.3711697394177226,0.42059356,0.931640625,0.5724377,0.12685508,0.3007072,0.5119423654949798,SOTA
D:\uwiqa_dataset\SOTA\SOTA_Dataset\waternet\49.bmp,sota,58.44608113,0.6360953775126081,0.6571893,0.82421875,0.5450082,0.17043425,0.28455758,0.5045084925522065,SOTA
D:\uwiqa_dataset\SOTA\SOTA_Dataset\HP\412.bmp,sota,31.91275733,0.1974442673713429,0.1208232,0.921875,0.47640884,0.0644467,0.4591444,0.5112665588638187,SOTA
D:\uwiqa_dataset\SOTA\SOTA_Dataset\ACPAB\292.bmp,sota,48.34150839,0.4690457427471301,0.59228563,0.35400390625,0.62151897,0.06626848,0.3122126,0.47196840326179434,SOTA
D:\uwiqa_dataset\SOTA\SOTA_Dataset\waternet\569.bmp,sota,50.09063584,0.4979624628499112,0.58079016,0.896484375,0.4563846,0.25416428,0.2894511,0.5095094616227995,SOTA
D:\uwiqa_dataset\SOTA\SOTA_Dataset\dive\175.bmp,sota,39.33287671,0.3201142964996844,0.42869127,0.08819580078125,0.41537634,0.28044593,0.30417776,0.4535737915198752,SOTA
D:\uwiqa_dataset\SOTA\SOTA_Dataset\funiegan\124.bmp,sota,66.01087459,0.7611571705329906,0.8496854,0.96142578125,0.4404862,0.047343526,0.51217026,0.5140035757200215,SOTA
D:\uwiqa_dataset\SOTA\SOTA_Dataset\dive\652.bmp,sota,61.88425671,0.6929355814160328,0.63334405,0.84912109375,0.662107,0.103106335,0.23478678,0.5062317994616676,SOTA
D:\uwiqa_dataset\SOTA\SOTA_Dataset\twostep\192.bmp,sota,47.45531329,0.4543950918393554,0.5149175,0.12420654296875,0.4384587,0.21566963,0.34587166,0.45606582847228216,SOTA
D:\uwiqa_dataset\SOTA\SOTA_Dataset\fusion12\529.bmp,sota,27.00042041,0.1162331059055515,0.14297342,0.86962890625,0.5945568,0.12178609,0.2836571,0.5076509933871062,SOTA
D:\uwiqa_dataset\SOTA\SOTA_Dataset\waternet\673.bmp,sota,53.81341909,0.5595078243634887,0.57565403,0.83740234375,0.4705102,0.1793737,0.35011613,0.5054208315042742,SOTA
D:\uwiqa_dataset\SOTA\SOTA_Dataset\funiegan\545.bmp,sota,46.75330574,0.442789444787513,0.54821175,0.86962890625,0.47677478,0.1875672,0.3356581,0.5076509933871062,SOTA
D:\uwiqa_dataset\SOTA\SOTA_Dataset\funiegan\68.bmp,sota,53.602875,0.5560270920018618,0.643697,0.88427734375,0.4884274,0.24152018,0.27005237,0.508664703333848,SOTA
D:\uwiqa_dataset\SOTA\SOTA_Dataset\twostep\752.bmp,sota,39.40787434,0.3213541635402948,0.5414466,0.1451416015625,0.5982492,0.13630602,0.26544476,0.457514588937834,SOTA
D:\uwiqa_dataset\SOTA\SOTA_Dataset\ACPAB\475.bmp,sota,50.16397532,0.4991749172171693,0.56148624,0.35400390625,0.57594544,0.09919564,0.3248589,0.47196840326179434,SOTA
D:\uwiqa_dataset\SOTA\SOTA_Dataset\fusion12\242.bmp,sota,49.20383228,0.4833017528309415,0.5957962,0.31396484375,0.42458254,0.22881569,0.34660175,0.4691975960740334,SOTA
D:\uwiqa_dataset\SOTA\SOTA_Dataset\HP\566.bmp,sota,21.71617034,0.0288734453917956,0.10958504,0.9814453125,0.31524298,0.05111404,0.633643,0.515388979313902,SOTA
D:\uwiqa_dataset\SOTA\SOTA_Dataset\HP\421.bmp,sota,31.2789357,0.1869658756053235,0.24238864,0.98876953125,0.6077102,0.041756753,0.35053307,0.5158958342872729,SOTA
D:\uwiqa_dataset\SOTA\SOTA_Dataset\funiegan\511.bmp,sota,49.98274441,0.496178792778986,0.38224676,0.81982421875,0.38992587,0.24890164,0.3611725,0.504204379568184,SOTA
D:\uwiqa_dataset\SOTA\SOTA_Dataset\ACPAB\533.bmp,sota,53.51090788,0.5545066839448622,0.55510485,0.689453125,0.7117768,0.07336616,0.21485698,0.4951823610421819,SOTA
D:\uwiqa_dataset\SOTA\SOTA_Dataset\fusion18\689.bmp,sota,76.43288996,0.9334547931911752,0.8176148,0.93212890625,0.43916467,0.08576309,0.47507223,0.5119761558265379,SOTA
D:\uwiqa_dataset\SOTA\SOTA_Dataset\IBLA\129.bmp,sota,46.90864825,0.4453575800493165,0.39621124,0.61328125,0.5166886,0.19424428,0.28906712,0.4899110693191244,SOTA
D:\uwiqa_dataset\SOTA\SOTA_Dataset\fusion12\713.bmp,sota,48.16288205,0.4660926772762496,0.5307287,0.422607421875,0.5761269,0.116242945,0.30763018,0.47671594484570184,SOTA
D:\uwiqa_dataset\SOTA\SOTA_Dataset\ACPAB\406.bmp,sota,61.57422916,0.6878101802410065,0.59563375,0.70263671875,0.67672884,0.04151719,0.28175393,0.4960946999942495,SOTA
D:\uwiqa_dataset\SOTA\SOTA_Dataset\funiegan\629.bmp,sota,54.97145587,0.5786525844757298,0.67052525,0.68603515625,0.41628116,0.19757953,0.3861393,0.49494582872127546,SOTA
D:\uwiqa_dataset\SOTA\SOTA_Dataset\dive\510.bmp,sota,51.66592937,0.5240053461668085,0.66258866,0.84912109375,0.53971016,0.1159477,0.34434217,0.5062317994616676,SOTA
D:\uwiqa_dataset\SOTA\SOTA_Dataset\waternet\686.bmp,sota,49.03027849,0.480432547177456,0.63099605,0.9443359375,0.35670263,0.23160197,0.41169542,0.5128209141154895,SOTA
D:\uwiqa_dataset\SOTA\SOTA_Dataset\funiegan\421.bmp,sota,50.04391481,0.4971900669061944,0.6975074,0.8154296875,0.5428251,0.08579955,0.3713753,0.5039002665841614,SOTA
D:\uwiqa_dataset\SOTA\SOTA_Dataset\dive\281.bmp,sota,34.01655124,0.2322243628123042,0.199907,0.1591796875,0.48528042,0.192259,0.32246065,0.45848606097012823,SOTA
D:\uwiqa_dataset\SOTA\SOTA_Dataset\fusion18\574.bmp,sota,63.99708393,0.7278650162872752,0.7035659,0.9775390625,0.31303334,0.28132695,0.40563974,0.5151186566614375,SOTA
D:\uwiqa_dataset\SOTA\SOTA_Dataset\funiegan\761.bmp,sota,64.04366156,0.7286350415302961,0.7920536,0.1744384765625,0.62679636,0.057664078,0.31553957,0.4595420088313176,SOTA
D:\uwiqa_dataset\SOTA\SOTA_Dataset\fusion12\240.bmp,sota,53.53875985,0.5549671350233707,0.5473926,0.56396484375,0.46706256,0.18303077,0.3499066,0.4864982458317603,SOTA
D:\uwiqa_dataset\SOTA\SOTA_Dataset\fusion12\101.bmp,sota,50.33039794,0.5019262297766466,0.5918022,0.5947265625,0.4061184,0.23286332,0.36101824,0.48862703671991814,SOTA
D:\uwiqa_dataset\SOTA\SOTA_Dataset\waternet\751.bmp,sota,51.13805278,0.515278446590771,0.499033,0.09466552734375,0.22271457,0.33217978,0.4451057,0.4540215134130195,SOTA
D:\uwiqa_dataset\SOTA\SOTA_Dataset\twostep\487.bmp,sota,44.45138778,0.4047339461165128,0.46064195,0.2958984375,0.3350272,0.27580813,0.38916472,0.46794735380638514,SOTA
D:\uwiqa_dataset\SOTA\SOTA_Dataset\IBLA\376.bmp,sota,46.87988075,0.4448819933529001,0.544474,0.865234375,0.39844662,0.19782637,0.40372697,0.5073468804030836,SOTA
D:\uwiqa_dataset\SOTA\SOTA_Dataset\HP\711.bmp,sota,26.14001703,0.1020088458523765,0.03712436,0.4765625,0.19997911,0.08566354,0.7143573,0.4804497764828675,SOTA
D:\uwiqa_dataset\SOTA\SOTA_Dataset\IBLA\708.bmp,sota,43.12225249,0.3827605712434247,0.3367619,0.494140625,0.5661968,0.12745656,0.30634663,0.4816662284189577,SOTA
D:\uwiqa_dataset\SOTA\SOTA_Dataset\funiegan\598.bmp,sota,62.20006268,0.6981565119098498,0.6326955,0.9599609375,0.60046613,0.11084567,0.28868818,0.5139022047253473,SOTA
D:\uwiqa_dataset\SOTA\SOTA_Dataset\waternet\568.bmp,sota,47.42135493,0.4538336894148096,0.52617323,0.89306640625,0.5070165,0.17250334,0.3204802,0.509272929301893,SOTA
D:\uwiqa_dataset\SOTA\SOTA_Dataset\twostep\712.bmp,sota,48.5645674,0.4727333728043758,0.40684927,0.37744140625,0.4602958,0.08175208,0.4579521,0.4735903391765812,SOTA
D:\uwiqa_dataset\SOTA\SOTA_Dataset\fusion18\590.bmp,sota,58.02111737,0.6290698413792948,0.65980005,0.6533203125,0.49381068,0.17117026,0.33501908,0.4926818765068854,SOTA
D:\uwiqa_dataset\SOTA\SOTA_Dataset\fusion18\394.bmp,sota,60.5642908,0.6711137954937532,0.72437537,0.27197265625,0.33434266,0.16944684,0.49621055,0.46629162756004017,SOTA
D:\uwiqa_dataset\SOTA\SOTA_Dataset\ACPAB\779.bmp,sota,53.3251264,0.5514353291059453,0.630165,0.9501953125,0.50831324,0.10394955,0.38773724,0.5132263980941861,SOTA
D:\uwiqa_dataset\SOTA\SOTA_Dataset\ACPAB\381.bmp,sota,45.47947331,0.4217303413836099,0.349898,0.75927734375,0.47446233,0.23318511,0.29235256,0.5000143784549845,SOTA
D:\uwiqa_dataset\SOTA\SOTA_Dataset\fusion18\771.bmp,sota,53.33518507,0.5516016198728051,0.5809679,0.1688232421875,0.48190716,0.19788903,0.32020375,0.4591534200183999,SOTA
D:\uwiqa_dataset\SOTA\SOTA_Dataset\waternet\418.bmp,sota,45.89076618,0.4285298692293706,0.49642956,0.521484375,0.27381003,0.3193872,0.4068028,0.48355848698620907,SOTA
D:\uwiqa_dataset\SOTA\SOTA_Dataset\twostep\479.bmp,sota,40.92602501,0.3464523563553692,0.44656172,0.401611328125,0.30105925,0.27434793,0.42459285,0.4752629605887052,SOTA
D:\uwiqa_dataset\SOTA\SOTA_Dataset\waternet\556.bmp,sota,54.74012115,0.5748281396942501,0.64444685,0.88330078125,0.43226606,0.1988379,0.36889607,0.5085971226707319,SOTA
D:\uwiqa_dataset\SOTA\SOTA_Dataset\fusion18\29.bmp,sota,62.47132114,0.7026409792728949,0.770965,0.90380859375,0.4784024,0.15859786,0.3629997,0.5100163165961704,SOTA
D:\uwiqa_dataset\SOTA\SOTA_Dataset\dive\423.bmp,sota,33.66506932,0.2264136345535784,0.2212595,0.6298828125,0.4789477,0.2213038,0.29974854,0.4910599405920985,SOTA
D:\uwiqa_dataset\SOTA\SOTA_Dataset\twostep\370.bmp,sota,54.81039973,0.5759899910087903,0.62555474,0.33984375,0.5402795,0.12751625,0.33220422,0.4709884836466106,SOTA
D:\uwiqa_dataset\SOTA\SOTA_Dataset\HP\25.bmp,sota,32.62879637,0.2092818841798517,0.21859755,0.8974609375,0.36159182,0.09218977,0.54621845,0.5095770422859156,SOTA
D:\uwiqa_dataset\SOTA\SOTA_Dataset\HP\444.bmp,sota,26.97279035,0.1157763234615718,0.056951817,0.9677734375,0.30233565,0.05569705,0.6419673,0.5144428500302763,SOTA
D:\uwiqa_dataset\SOTA\SOTA_Dataset\funiegan\678.bmp,sota,61.34956639,0.6840960366904002,0.48979902,0.93798828125,0.66224337,0.083225936,0.25453076,0.5123816398052347,SOTA
D:\uwiqa_dataset\SOTA\SOTA_Dataset\twostep\511.bmp,sota,41.24602084,0.3517425539622773,0.34963697,0.8173828125,0.37877655,0.20914179,0.41208163,0.5040354279103937,SOTA
D:\uwiqa_dataset\SOTA\SOTA_Dataset\fusion18\137.bmp,sota,56.38331995,0.601993638567889,0.71013504,0.49609375,0.4033139,0.21277398,0.38391212,0.48180138974518993,SOTA
D:\uwiqa_dataset\SOTA\SOTA_Dataset\IBLA\286.bmp,sota,41.53290572,0.3564853585970568,0.48525503,0.445556640625,0.35707882,0.3075859,0.33533528,0.4783040904289307,SOTA
D:\uwiqa_dataset\SOTA\SOTA_Dataset\ACPAB\396.bmp,sota,41.34850915,0.3534368992051451,0.39792275,0.56005859375,0.643962,0.06391706,0.29212096,0.48622792317929586,SOTA
D:\uwiqa_dataset\SOTA\SOTA_Dataset\HP\690.bmp,sota,22.38953284,0.0400055301007795,0.0059349565,0.65673828125,0.11261815,0.024144873,0.86323696,0.4929184088277918,SOTA
D:\uwiqa_dataset\SOTA\SOTA_Dataset\twostep\300.bmp,sota,47.78417401,0.459831844543133,0.3787225,0.3720703125,0.37782365,0.22718857,0.39498773,0.4732186455294426,SOTA
D:\uwiqa_dataset\SOTA\SOTA_Dataset\HP\274.bmp,sota,25.77425433,0.0959620265540244,0.014643307,0.12420654296875,0.38317072,0.08357396,0.53325534,0.45606582847228216,SOTA
D:\uwiqa_dataset\SOTA\SOTA_Dataset\funiegan\147.bmp,sota,48.2252815,0.4671242701600143,0.56117857,0.732421875,0.427011,0.30553415,0.26745483,0.4981559102192912,SOTA
D:\uwiqa_dataset\SOTA\SOTA_Dataset\ACPAB\588.bmp,sota,58.61545449,0.6388954719505449,0.64459985,0.161376953125,0.5883092,0.15392704,0.2577637,0.4586381174621395,SOTA
D:\uwiqa_dataset\SOTA\SOTA_Dataset\fusion12\135.bmp,sota,51.31111458,0.5181395186247634,0.7959035,0.98486328125,0.33648553,0.16341005,0.50010437,0.5156255116348084,SOTA
D:\uwiqa_dataset\SOTA\SOTA_Dataset\dive\601.bmp,sota,62.68513731,0.7061758059325182,0.76938117,0.7265625,0.5928249,0.1128911,0.29428396,0.49775042624059446,SOTA
D:\uwiqa_dataset\SOTA\SOTA_Dataset\HP\738.bmp,sota,27.92224823,0.131472839896289,0.055162773,0.94482421875,0.33198702,0.08508399,0.58292896,0.5128547044470475,SOTA
D:\uwiqa_dataset\SOTA\SOTA_Dataset\fusion12\603.bmp,sota,54.24233848,0.5665987553001026,0.6363189,0.830078125,0.4565176,0.18869664,0.35478577,0.5049139765309033,SOTA
D:\uwiqa_dataset\SOTA\SOTA_Dataset\waternet\675.bmp,sota,65.85212725,0.7585327463391782,0.6221025,0.107421875,0.40386468,0.20673834,0.38939703,0.45490428582497383,SOTA
D:\uwiqa_dataset\SOTA\SOTA_Dataset\twostep\42.bmp,sota,40.39155097,0.3376163871886384,0.25910503,0.640625,0.6005405,0.08183981,0.31761965,0.4918033278863758,SOTA
D:\uwiqa_dataset\SOTA\SOTA_Dataset\ACPAB\84.bmp,sota,59.27425848,0.6497868741645034,0.50327855,0.74169921875,0.5376583,0.16809155,0.29425016,0.4987979265188943,SOTA
D:\uwiqa_dataset\SOTA\SOTA_Dataset\dive\33.bmp,sota,71.29790681,0.8485628257813405,0.7374297,0.80078125,0.47934344,0.16527696,0.3553796,0.5028865566374197,SOTA
D:\uwiqa_dataset\SOTA\SOTA_Dataset\ACPAB\537.bmp,sota,23.73654283,0.0622744109970687,0.019093487,0.1375732421875,0.591122,0.031000588,0.37787747,0.4569908387986841,SOTA
D:\uwiqa_dataset\SOTA\SOTA_Dataset\ACPAB\490.bmp,sota,76.61865736,0.9365259152583644,0.9097539,0.6318359375,0.6170146,0.052745737,0.33023965,0.4911951019183307,SOTA
D:\uwiqa_dataset\SOTA\SOTA_Dataset\ACPAB\21.bmp,sota,40.11755004,0.3330865810840508,0.4347064,0.57958984375,0.49014023,0.21606088,0.2937989,0.4875795364416183,SOTA
D:\uwiqa_dataset\SOTA\SOTA_Dataset\funiegan\612.bmp,sota,56.91983293,0.6108633156598408,0.5366491,0.80419921875,0.54844826,0.13539371,0.31615806,0.503123088958326,SOTA
D:\uwiqa_dataset\SOTA\SOTA_Dataset\fusion12\134.bmp,sota,63.74023317,0.7236187382158249,0.6852847,0.611328125,0.3640309,0.2047058,0.43126324,0.48977590799289217,SOTA
D:\uwiqa_dataset\SOTA\SOTA_Dataset\HP\543.bmp,sota,62.78391792,0.7078088551714126,0.76627976,0.875,0.642817,0.07662556,0.28055745,0.5080226870342448,SOTA
D:\uwiqa_dataset\SOTA\SOTA_Dataset\fusion18\482.bmp,sota,66.44823868,0.7683877099505371,0.7985202,0.42822265625,0.47723696,0.15986463,0.36289844,0.47710453365861955,SOTA
D:\uwiqa_dataset\SOTA\SOTA_Dataset\twostep\555.bmp,sota,61.3134356,0.6834987194728799,0.54032326,0.1500244140625,0.6811311,0.04309399,0.27577487,0.45785249225341457,SOTA
D:\uwiqa_dataset\SOTA\SOTA_Dataset\IBLA\56.bmp,sota,67.07456927,0.7787422592218549,0.6629282,0.978515625,0.68398046,0.06506858,0.250951,0.5151862373245537,SOTA
D:\uwiqa_dataset\SOTA\SOTA_Dataset\fusion18\193.bmp,sota,56.28214409,0.6003209908572958,0.61496866,0.090087890625,0.607739,0.17121218,0.22104883,0.4537047290546627,SOTA
D:\uwiqa_dataset\SOTA\SOTA_Dataset\fusion12\283.bmp,sota,43.51830262,0.3893081048470395,0.41881195,0.5390625,0.38175943,0.3033741,0.31486648,0.4847749389222993,SOTA
D:\uwiqa_dataset\SOTA\SOTA_Dataset\twostep\432.bmp,sota,33.96334175,0.2313446991096154,0.08773646,0.8056640625,0.5559516,0.08865953,0.35538894,0.5032244599530002,SOTA
D:\uwiqa_dataset\SOTA\SOTA_Dataset\twostep\653.bmp,sota,44.17899931,0.4002307973344074,0.48736882,0.81982421875,0.41787532,0.20913216,0.3729925,0.504204379568184,SOTA
D:\uwiqa_dataset\SOTA\SOTA_Dataset\HP\305.bmp,sota,30.46992746,0.1735912842701274,0.26204693,0.375732421875,0.45906746,0.0744527,0.46647978,0.47347207301612804,SOTA
D:\uwiqa_dataset\SOTA\SOTA_Dataset\dive\469.bmp,sota,68.70038088,0.8056203116280544,0.8251674,0.83203125,0.48178765,0.0665819,0.4516304,0.5050491378571356,SOTA
D:\uwiqa_dataset\SOTA\SOTA_Dataset\dive\741.bmp,sota,63.97905248,0.7275669188600707,0.7958422,0.81396484375,0.65282893,0.091992855,0.25517824,0.5037988955894873,SOTA
D:\uwiqa_dataset\SOTA\SOTA_Dataset\IBLA\75.bmp,sota,36.43412156,0.2721918358927999,0.38808236,0.7578125,0.4419778,0.20410548,0.3539167,0.4999130074603103,SOTA
D:\uwiqa_dataset\SOTA\SOTA_Dataset\waternet\523.bmp,sota,50.49469833,0.5046424574537136,0.49085858,0.1461181640625,0.5155041,0.24411531,0.24038059,0.4575821696009501,SOTA
D:\uwiqa_dataset\SOTA\SOTA_Dataset\twostep\159.bmp,sota,51.06386172,0.5140519138323097,0.35130516,0.31396484375,0.5028146,0.12046413,0.37672126,0.4691975960740334,SOTA
D:\uwiqa_dataset\SOTA\SOTA_Dataset\funiegan\669.bmp,sota,51.44982929,0.5204327617176028,0.6482328,0.8974609375,0.595115,0.107894346,0.2969907,0.5095770422859156,SOTA
D:\uwiqa_dataset\SOTA\SOTA_Dataset\IBLA\798.bmp,sota,48.91005308,0.4784449707260017,0.5366446,0.927734375,0.45059904,0.12935214,0.42004886,0.5116720428425153,SOTA
D:\uwiqa_dataset\SOTA\SOTA_Dataset\dive\367.bmp,sota,70.36038764,0.8330636810907225,0.830462,0.455078125,0.46333924,0.115032725,0.42162806,0.47896300189431285,SOTA
D:\uwiqa_dataset\SOTA\SOTA_Dataset\waternet\628.bmp,sota,47.1317001,0.4490450917368483,0.50390637,0.91796875,0.4911853,0.21766357,0.29115102,0.5109962362113541,SOTA
D:\uwiqa_dataset\SOTA\SOTA_Dataset\fusion12\133.bmp,sota,64.7230822,0.7398672799123146,0.6760465,0.77197265625,0.40839925,0.25144258,0.34015816,0.500892927075494,SOTA
D:\uwiqa_dataset\SOTA\SOTA_Dataset\fusion18\598.bmp,sota,57.25245323,0.6163622220520554,0.72315615,0.9658203125,0.44849777,0.1797876,0.37171462,0.5143076887040441,SOTA
D:\uwiqa_dataset\SOTA\SOTA_Dataset\waternet\25.bmp,sota,49.13766045,0.4822077946480779,0.5112461,0.9462890625,0.2791111,0.36289728,0.3579916,0.5129560754417216,SOTA
D:\uwiqa_dataset\SOTA\SOTA_Dataset\twostep\629.bmp,sota,73.8801976,0.891253471336311,0.91004384,0.7138671875,0.3124378,0.15417822,0.533384,0.4968718776200849,SOTA
D:\uwiqa_dataset\SOTA\SOTA_Dataset\twostep\47.bmp,sota,65.5770314,0.7539848389263213,0.71488774,0.6943359375,0.53155667,0.111783065,0.35666028,0.4955202643577625,SOTA
D:\uwiqa_dataset\SOTA\SOTA_Dataset\funiegan\57.bmp,sota,53.4963176,0.5542654762255614,0.50259435,0.83544921875,0.48971212,0.14855638,0.36173147,0.5052856701780419,SOTA
D:\uwiqa_dataset\SOTA\SOTA_Dataset\IBLA\530.bmp,sota,50.57838503,0.5060259729203684,0.4814976,0.78662109375,0.44045684,0.21052936,0.34901378,0.5019066370222359,SOTA
D:\uwiqa_dataset\SOTA\SOTA_Dataset\IBLA\168.bmp,sota,35.8356009,0.2622970426912229,0.2872103,0.1490478515625,0.2994679,0.24514781,0.4553843,0.4577849115902985,SOTA
D:\uwiqa_dataset\SOTA\SOTA_Dataset\dive\435.bmp,sota,46.49355551,0.4384952324374964,0.5231829,0.153076171875,0.4050698,0.34548524,0.24944495,0.4580636818256525,SOTA
D:\uwiqa_dataset\SOTA\SOTA_Dataset\waternet\683.bmp,sota,46.69361257,0.4418025923492085,0.50632584,0.88330078125,0.39771786,0.23120224,0.3710799,0.5085971226707319,SOTA
D:\uwiqa_dataset\SOTA\SOTA_Dataset\fusion18\57.bmp,sota,72.46789101,0.8679051016321233,0.9011899,0.85009765625,0.5224486,0.045387514,0.43216383,0.5062993801247837,SOTA
D:\uwiqa_dataset\SOTA\SOTA_Dataset\IBLA\172.bmp,sota,52.4685472,0.5372742907137663,0.47810352,0.076416015625,0.5265657,0.22781394,0.24562038,0.452758599771037,SOTA
D:\uwiqa_dataset\SOTA\SOTA_Dataset\twostep\456.bmp,sota,27.571455,0.1256734971177736,0.22837444,0.9619140625,0.5707658,0.05932747,0.36990678,0.5140373660515796,SOTA
D:\uwiqa_dataset\SOTA\SOTA_Dataset\fusion12\457.bmp,sota,47.99474022,0.4633129425944347,0.38033274,0.60400390625,0.42184335,0.27088645,0.30727017,0.4892690530195213,SOTA
D:\uwiqa_dataset\SOTA\SOTA_Dataset\HP\476.bmp,sota,21.71617034,0.0288734453917956,0.02428155,0.3701171875,0.45641813,0.06597708,0.47760475,0.47308348420321034,SOTA
D:\uwiqa_dataset\SOTA\SOTA_Dataset\fusion18\215.bmp,sota,69.6212582,0.8208443318739428,0.74251765,0.322509765625,0.41505527,0.26217565,0.32276905,0.4697889268762995,SOTA
D:\uwiqa_dataset\SOTA\SOTA_Dataset\dive\516.bmp,sota,45.63216223,0.424254607275404,0.5053905,0.276611328125,0.4141683,0.27807617,0.3077555,0.46661263570984174,SOTA
D:\uwiqa_dataset\SOTA\SOTA_Dataset\funiegan\506.bmp,sota,65.54585336,0.7534694009826578,0.8211778,0.484375,0.6122294,0.059389237,0.32838133,0.4809904217877965,SOTA
D:\uwiqa_dataset\SOTA\SOTA_Dataset\waternet\618.bmp,sota,54.04211533,0.5632886495747325,0.7046931,0.9443359375,0.39119777,0.22288932,0.38591293,0.5128209141154895,SOTA
D:\uwiqa_dataset\SOTA\SOTA_Dataset\ACPAB\327.bmp,sota,37.15572788,0.284121491436104,0.36200005,0.0987548828125,0.70896786,0.06469037,0.22634171,0.45430450743981826,SOTA
D:\uwiqa_dataset\SOTA\SOTA_Dataset\twostep\147.bmp,sota,71.73489994,0.855787232457394,0.838007,0.63720703125,0.38131046,0.2369309,0.3817586,0.4915667955654694,SOTA
D:\uwiqa_dataset\SOTA\SOTA_Dataset\IBLA\667.bmp,sota,38.97473265,0.3141934291898187,0.28082114,0.87255859375,0.37169737,0.05336984,0.5749328,0.5078537353764545,SOTA
D:\uwiqa_dataset\SOTA\SOTA_Dataset\ACPAB\480.bmp,sota,69.54971865,0.8196616340987585,0.8854108,0.59619140625,0.5826806,0.08127906,0.33604038,0.4887284077145923,SOTA
D:\uwiqa_dataset\SOTA\SOTA_Dataset\HP\39.bmp,sota,37.62986443,0.2919599562128407,0.21227339,0.9951171875,0.54016083,0.08072927,0.37910995,0.5163351085975277,SOTA
D:\uwiqa_dataset\SOTA\SOTA_Dataset\twostep\331.bmp,sota,67.33071811,0.7829769330936374,0.7420851,0.34521484375,0.33045286,0.30610085,0.36344633,0.47136017729374924,SOTA
D:\uwiqa_dataset\SOTA\SOTA_Dataset\waternet\38.bmp,sota,57.23123806,0.6160114911017046,0.548059,0.9853515625,0.31157255,0.2715944,0.41683304,0.5156593019663664,SOTA
D:\uwiqa_dataset\SOTA\SOTA_Dataset\dive\481.bmp,sota,55.82150556,0.5927056764669312,0.5137343,0.1602783203125,0.43608642,0.26081535,0.30309823,0.45856208921613384,SOTA
D:\uwiqa_dataset\SOTA\SOTA_Dataset\funiegan\366.bmp,sota,51.23810685,0.5169325487760257,0.5051081,0.78125,0.43328896,0.22173034,0.34498066,0.5015349433750972,SOTA
D:\uwiqa_dataset\SOTA\SOTA_Dataset\twostep\753.bmp,sota,59.91262182,0.6603403498570017,0.64449424,0.138427734375,0.4745888,0.23315075,0.29226047,0.45704997187891067,SOTA
D:\uwiqa_dataset\SOTA\SOTA_Dataset\IBLA\766.bmp,sota,49.28049039,0.4845690710646575,0.44864,0.1470947265625,0.48842737,0.2561108,0.25546187,0.45764975026406624,SOTA
D:\uwiqa_dataset\SOTA\SOTA_Dataset\dive\620.bmp,sota,41.77022922,0.3604088103862973,0.34870452,0.70068359375,0.4888339,0.09007394,0.42109215,0.49595953866801723,SOTA
D:\uwiqa_dataset\SOTA\SOTA_Dataset\ACPAB\749.bmp,sota,67.62976173,0.7879207470267284,0.73601353,0.888671875,0.6093163,0.055513278,0.33517045,0.5089688163178705,SOTA
D:\uwiqa_dataset\SOTA\SOTA_Dataset\IBLA\328.bmp,sota,44.71771537,0.4091368959276762,0.41075152,0.9111328125,0.35939646,0.14398155,0.49662206,0.5105231715695413,SOTA
D:\uwiqa_dataset\SOTA\SOTA_Dataset\HP\516.bmp,sota,22.6845811,0.0448832924109145,-0.00017830264,0.175537109375,0.31925052,0.10508377,0.5756657,0.45961803707732324,SOTA
D:\uwiqa_dataset\SOTA\SOTA_Dataset\ACPAB\83.bmp,sota,58.47489709,0.6365717653537647,0.53207445,0.73095703125,0.6147592,0.13529964,0.24994114,0.498054539224617,SOTA
D:\uwiqa_dataset\SOTA\SOTA_Dataset\IBLA\614.bmp,sota,50.57902227,0.5060365078249109,0.5369065,0.85888671875,0.49452215,0.11631803,0.38915977,0.5069076060928288,SOTA
D:\uwiqa_dataset\SOTA\SOTA_Dataset\twostep\253.bmp,sota,47.70164999,0.4584675505986886,0.43350348,0.88232421875,0.2523324,0.30138597,0.44628164,0.5085295420076157,SOTA
D:\uwiqa_dataset\SOTA\SOTA_Dataset\dive\402.bmp,sota,49.61931845,0.4901706046601587,0.5496029,0.8056640625,0.44610056,0.22815908,0.32574034,0.5032244599530002,SOTA
D:\uwiqa_dataset\SOTA\SOTA_Dataset\fusion18\733.bmp,sota,63.57689972,0.7209184960710506,0.7201805,0.78271484375,0.5177517,0.10620734,0.37604094,0.5016363143697714,SOTA
D:\uwiqa_dataset\SOTA\SOTA_Dataset\waternet\461.bmp,sota,43.03080779,0.3812487998772026,0.40495896,0.93994140625,0.40949222,0.19895773,0.39155003,0.5125168011314669,SOTA
D:\uwiqa_dataset\SOTA\SOTA_Dataset\waternet\438.bmp,sota,49.3261236,0.4853234830778939,0.560915,0.87744140625,0.43751103,0.17588578,0.3866032,0.5081916386920351,SOTA
D:\uwiqa_dataset\SOTA\SOTA_Dataset\fusion12\290.bmp,sota,44.0309094,0.3977825626574454,0.42639422,0.390380859375,0.37949002,0.22963871,0.3908713,0.47448578296286986,SOTA
D:\uwiqa_dataset\SOTA\SOTA_Dataset\fusion12\266.bmp,sota,38.87367516,0.3125227383818849,0.24923444,0.494140625,0.47752586,0.21949208,0.3029821,0.4816662284189577,SOTA
D:\uwiqa_dataset\SOTA\SOTA_Dataset\twostep\29.bmp,sota,52.08363702,0.5309109236876692,0.48057228,0.9033203125,0.22782105,0.36360863,0.40857032,0.5099825262646124,SOTA
D:\uwiqa_dataset\SOTA\SOTA_Dataset\ACPAB\668.bmp,sota,48.33052386,0.4688641455859452,0.4988134,0.55078125,0.58462065,0.12728979,0.28808957,0.4855859068796927,SOTA
D:\uwiqa_dataset\SOTA\SOTA_Dataset\ACPAB\455.bmp,sota,34.36707399,0.2380192339930219,0.2571536,0.236572265625,0.60556006,0.089403525,0.30503643,0.4638418285220808,SOTA
D:\uwiqa_dataset\SOTA\SOTA_Dataset\funiegan\306.bmp,sota,55.53555317,0.5879782878341868,0.39484757,0.39794921875,0.32390556,0.40281373,0.27328074,0.47500953310201977,SOTA
D:\uwiqa_dataset\SOTA\SOTA_Dataset\twostep\354.bmp,sota,45.27730008,0.4183879967739102,0.4653968,0.93115234375,0.51907325,0.14623609,0.3346907,0.5119085751634218,SOTA
D:\uwiqa_dataset\SOTA\SOTA_Dataset\funiegan\235.bmp,sota,63.33566215,0.716930336551877,0.62973714,0.5927734375,0.3861065,0.29343554,0.32045794,0.4884918753936859,SOTA
D:\uwiqa_dataset\SOTA\SOTA_Dataset\fusion12\335.bmp,sota,44.1276973,0.399382668249314,0.3758688,0.33642578125,0.24957699,0.26286167,0.4875614,0.4707519513257042,SOTA
D:\uwiqa_dataset\SOTA\SOTA_Dataset\HP\67.bmp,sota,22.54679565,0.0426054119214821,0.0075027747,0.95166015625,0.33158973,0.08025284,0.5881574,0.5133277690888604,SOTA
D:\uwiqa_dataset\SOTA\SOTA_Dataset\waternet\6.bmp,sota,55.63481604,0.5896193098354072,0.62060523,0.91748046875,0.44905487,0.16171528,0.38922986,0.5109624458797961,SOTA
D:\uwiqa_dataset\SOTA\SOTA_Dataset\HP\530.bmp,sota,23.91306115,0.0651926265064377,0.045548245,0.4609375,0.4714766,0.06755117,0.46097222,0.47936848587300956,SOTA
D:\uwiqa_dataset\SOTA\SOTA_Dataset\fusion18\695.bmp,sota,65.49372776,0.7526076562393634,0.61099625,0.8798828125,0.38989508,0.25307658,0.3570284,0.5083605903498254,SOTA
D:\uwiqa_dataset\SOTA\SOTA_Dataset\ACPAB\420.bmp,sota,23.64476208,0.0607570840243696,0.14438371,0.8447265625,0.59576845,0.06772216,0.33650944,0.5059276864776451,SOTA
D:\uwiqa_dataset\SOTA\SOTA_Dataset\funiegan\766.bmp,sota,47.55237269,0.4559996858917464,0.31566033,0.43017578125,0.5212926,0.2177285,0.26097885,0.47723969498485175,SOTA
D:\uwiqa_dataset\SOTA\SOTA_Dataset\waternet\186.bmp,sota,52.32607239,0.5349188853358064,0.6422574,0.055816650390625,0.73941517,0.05520275,0.20538205,0.4513330701584313,SOTA
D:\uwiqa_dataset\SOTA\SOTA_Dataset\dive\660.bmp,sota,75.49931634,0.9180208766604614,0.741061,0.76611328125,0.47415495,0.1189999,0.4068452,0.5004874430967974,SOTA
D:\uwiqa_dataset\SOTA\SOTA_Dataset\HP\243.bmp,sota,22.58519616,0.0432402523383276,0.23017,0.291015625,0.2547585,0.114994176,0.63024735,0.46760945049080455,SOTA
D:\uwiqa_dataset\SOTA\SOTA_Dataset\fusion12\286.bmp,sota,43.69636135,0.3922517865423136,0.46945614,0.289306640625,0.35644144,0.32838485,0.31517372,0.4674911843303513,SOTA
D:\uwiqa_dataset\SOTA\SOTA_Dataset\HP\489.bmp,sota,22.92945137,0.0489315080278396,0.1116079,0.90185546875,0.39920148,0.13710588,0.46369264,0.5098811552699382,SOTA
D:\uwiqa_dataset\SOTA\SOTA_Dataset\fusion18\798.bmp,sota,61.47000869,0.6860871987853268,0.76208967,0.94140625,0.43506998,0.120483994,0.4444461,0.512618172126141,SOTA
D:\uwiqa_dataset\SOTA\SOTA_Dataset\HP\278.bmp,sota,23.03402562,0.0506603382038273,-0.010697921,0.79833984375,0.38901496,0.052859806,0.5581253,0.5027176049796294,SOTA
D:\uwiqa_dataset\SOTA\SOTA_Dataset\waternet\331.bmp,sota,60.63830654,0.6723374298474307,0.64891446,0.75634765625,0.4642919,0.26817584,0.26753226,0.49981163646563614,SOTA
D:\uwiqa_dataset\SOTA\SOTA_Dataset\fusion18\145.bmp,sota,72.86507624,0.8744714008031005,0.82697487,0.6279296875,0.38721013,0.24500832,0.3677815,0.49092477926586625,SOTA
D:\uwiqa_dataset\SOTA\SOTA_Dataset\dive\48.bmp,sota,56.98242403,0.6118980769173037,0.63668793,0.478515625,0.417643,0.1567046,0.42565238,0.4805849378090998,SOTA
D:\uwiqa_dataset\SOTA\SOTA_Dataset\fusion12\159.bmp,sota,28.07670445,0.13402632293829,0.06197756,0.355712890625,0.6351123,0.07274074,0.29214698,0.47208666942224753,SOTA
D:\uwiqa_dataset\SOTA\SOTA_Dataset\fusion12\90.bmp,sota,53.30054143,0.5510288883424518,0.64767855,0.689453125,0.4832933,0.18024689,0.3364598,0.4951823610421819,SOTA
D:\uwiqa_dataset\SOTA\SOTA_Dataset\HP\46.bmp,sota,22.08375776,0.034950431112558,0.06658064,0.5234375,0.387159,0.037899017,0.57494205,0.4836936483124413,SOTA
D:\uwiqa_dataset\SOTA\SOTA_Dataset\IBLA\669.bmp,sota,45.31868253,0.4190721348702034,0.36678928,0.83984375,0.61151,0.09628456,0.29220548,0.5055897831620645,SOTA
D:\uwiqa_dataset\SOTA\SOTA_Dataset\fusion12\418.bmp,sota,43.76861525,0.3934462940109572,0.41239476,0.486328125,0.22865705,0.29695284,0.47439012,0.48112558311402875,SOTA
D:\uwiqa_dataset\SOTA\SOTA_Dataset\IBLA\49.bmp,sota,57.68292151,0.6234787593666379,0.5529243,0.8388671875,0.53818834,0.06830575,0.3935059,0.5055222024989484,SOTA
D:\uwiqa_dataset\SOTA\SOTA_Dataset\IBLA\259.bmp,sota,54.53279516,0.5714006092287817,0.48654217,0.127685546875,0.58991975,0.13060294,0.2794773,0.4563065845846333,SOTA
D:\uwiqa_dataset\SOTA\SOTA_Dataset\dive\411.bmp,sota,58.05587991,0.6296445385743115,0.4762402,0.6943359375,0.61582476,0.11951803,0.2646572,0.4955202643577625,SOTA
D:\uwiqa_dataset\SOTA\SOTA_Dataset\fusion18\49.bmp,sota,61.9045228,0.6932706220970922,0.73788565,0.8447265625,0.4545489,0.11723141,0.4282197,0.5059276864776451,SOTA
D:\uwiqa_dataset\SOTA\SOTA_Dataset\waternet\564.bmp,sota,59.01836697,0.6455564544936282,0.6194371,0.63525390625,0.27426815,0.40576804,0.31996384,0.49143163423923714,SOTA
D:\uwiqa_dataset\SOTA\SOTA_Dataset\fusion18\692.bmp,sota,57.37006078,0.6183065198248242,0.6169342,0.5078125,0.41865864,0.18569845,0.3956429,0.48261235770258337,SOTA
D:\uwiqa_dataset\SOTA\SOTA_Dataset\HP\183.bmp,sota,23.20130807,0.053425865544192,0.00029403996,0.2239990234375,0.41591913,0.028121868,0.555959,0.46297172748446075,SOTA
D:\uwiqa_dataset\SOTA\SOTA_Dataset\fusion12\727.bmp,sota,43.76839251,0.3934426116547997,0.42869103,0.63525390625,0.28840536,0.22691913,0.48467553,0.49143163423923714,SOTA
D:\uwiqa_dataset\SOTA\SOTA_Dataset\ACPAB\636.bmp,sota,69.12648734,0.8126647389725609,0.726076,0.9697265625,0.3957869,0.21589826,0.38831478,0.5145780113565086,SOTA
D:\uwiqa_dataset\SOTA\SOTA_Dataset\fusion12\194.bmp,sota,36.43329306,0.2721781390620714,0.3177647,0.10089111328125,0.5998948,0.19812277,0.20198242,0.45445234014038477,SOTA
D:\uwiqa_dataset\SOTA\SOTA_Dataset\ACPAB\541.bmp,sota,46.5421977,0.4392993891577036,0.32253352,0.91943359375,0.5559365,0.10191851,0.342145,0.5110976072060284,SOTA
D:\uwiqa_dataset\SOTA\SOTA_Dataset\IBLA\272.bmp,sota,47.74983055,0.4592640756134412,0.45417255,0.381103515625,0.26964307,0.4013702,0.32898673,0.4738437666632667,SOTA
D:\uwiqa_dataset\SOTA\SOTA_Dataset\HP\117.bmp,sota,40.65848086,0.3420292942733657,0.35484347,0.67919921875,0.55694014,0.07343541,0.36962444,0.4944727640794626,SOTA
D:\uwiqa_dataset\SOTA\SOTA_Dataset\HP\70.bmp,sota,52.78727806,0.5425435757316982,0.6693078,0.86865234375,0.661465,0.100677036,0.23785801,0.5075834127239901,SOTA
D:\uwiqa_dataset\SOTA\SOTA_Dataset\HP\431.bmp,sota,61.32108699,0.6836252128870833,0.63866675,0.18359375,0.68773615,0.08152857,0.23073527,0.46017557754803123,SOTA
D:\uwiqa_dataset\SOTA\SOTA_Dataset\ACPAB\136.bmp,sota,38.52439292,0.3067483754153942,0.458718,0.74609375,0.4942587,0.20181336,0.30392802,0.49910203950291687,SOTA
D:\uwiqa_dataset\SOTA\SOTA_Dataset\dive\24.bmp,sota,56.26567262,0.60004868314886,0.54079294,0.37939453125,0.4578879,0.23590127,0.30621082,0.4737255005028135,SOTA
D:\uwiqa_dataset\SOTA\SOTA_Dataset\IBLA\450.bmp,sota,43.65064087,0.3914959317741978,0.48612282,0.55078125,0.36087868,0.1321717,0.5069496,0.4855859068796927,SOTA
D:\uwiqa_dataset\SOTA\SOTA_Dataset\twostep\682.bmp,sota,68.98061257,0.8102531251738366,0.7356217,0.98876953125,0.5695331,0.09083427,0.33963257,0.5158958342872729,SOTA
D:\uwiqa_dataset\SOTA\SOTA_Dataset\twostep\553.bmp,sota,46.06655552,0.4314360331809069,0.47834554,0.9267578125,0.29187092,0.21943755,0.48869148,0.5116044621793993,SOTA
D:\uwiqa_dataset\SOTA\SOTA_Dataset\IBLA\6.bmp,sota,54.18173094,0.5655967864211062,0.541221,0.94873046875,0.44298545,0.17896818,0.37804636,0.513125027099512,SOTA
D:\uwiqa_dataset\SOTA\SOTA_Dataset\fusion18\124.bmp,sota,59.96854193,0.6612648257543908,0.69652045,0.9931640625,0.54002273,0.12737404,0.3326032,0.5161999472712955,SOTA
D:\uwiqa_dataset\SOTA\SOTA_Dataset\dive\292.bmp,sota,75.50785911,0.9181621064427694,0.73806816,0.1883544921875,0.5019402,0.0894848,0.40857494,0.46050503328072234,SOTA
D:\uwiqa_dataset\SOTA\SOTA_Dataset\twostep\180.bmp,sota,64.32110869,0.7332218204991643,0.901566,0.24365234375,0.57668525,0.088132106,0.33518267,0.4643317883296727,SOTA
D:\uwiqa_dataset\SOTA\SOTA_Dataset\funiegan\276.bmp,sota,56.58133672,0.6052672682360682,0.7691915,0.08154296875,0.66557586,0.08472809,0.24969609,0.4531133982523966,SOTA
D:\uwiqa_dataset\SOTA\SOTA_Dataset\waternet\380.bmp,sota,53.46646706,0.5537719846220212,0.5775379,0.66015625,0.36032048,0.30447417,0.33520538,0.49315494114869823,SOTA
D:\uwiqa_dataset\SOTA\SOTA_Dataset\HP\558.bmp,sota,26.90285415,0.1146201324015937,0.19300562,0.6298828125,0.4695985,0.1505259,0.3798756,0.4910599405920985,SOTA
D:\uwiqa_dataset\SOTA\SOTA_Dataset\waternet\476.bmp,sota,54.93149471,0.5779919432636199,0.5539994,0.74755859375,0.60569227,0.084693536,0.3096142,0.49920341049759104,SOTA
D:\uwiqa_dataset\SOTA\SOTA_Dataset\HP\680.bmp,sota,36.91546933,0.2801495171567855,0.17505881,0.6875,0.5698237,0.044101294,0.38607505,0.4950471997159496,SOTA
D:\uwiqa_dataset\SOTA\SOTA_Dataset\fusion12\775.bmp,sota,51.25833028,0.5172668841984264,0.773337,0.67919921875,0.3344318,0.22852907,0.4370391,0.4944727640794626,SOTA
D:\uwiqa_dataset\SOTA\SOTA_Dataset\funiegan\706.bmp,sota,55.19115293,0.5822846344966839,0.5840389,0.62255859375,0.48242036,0.1457436,0.37183604,0.49055308561872757,SOTA
D:\uwiqa_dataset\SOTA\SOTA_Dataset\ACPAB\342.bmp,sota,57.57814139,0.6217465257307323,0.7010747,0.94482421875,0.64884675,0.039565846,0.3115874,0.5128547044470475,SOTA
D:\uwiqa_dataset\SOTA\SOTA_Dataset\ACPAB\410.bmp,sota,29.32302774,0.1546306429576844,0.087051414,0.1470947265625,0.5153953,0.14984386,0.33476084,0.45764975026406624,SOTA
D:\uwiqa_dataset\SOTA\SOTA_Dataset\waternet\511.bmp,sota,56.68119489,0.6069181317862721,0.5013821,0.78125,0.5266411,0.1260696,0.3472893,0.5015349433750972,SOTA
D:\uwiqa_dataset\SOTA\SOTA_Dataset\ACPAB\627.bmp,sota,35.3900808,0.2549316674397722,0.19277029,0.60400390625,0.626467,0.10460419,0.2689288,0.4892690530195213,SOTA
D:\uwiqa_dataset\SOTA\SOTA_Dataset\twostep\621.bmp,sota,65.08466731,0.7458450349462337,0.95358753,0.91796875,0.54098725,0.06116452,0.39784825,0.5109962362113541,SOTA
D:\uwiqa_dataset\SOTA\SOTA_Dataset\funiegan\350.bmp,sota,52.37148315,0.5356696197871895,0.7008063,0.8681640625,0.5074918,0.14021103,0.35229716,0.507549622392432,SOTA
D:\uwiqa_dataset\SOTA\SOTA_Dataset\fusion12\683.bmp,sota,52.8480235,0.543547824384934,0.4774606,0.8173828125,0.5123073,0.15633899,0.3313537,0.5040354279103937,SOTA
D:\uwiqa_dataset\SOTA\SOTA_Dataset\HP\595.bmp,sota,44.30031671,0.4022364266551278,0.4448029,0.91162109375,0.44515762,0.038069956,0.51677245,0.5105569619010993,SOTA
D:\uwiqa_dataset\SOTA\SOTA_Dataset\twostep\326.bmp,sota,45.02268654,0.4141787046090892,0.38280356,0.92578125,0.3877939,0.19631507,0.415891,0.5115368815162831,SOTA
D:\uwiqa_dataset\SOTA\SOTA_Dataset\fusion12\670.bmp,sota,59.49190307,0.6533849925811541,0.66498363,0.796875,0.60961074,0.119351596,0.27103773,0.5026162339849551,SOTA
D:\uwiqa_dataset\SOTA\SOTA_Dataset\fusion18\376.bmp,sota,58.10986274,0.630536987198033,0.74657404,0.8984375,0.43617046,0.16933724,0.39449233,0.5096446229490318,SOTA
D:\uwiqa_dataset\SOTA\SOTA_Dataset\dive\79.bmp,sota,63.58329624,0.7210242438703157,0.67137915,0.83984375,0.5434504,0.12661114,0.32993844,0.5055897831620645,SOTA
D:\uwiqa_dataset\SOTA\SOTA_Dataset\fusion12\174.bmp,sota,50.52665523,0.5051707715755077,0.46868166,0.332763671875,0.5697973,0.17226902,0.25793368,0.4704985238390187,SOTA
D:\uwiqa_dataset\SOTA\SOTA_Dataset\twostep\696.bmp,sota,40.87165176,0.3455534532758204,0.39972186,0.7490234375,0.45988163,0.1731537,0.36696467,0.49930478149226526,SOTA
D:\uwiqa_dataset\SOTA\SOTA_Dataset\dive\7.bmp,sota,47.60804303,0.4569200325707758,0.23061185,0.443603515625,0.5315265,0.119651645,0.34882188,0.4781689291026984,SOTA
D:\uwiqa_dataset\SOTA\SOTA_Dataset\twostep\638.bmp,sota,56.25351486,0.5998476900519896,0.6384907,0.98583984375,0.497914,0.11669033,0.3853957,0.5156930922979246,SOTA
D:\uwiqa_dataset\SOTA\SOTA_Dataset\twostep\690.bmp,sota,36.34062934,0.2706462147560853,0.23470365,0.8759765625,0.3457246,0.11068821,0.5435872,0.508090267697361,SOTA
D:\uwiqa_dataset\SOTA\SOTA_Dataset\HP\59.bmp,sota,35.79501626,0.2616260940560321,0.25772655,0.9814453125,0.71846944,0.022377376,0.25915313,0.515388979313902,SOTA
D:\uwiqa_dataset\SOTA\SOTA_Dataset\funiegan\604.bmp,sota,67.90314323,0.792440312663171,0.7178096,0.92919921875,0.30726135,0.29222125,0.40051743,0.5117734138371896,SOTA
D:\uwiqa_dataset\SOTA\SOTA_Dataset\funiegan\555.bmp,sota,36.21948969,0.2686435240131102,0.40099338,0.77734375,0.5579829,0.14214717,0.29986992,0.5012646207226328,SOTA
D:\uwiqa_dataset\SOTA\SOTA_Dataset\twostep\63.bmp,sota,37.11993139,0.2835297008939156,0.3154889,0.97021484375,0.4263339,0.18148756,0.39217857,0.5146118016880666,SOTA
D:\uwiqa_dataset\SOTA\SOTA_Dataset\fusion18\779.bmp,sota,60.30275128,0.6667900024530256,0.71501887,0.9599609375,0.39110214,0.18974666,0.41915116,0.5139022047253473,SOTA
D:\uwiqa_dataset\SOTA\SOTA_Dataset\ACPAB\287.bmp,sota,70.14707501,0.8295371789961505,0.81510955,0.435791015625,0.46873137,0.1683345,0.36293414,0.47762828379776945,SOTA
D:\uwiqa_dataset\SOTA\SOTA_Dataset\funiegan\72.bmp,sota,49.92973192,0.4953023858966393,0.5805166,0.88232421875,0.40003762,0.30953634,0.29042605,0.5085295420076157,SOTA
D:\uwiqa_dataset\SOTA\SOTA_Dataset\ACPAB\415.bmp,sota,30.85263234,0.1799181930936831,0.23879789,0.28466796875,0.62569326,0.122943066,0.25136366,0.46717017618054973,SOTA
D:\uwiqa_dataset\SOTA\SOTA_Dataset\fusion12\369.bmp,sota,44.46466725,0.4049534834161551,0.35502055,0.267333984375,0.23692206,0.25821054,0.50486743,0.4659706194102386,SOTA
D:\uwiqa_dataset\SOTA\SOTA_Dataset\funiegan\82.bmp,sota,45.34394408,0.4194897609103827,0.3906358,0.61865234375,0.3867944,0.23260912,0.38059646,0.4902827629662631,SOTA
D:\uwiqa_dataset\SOTA\SOTA_Dataset\funiegan\271.bmp,sota,52.22519714,0.5332512073346705,0.68701166,0.1259765625,0.49292022,0.13188383,0.3751959,0.4561883184241801,SOTA
D:\uwiqa_dataset\SOTA\SOTA_Dataset\HP\672.bmp,sota,32.26100791,0.2032015748491319,0.13056652,0.638671875,0.5685395,0.10058539,0.33087513,0.49166816656014356,SOTA
D:\uwiqa_dataset\SOTA\SOTA_Dataset\funiegan\37.bmp,sota,57.35005457,0.6179757755014832,0.6594548,0.544921875,0.28373036,0.3652272,0.35104245,0.485180422900996,SOTA
D:\uwiqa_dataset\SOTA\SOTA_Dataset\funiegan\508.bmp,sota,78.16106879,0.9620251889703174,0.99243695,0.95556640625,0.5408756,0.029200723,0.42992365,0.5135980917413248,SOTA
D:\uwiqa_dataset\SOTA\SOTA_Dataset\fusion18\33.bmp,sota,71.14641673,0.8460583792118764,0.83341366,0.87841796875,0.47874406,0.14178093,0.379475,0.5082592193551513,SOTA
D:\uwiqa_dataset\SOTA\SOTA_Dataset\funiegan\623.bmp,sota,62.11194571,0.6966997548520407,0.7415737,0.94970703125,0.5936673,0.16968393,0.23664878,0.5131926077626281,SOTA
D:\uwiqa_dataset\SOTA\SOTA_Dataset\funiegan\252.bmp,sota,55.21269248,0.5826407281241036,0.71646017,0.25537109375,0.43409023,0.21696228,0.3489475,0.46514275628706614,SOTA
D:\uwiqa_dataset\SOTA\SOTA_Dataset\IBLA\704.bmp,sota,51.24606345,0.5170640879472678,0.57049423,0.267333984375,0.58242863,0.15344012,0.26413128,0.4659706194102386,SOTA
D:\uwiqa_dataset\SOTA\SOTA_Dataset\twostep\472.bmp,sota,31.47884192,0.1902707418176426,0.16963252,0.1259765625,0.4421266,0.2824278,0.27544555,0.4561883184241801,SOTA
D:\uwiqa_dataset\SOTA\SOTA_Dataset\HP\776.bmp,sota,24.44840396,0.0740429582508777,0.068201825,0.4765625,0.6750771,0.04655897,0.2783639,0.4804497764828675,SOTA
D:\uwiqa_dataset\SOTA\SOTA_Dataset\ACPAB\400.bmp,sota,66.75097976,0.7733926505990723,0.785223,0.7265625,0.49065703,0.0844889,0.4248541,0.49775042624059446,SOTA
D:\uwiqa_dataset\SOTA\SOTA_Dataset\ACPAB\419.bmp,sota,42.27402737,0.3687376431948208,0.47105703,0.59619140625,0.6890136,0.089574,0.22141246,0.4887284077145923,SOTA
D:\uwiqa_dataset\SOTA\SOTA_Dataset\twostep\211.bmp,sota,33.77254627,0.2281904524067603,0.24281123,0.422607421875,0.5216338,0.18085644,0.29750976,0.47671594484570184,SOTA
D:\uwiqa_dataset\SOTA\SOTA_Dataset\twostep\678.bmp,sota,43.76806874,0.3934372590623012,0.3561382,0.96337890625,0.64017165,0.091767564,0.26806086,0.5141387370462538,SOTA
D:\uwiqa_dataset\SOTA\SOTA_Dataset\twostep\727.bmp,sota,41.04070484,0.3483482528182282,0.41100112,0.57373046875,0.2700319,0.19626114,0.533707,0.48717405246292156,SOTA
D:\uwiqa_dataset\SOTA\SOTA_Dataset\waternet\292.bmp,sota,47.15229973,0.4493856465288566,0.4136511,0.57177734375,0.1399027,0.28357384,0.5765235,0.4870388911366893,SOTA
D:\uwiqa_dataset\SOTA\SOTA_Dataset\waternet\97.bmp,sota,57.02427121,0.6125898979685088,0.8418347,0.9765625,0.36535928,0.18276048,0.45188025,0.5150510759983215,SOTA
D:\uwiqa_dataset\SOTA\SOTA_Dataset\ACPAB\645.bmp,sota,62.39323252,0.7013500117291905,0.76593256,0.94970703125,0.6954152,0.09938177,0.20520303,0.5131926077626281,SOTA
D:\uwiqa_dataset\SOTA\SOTA_Dataset\fusion18\678.bmp,sota,63.40522608,0.7180803732133333,0.5840385,0.97119140625,0.63125163,0.09846085,0.27028748,0.5146793823511827,SOTA
D:\uwiqa_dataset\SOTA\SOTA_Dataset\fusion12\211.bmp,sota,40.04738618,0.3319266263300672,0.27095026,0.57763671875,0.57508385,0.14421801,0.28069815,0.487444375115386,SOTA
D:\uwiqa_dataset\SOTA\SOTA_Dataset\dive\522.bmp,sota,64.33846243,0.733508713968429,0.6905719,0.8310546875,0.7038056,0.06998919,0.22620519,0.5049815571940194,SOTA
D:\uwiqa_dataset\SOTA\SOTA_Dataset\funiegan\293.bmp,sota,62.60473057,0.7048465150366734,0.71689975,0.1044921875,0.4710048,0.20755422,0.32144094,0.45470154383562544,SOTA
D:\uwiqa_dataset\SOTA\SOTA_Dataset\funiegan\470.bmp,sota,63.00146752,0.7114054032055034,0.5503941,0.92724609375,0.6106935,0.10543754,0.28386894,0.5116382525109573,SOTA
D:\uwiqa_dataset\SOTA\SOTA_Dataset\fusion18\42.bmp,sota,64.25702061,0.7321623110441587,0.7518815,0.6279296875,0.4386636,0.17331149,0.3880249,0.49092477926586625,SOTA
D:\uwiqa_dataset\SOTA\SOTA_Dataset\IBLA\243.bmp,sota,45.08352696,0.4151845234795641,0.529646,0.478515625,0.1840631,0.3803523,0.43558463,0.4805849378090998,SOTA
D:\uwiqa_dataset\SOTA\SOTA_Dataset\dive\348.bmp,sota,45.53820127,0.422701236890125,0.44780022,0.42626953125,0.47678506,0.2443103,0.27890468,0.4769693723323873,SOTA
D:\uwiqa_dataset\SOTA\SOTA_Dataset\HP\746.bmp,sota,53.00805483,0.54619347560794,0.32956183,0.56201171875,0.60389227,0.10086114,0.29524657,0.4863630845055281,SOTA
D:\uwiqa_dataset\SOTA\SOTA_Dataset\waternet\194.bmp,sota,45.37786355,0.4200505204022223,0.31862587,0.0838623046875,0.61751956,0.2071426,0.17533778,0.4532739023272974,SOTA
D:\uwiqa_dataset\SOTA\SOTA_Dataset\fusion18\632.bmp,sota,58.55790617,0.6379440783503671,0.62292707,0.81298828125,0.3626364,0.27794233,0.35942134,0.5037313149263711,SOTA
D:\uwiqa_dataset\SOTA\SOTA_Dataset\dive\322.bmp,sota,61.42847644,0.6854005841830066,0.69790286,0.1634521484375,0.46099034,0.19690563,0.34210402,0.45878172637126124,SOTA
D:\uwiqa_dataset\SOTA\SOTA_Dataset\fusion12\637.bmp,sota,56.67396351,0.6067985820122307,0.61397165,0.9794921875,0.33684254,0.35679334,0.30636412,0.5152538179876698,SOTA
D:\uwiqa_dataset\SOTA\SOTA_Dataset\twostep\581.bmp,sota,25.9045807,0.0981165929141267,0.14566153,0.92822265625,0.40960014,0.05404563,0.53635424,0.5117058331740734,SOTA
D:\uwiqa_dataset\SOTA\SOTA_Dataset\fusion18\616.bmp,sota,48.1189579,0.4653665195847088,0.5533929,0.92919921875,0.56751275,0.10541269,0.3270746,0.5117734138371896,SOTA
D:\uwiqa_dataset\SOTA\SOTA_Dataset\IBLA\724.bmp,sota,38.88670409,0.3127381337334637,0.37032497,0.474609375,0.40832797,0.23015846,0.36151356,0.48031461515663526,SOTA
D:\uwiqa_dataset\SOTA\SOTA_Dataset\funiegan\422.bmp,sota,58.24569742,0.6327826173959987,0.45569548,0.236572265625,0.51237243,0.21504185,0.27258572,0.4638418285220808,SOTA
D:\uwiqa_dataset\SOTA\SOTA_Dataset\fusion18\102.bmp,sota,67.69727669,0.7890369099461717,0.5525518,0.84912109375,0.68490434,0.059080824,0.25601488,0.5062317994616676,SOTA
D:\uwiqa_dataset\SOTA\SOTA_Dataset\fusion12\725.bmp,sota,50.88884222,0.5111584769395158,0.5266918,0.6494140625,0.47455162,0.11429187,0.4111565,0.4924115538544209,SOTA
D:\uwiqa_dataset\SOTA\SOTA_Dataset\twostep\333.bmp,sota,53.38916691,0.5524940521297645,0.46472484,0.9521484375,0.58380264,0.061036035,0.3551613,0.5133615594204184,SOTA
D:\uwiqa_dataset\SOTA\SOTA_Dataset\fusion18\372.bmp,sota,56.98671816,0.6119690678306845,0.71899676,0.96533203125,0.35094917,0.20437661,0.44467425,0.514273898372486,SOTA
