image_path,dataset,mos,mos_norm,pred,clipiqa_score,r_clip,r_attr,r_phys,clipiqa_linear_pred,clipiqa_dataset
D:\uwiqa_dataset\UIQD\images\4081.jpg,uiqd,1.75,0.1875,0.10230561,0.2958984375,0.316333,0.34131762,0.3423494,0.18234989466637302,UIQD
D:\uwiqa_dataset\UIQD\images\3842.jpg,uiqd,4.25,0.8125,0.8837715,0.923828125,0.62216514,0.12705304,0.25078183,0.6313331604365727,UIQD
D:\uwiqa_dataset\UIQD\images\713.jpg,uiqd,1.666666667,0.16666666675,0.19754422,0.5869140625,0.3404763,0.31785524,0.34166846,0.3904323413219244,UIQD
D:\uwiqa_dataset\UIQD\images\3647.jpg,uiqd,4.083333333,0.7708333332499999,0.70234,0.931640625,0.5587117,0.13638607,0.30490223,0.6369192663870573,UIQD
D:\uwiqa_dataset\UIQD\images\3134.jpg,uiqd,4.25,0.8125,0.81858766,0.98193359375,0.4874547,0.21523702,0.2973082,0.672879823443302,UIQD
D:\uwiqa_dataset\UIQD\images\157.jpg,uiqd,4.25,0.8125,0.609517,0.56396484375,0.42845193,0.29181972,0.27972835,0.3740231550923759,UIQD
D:\uwiqa_dataset\UIQD\images\4910.jpg,uiqd,1.75,0.1875,0.09799736,0.420654296875,0.36351877,0.29829952,0.33818167,0.271553024063174,UIQD
D:\uwiqa_dataset\UIQD\images\2918.jpg,uiqd,2.916666667,0.4791666667499999,0.4904884,0.43212890625,0.45641977,0.22973631,0.313844,0.2797576171779482,UIQD
D:\uwiqa_dataset\UIQD\images\3692.jpg,uiqd,1.25,0.0625,0.123012885,0.204345703125,0.32766244,0.33880132,0.33353624,0.11688771555913163,UIQD
D:\uwiqa_dataset\UIQD\images\3298.jpg,uiqd,3.25,0.5625,0.53166723,0.93359375,0.5489884,0.2376762,0.2133354,0.6383157928746785,UIQD
D:\uwiqa_dataset\UIQD\images\3026.jpg,uiqd,3.333333333,0.58333333325,0.58839566,0.9755859375,0.43219483,0.27932128,0.28848386,0.6683411123585332,UIQD
D:\uwiqa_dataset\UIQD\images\2351.jpg,uiqd,2.25,0.3125,0.3255069,0.462890625,0.38550627,0.29694435,0.31754944,0.3017529093579813,UIQD
D:\uwiqa_dataset\UIQD\images\4368.jpg,uiqd,1.916666667,0.22916666675,0.19845918,0.443603515625,0.37037015,0.32421863,0.30541122,0.2879622102927225,UIQD
D:\uwiqa_dataset\UIQD\images\2841.jpg,uiqd,3.583333333,0.64583333325,0.76339954,0.96484375,0.54902726,0.18872584,0.26224697,0.6606602166766169,UIQD
D:\uwiqa_dataset\UIQD\images\3823.jpg,uiqd,2.166666667,0.2916666667499999,0.21074766,0.302490234375,0.5083144,0.2242543,0.26743135,0.1870631715620944,UIQD
D:\uwiqa_dataset\UIQD\images\5004.jpg,uiqd,4.083333333,0.7708333332499999,0.7544443,0.955078125,0.59187686,0.1808051,0.22731797,0.6536775842385112,UIQD
D:\uwiqa_dataset\UIQD\images\6130.jpg,uiqd,2.25,0.3125,0.4062962,0.43408203125,0.45007756,0.2909151,0.25900733,0.2811541436655694,UIQD
D:\uwiqa_dataset\UIQD\images\3774.jpg,uiqd,2.5,0.375,0.42934772,0.76611328125,0.4611546,0.2740075,0.26483795,0.5185636465611649,UIQD
D:\uwiqa_dataset\UIQD\images\2390.jpg,uiqd,3.583333333,0.64583333325,0.6307171,0.880859375,0.38361284,0.33164975,0.28473735,0.6006095777089074,UIQD
D:\uwiqa_dataset\UIQD\images\5197.jpg,uiqd,4.25,0.8125,0.84320325,0.9697265625,0.57326365,0.13449973,0.2922367,0.6641515328956697,UIQD
D:\uwiqa_dataset\UIQD\images\470.jpg,uiqd,4.0,0.75,0.70498747,0.97802734375,0.47214407,0.07084601,0.45701,0.6700867704680596,UIQD
D:\uwiqa_dataset\UIQD\images\1821.jpg,uiqd,3.333333333,0.58333333325,0.6384254,0.89306640625,0.53705317,0.16222413,0.30072266,0.6093378682565397,UIQD
D:\uwiqa_dataset\UIQD\images\4093.jpg,uiqd,1.916666667,0.22916666675,0.275696,0.310791015625,0.39195567,0.299854,0.30819032,0.1929984091344843,UIQD
D:\uwiqa_dataset\UIQD\images\3665.jpg,uiqd,1.75,0.1875,0.19791299,0.1441650390625,0.3466576,0.3000517,0.35329068,0.07385724315930492,UIQD
D:\uwiqa_dataset\UIQD\images\3760.jpg,uiqd,3.833333333,0.70833333325,0.7228857,0.8955078125,0.4954245,0.2234311,0.28114435,0.6110835263660661,UIQD
D:\uwiqa_dataset\UIQD\images\1695.jpg,uiqd,3.666666667,0.66666666675,0.6930205,0.94140625,0.47096574,0.22461481,0.3044194,0.6439018988251631,UIQD
D:\uwiqa_dataset\UIQD\images\4054.jpg,uiqd,1.75,0.1875,0.12888005,0.401611328125,0.3207928,0.3289099,0.3502973,0.2579368908088678,UIQD
D:\uwiqa_dataset\UIQD\images\1324.jpg,uiqd,3.333333333,0.58333333325,0.5484516,0.67724609375,0.50168836,0.24507296,0.25323865,0.45502169137440257,UIQD
D:\uwiqa_dataset\UIQD\images\3899.jpg,uiqd,3.083333333,0.52083333325,0.48571923,0.810546875,0.50968313,0.21400502,0.27631187,0.550334624154546,UIQD
D:\uwiqa_dataset\UIQD\images\5949.jpg,uiqd,1.75,0.1875,0.14079191,0.2451171875,0.4847219,0.28616735,0.22911076,0.14604020598822312,UIQD
D:\uwiqa_dataset\UIQD\images\4216.jpg,uiqd,3.583333333,0.64583333325,0.67792153,0.89306640625,0.4805601,0.26455933,0.25488058,0.6093378682565397,UIQD
D:\uwiqa_dataset\UIQD\images\3781.jpg,uiqd,4.583333333,0.8958333332499999,0.9214261,0.94677734375,0.6340535,0.0921719,0.2737746,0.6477423466661213,UIQD
D:\uwiqa_dataset\UIQD\images\1913.jpg,uiqd,3.75,0.6875,0.7228397,0.98779296875,0.53611064,0.22721176,0.23667759,0.6770694029061655,UIQD
D:\uwiqa_dataset\UIQD\images\4600.jpg,uiqd,4.333333333,0.8333333332499999,0.767175,0.9638671875,0.58718675,0.16588867,0.2469246,0.6599619534328063,UIQD
D:\uwiqa_dataset\UIQD\images\2289.jpg,uiqd,1.583333333,0.1458333332499999,0.09436726,0.325927734375,0.3833658,0.22942144,0.38721278,0.20382148941354822,UIQD
D:\uwiqa_dataset\UIQD\images\3952.jpg,uiqd,1.5,0.125,0.15070254,0.216064453125,0.32412034,0.33841348,0.33746624,0.12526687448485851,UIQD
D:\uwiqa_dataset\UIQD\images\1787.jpg,uiqd,4.25,0.8125,0.8071503,0.99267578125,0.5428493,0.16529182,0.2918589,0.6805607191252183,UIQD
D:\uwiqa_dataset\UIQD\images\133.jpg,uiqd,1.833333333,0.2083333332499999,0.2636536,0.490234375,0.3456412,0.30344152,0.3509173,0.32130428018467744,UIQD
D:\uwiqa_dataset\UIQD\images\3103.jpg,uiqd,1.416666667,0.10416666675,0.14841929,0.155029296875,0.32552588,0.34515983,0.3293143,0.08162542174669757,UIQD
D:\uwiqa_dataset\UIQD\images\2803.jpg,uiqd,2.666666667,0.4166666667499999,0.34332904,0.35400390625,0.39882082,0.2868942,0.31428498,0.22389655767310224,UIQD
D:\uwiqa_dataset\UIQD\images\1644.jpg,uiqd,1.583333333,0.1458333332499999,0.12759006,0.53515625,0.3715507,0.41787162,0.21057768,0.3534243893999639,UIQD
D:\uwiqa_dataset\UIQD\images\325.jpg,uiqd,2.0,0.25,0.27130497,0.3486328125,0.4242943,0.3040606,0.27164513,0.22005610983214408,UIQD
D:\uwiqa_dataset\UIQD\images\5038.jpg,uiqd,1.333333333,0.0833333332499999,0.016829558,0.607421875,0.33142766,0.22855815,0.4400142,0.4050958694419465,UIQD
D:\uwiqa_dataset\UIQD\images\1836.jpg,uiqd,3.666666667,0.66666666675,0.6471327,0.75341796875,0.54227644,0.24336119,0.21436243,0.5094862243916274,UIQD
D:\uwiqa_dataset\UIQD\images\24.jpg,uiqd,1.666666667,0.16666666675,0.20081729,0.31396484375,0.4278058,0.36349323,0.20870101,0.19526776467686865,UIQD
D:\uwiqa_dataset\UIQD\images\3922.jpg,uiqd,1.583333333,0.1458333332499999,0.17345247,0.455078125,0.36751372,0.3306277,0.3018585,0.29616680340749674,UIQD
D:\uwiqa_dataset\UIQD\images\5986.jpg,uiqd,3.833333333,0.70833333325,0.83589166,0.9482421875,0.5115243,0.12762989,0.36084574,0.6487897415318371,UIQD
D:\uwiqa_dataset\UIQD\images\1877.jpg,uiqd,3.333333333,0.58333333325,0.6346362,0.61865234375,0.63260144,0.13610293,0.23129569,0.41312589674576805,UIQD
D:\uwiqa_dataset\UIQD\images\1631.jpg,uiqd,1.166666667,0.04166666675,0.11714564,0.24072265625,0.30747867,0.28773496,0.4047864,0.14289802139107555,UIQD
D:\uwiqa_dataset\UIQD\images\2433.jpg,uiqd,2.25,0.3125,0.3845641,0.2451171875,0.4945596,0.29798695,0.20745341,0.14604020598822312,UIQD
D:\uwiqa_dataset\UIQD\images\2499.jpg,uiqd,3.0,0.5,0.49276572,0.615234375,0.4837245,0.20704965,0.3092259,0.41068197539243106,UIQD
D:\uwiqa_dataset\UIQD\images\3334.jpg,uiqd,4.083333333,0.7708333332499999,0.87613755,0.98583984375,0.573606,0.11379508,0.31259885,0.6756728764185442,UIQD
D:\uwiqa_dataset\UIQD\images\5943.jpg,uiqd,1.666666667,0.16666666675,0.12518212,0.2005615234375,0.32743156,0.33240384,0.3401646,0.11418194548936564,UIQD
D:\uwiqa_dataset\UIQD\images\3882.jpg,uiqd,3.583333333,0.64583333325,0.70054984,0.96826171875,0.5153323,0.23146398,0.2532037,0.6631041380299539,UIQD
D:\uwiqa_dataset\UIQD\images\6033.jpg,uiqd,2.333333333,0.33333333325,0.31733978,0.178955078125,0.4269731,0.27219853,0.30082837,0.09873287122005667,UIQD
D:\uwiqa_dataset\UIQD\images\4479.jpg,uiqd,3.333333333,0.58333333325,0.7116645,0.98388671875,0.48496407,0.22191413,0.29312184,0.6742763499309231,UIQD
D:\uwiqa_dataset\UIQD\images\297.jpg,uiqd,4.333333333,0.8333333332499999,0.8274798,0.98193359375,0.5186131,0.17564796,0.305739,0.672879823443302,UIQD
D:\uwiqa_dataset\UIQD\images\2671.jpg,uiqd,2.833333333,0.45833333325,0.62771636,0.89013671875,0.43888444,0.23516408,0.3259515,0.607243078525108,UIQD
D:\uwiqa_dataset\UIQD\images\1607.jpg,uiqd,1.083333333,0.0208333332499999,0.040257737,0.267333984375,0.35843328,0.44130468,0.20026205,0.1619256947849137,UIQD
D:\uwiqa_dataset\UIQD\images\5378.jpg,uiqd,1.25,0.0625,0.057659294,0.455078125,0.35346413,0.43742383,0.2091121,0.29616680340749674,UIQD
D:\uwiqa_dataset\UIQD\images\5678.jpg,uiqd,4.166666667,0.7916666667500001,0.6660451,0.94873046875,0.5104303,0.18060628,0.3089634,0.6491388731537424,UIQD
D:\uwiqa_dataset\UIQD\images\3672.jpg,uiqd,1.25,0.0625,0.09066112,0.1656494140625,0.31505752,0.2875252,0.39741722,0.08921903452313759,UIQD
D:\uwiqa_dataset\UIQD\images\3286.jpg,uiqd,3.833333333,0.70833333325,0.65095365,0.638671875,0.41758788,0.3027113,0.27970082,0.42744029324388483,UIQD
D:\uwiqa_dataset\UIQD\images\1193.jpg,uiqd,3.833333333,0.70833333325,0.73266244,0.953125,0.5067349,0.14711615,0.3461489,0.65228105775089,UIQD
D:\uwiqa_dataset\UIQD\images\4343.jpg,uiqd,3.0,0.5,0.6388853,0.873046875,0.64670193,0.14073695,0.21256112,0.5950234717584229,UIQD
D:\uwiqa_dataset\UIQD\images\1006.jpg,uiqd,2.416666667,0.3541666667499999,0.27923962,0.5888671875,0.3722364,0.31135747,0.31640616,0.3918288678095455,UIQD
D:\uwiqa_dataset\UIQD\images\3007.jpg,uiqd,1.833333333,0.2083333332499999,0.20881182,0.58154296875,0.32699978,0.2617651,0.4112351,0.38659189348096623,UIQD
D:\uwiqa_dataset\UIQD\images\2229.jpg,uiqd,1.25,0.0625,0.047219276,0.25830078125,0.40549412,0.3646309,0.2298749,0.1554667597796659,UIQD
D:\uwiqa_dataset\UIQD\images\1452.jpg,uiqd,2.083333333,0.27083333325,0.2919029,0.57373046875,0.3690529,0.29114908,0.33979806,0.3810057875304816,UIQD
D:\uwiqa_dataset\UIQD\images\2997.jpg,uiqd,4.166666667,0.7916666667500001,0.7176252,0.93603515625,0.58797884,0.077436306,0.33458486,0.640061450984205,UIQD
D:\uwiqa_dataset\UIQD\images\539.jpg,uiqd,3.75,0.6875,0.5820205,0.332763671875,0.44769835,0.30349192,0.24880983,0.20870933212022225,UIQD
D:\uwiqa_dataset\UIQD\images\4667.jpg,uiqd,2.25,0.3125,0.3506904,0.55810546875,0.39292508,0.29009938,0.31697553,0.3698335756295124,UIQD
D:\uwiqa_dataset\UIQD\images\3965.jpg,uiqd,1.416666667,0.10416666675,0.058834456,0.287841796875,0.38918957,0.4112787,0.1995317,0.17658922290493578,UIQD
D:\uwiqa_dataset\UIQD\images\3828.jpg,uiqd,2.666666667,0.4166666667499999,0.41827977,0.420654296875,0.40466112,0.2958054,0.29953343,0.271553024063174,UIQD
D:\uwiqa_dataset\UIQD\images\5823.jpg,uiqd,2.5,0.375,0.45162505,0.265869140625,0.4807943,0.29059494,0.22861077,0.16087829991919786,UIQD
D:\uwiqa_dataset\UIQD\images\2945.jpg,uiqd,4.0,0.75,0.76988876,0.8798828125,0.44941685,0.22324495,0.3273382,0.5999113144650968,UIQD
D:\uwiqa_dataset\UIQD\images\5522.jpg,uiqd,3.083333333,0.52083333325,0.7138018,0.900390625,0.4850375,0.2565269,0.25843555,0.614574842585119,UIQD
D:\uwiqa_dataset\UIQD\images\1048.jpg,uiqd,1.416666667,0.10416666675,0.07190855,0.466796875,0.28659013,0.1752771,0.5381328,0.3045459623332237,UIQD
D:\uwiqa_dataset\UIQD\images\3540.jpg,uiqd,4.166666667,0.7916666667500001,0.79705864,0.994140625,0.5015296,0.13031286,0.36815757,0.6816081139909341,UIQD
D:\uwiqa_dataset\UIQD\images\1384.jpg,uiqd,3.833333333,0.70833333325,0.7072812,0.88232421875,0.5431716,0.22795573,0.22887266,0.6016569725746234,UIQD
D:\uwiqa_dataset\UIQD\images\801.jpg,uiqd,1.583333333,0.1458333332499999,0.1470437,0.55810546875,0.4107916,0.38033772,0.2088706,0.3698335756295124,UIQD
D:\uwiqa_dataset\UIQD\images\1738.jpg,uiqd,1.833333333,0.2083333332499999,0.2450141,0.350341796875,0.34480712,0.28826508,0.36692786,0.2212780705088126,UIQD
D:\uwiqa_dataset\UIQD\images\2272.jpg,uiqd,2.916666667,0.4791666667499999,0.53705776,0.315673828125,0.43196663,0.26373264,0.30430073,0.19648972535353718,UIQD
D:\uwiqa_dataset\UIQD\images\933.jpg,uiqd,4.083333333,0.7708333332499999,0.778009,0.97314453125,0.4873813,0.13781229,0.37480646,0.6665954542490068,UIQD
D:\uwiqa_dataset\UIQD\images\2953.jpg,uiqd,1.583333333,0.1458333332499999,0.14822893,0.107421875,0.46828854,0.30486244,0.22684908,0.047585088610932046,UIQD
D:\uwiqa_dataset\UIQD\images\4511.jpg,uiqd,1.333333333,0.0833333332499999,0.09072916,0.55810546875,0.46139076,0.24613824,0.2924709,0.3698335756295124,UIQD
D:\uwiqa_dataset\UIQD\images\5907.jpg,uiqd,4.166666667,0.7916666667500001,0.6030449,0.69775390625,0.593174,0.1346949,0.27213112,0.46968521949442466,UIQD
D:\uwiqa_dataset\UIQD\images\1612.jpg,uiqd,3.416666667,0.60416666675,0.7165441,0.953125,0.5155757,0.23364028,0.25078404,0.65228105775089,UIQD
D:\uwiqa_dataset\UIQD\images\97.jpg,uiqd,2.583333333,0.39583333325,0.4356328,0.3310546875,0.48816022,0.24355426,0.2682855,0.20748737144355373,UIQD
D:\uwiqa_dataset\UIQD\images\673.jpg,uiqd,4.083333333,0.7708333332499999,0.6526244,0.9873046875,0.5751746,0.16818057,0.2566448,0.6767202712842602,UIQD
D:\uwiqa_dataset\UIQD\images\3265.jpg,uiqd,4.083333333,0.7708333332499999,0.8455324,0.9921875,0.5313,0.1674349,0.3012651,0.680211587503313,UIQD
D:\uwiqa_dataset\UIQD\images\5580.jpg,uiqd,3.75,0.6875,0.71028346,0.9599609375,0.49902913,0.2542349,0.246736,0.657168900457564,UIQD
D:\uwiqa_dataset\UIQD\images\5924.jpg,uiqd,1.5,0.125,0.0394484,0.48828125,0.3509176,0.49141562,0.15766679,0.3199077536970563,UIQD
D:\uwiqa_dataset\UIQD\images\352.jpg,uiqd,4.583333333,0.8958333332499999,0.8417232,0.9677734375,0.5212059,0.21176012,0.267034,0.6627550064080486,UIQD
D:\uwiqa_dataset\UIQD\images\5380.jpg,uiqd,2.416666667,0.3541666667499999,0.36990023,0.513671875,0.40948674,0.2841014,0.30641183,0.33806259803613126,UIQD
D:\uwiqa_dataset\UIQD\images\1651.jpg,uiqd,3.416666667,0.60416666675,0.59912133,0.70751953125,0.45817742,0.3134435,0.22837906,0.47666785193253036,UIQD
D:\uwiqa_dataset\UIQD\images\753.jpg,uiqd,1.75,0.1875,0.05784298,0.420654296875,0.39817318,0.4506787,0.1511481,0.271553024063174,UIQD
D:\uwiqa_dataset\UIQD\images\4351.jpg,uiqd,1.416666667,0.10416666675,0.044075623,0.2493896484375,0.4180988,0.23042834,0.35147285,0.1490951076798944,UIQD
D:\uwiqa_dataset\UIQD\images\5959.jpg,uiqd,4.666666667,0.91666666675,0.96953386,0.9541015625,0.58347815,0.084711835,0.33181006,0.6529793209947006,UIQD
D:\uwiqa_dataset\UIQD\images\5514.jpg,uiqd,1.916666667,0.22916666675,0.28995344,0.394287109375,0.3471712,0.30949295,0.34333587,0.25269991648028844,UIQD
D:\uwiqa_dataset\UIQD\images\5722.jpg,uiqd,3.166666667,0.54166666675,0.56985754,0.673828125,0.44558093,0.32014373,0.23427542,0.45257777002106553,UIQD
D:\uwiqa_dataset\UIQD\images\1198.jpg,uiqd,1.75,0.1875,0.21717569,0.48046875,0.31576377,0.34084654,0.3433897,0.3143216477465717,UIQD
D:\uwiqa_dataset\UIQD\images\535.jpg,uiqd,1.416666667,0.10416666675,0.07158597,0.57568359375,0.3024107,0.15569998,0.5418893,0.38240231401810276,UIQD
D:\uwiqa_dataset\UIQD\images\4101.jpg,uiqd,1.416666667,0.10416666675,0.11686298,0.60009765625,0.28110147,0.17408082,0.54481775,0.39985889511336714,UIQD
D:\uwiqa_dataset\UIQD\images\4482.jpg,uiqd,2.166666667,0.2916666667499999,0.38793498,0.43017578125,0.613105,0.2041946,0.18270034,0.2783610906903271,UIQD
D:\uwiqa_dataset\UIQD\images\4687.jpg,uiqd,2.25,0.3125,0.3437157,0.490234375,0.4076392,0.2921458,0.300215,0.32130428018467744,UIQD
D:\uwiqa_dataset\UIQD\images\3114.jpg,uiqd,1.833333333,0.2083333332499999,0.2502152,0.28466796875,0.38047644,0.28243643,0.33708715,0.17431986736255142,UIQD
D:\uwiqa_dataset\UIQD\images\5744.jpg,uiqd,1.416666667,0.10416666675,0.030541975,0.32080078125,0.3212892,0.5458622,0.13284862,0.20015560738354268,UIQD
D:\uwiqa_dataset\UIQD\images\2577.jpg,uiqd,2.166666667,0.2916666667499999,0.26900512,0.482421875,0.35350078,0.30757275,0.33892646,0.31571817423419285,UIQD
D:\uwiqa_dataset\UIQD\images\1663.jpg,uiqd,1.666666667,0.16666666675,0.11669806,0.437744140625,0.43070385,0.35607406,0.21322209,0.28377263082985904,UIQD
D:\uwiqa_dataset\UIQD\images\81.jpg,uiqd,1.833333333,0.2083333332499999,0.23493813,0.546875,0.38599232,0.31605327,0.2979544,0.3618035483256908,UIQD
D:\uwiqa_dataset\UIQD\images\492.jpg,uiqd,2.083333333,0.27083333325,0.24222755,0.414794921875,0.42452812,0.30297545,0.27249646,0.26736344460031053,UIQD
D:\uwiqa_dataset\UIQD\images\4247.jpg,uiqd,1.416666667,0.10416666675,0.15520933,0.11126708984375,0.42160538,0.36936092,0.20903371,0.05033450013343619,UIQD
D:\uwiqa_dataset\UIQD\images\3166.jpg,uiqd,2.25,0.3125,0.37724367,0.50390625,0.4009783,0.31374094,0.2852808,0.3310799655980255,UIQD
D:\uwiqa_dataset\UIQD\images\5067.jpg,uiqd,4.833333333,0.95833333325,0.9167506,0.9736328125,0.59727263,0.08009854,0.32262886,0.6669445858709121,UIQD
D:\uwiqa_dataset\UIQD\images\5486.jpg,uiqd,2.0,0.25,0.17486617,0.2294921875,0.3927557,0.34053832,0.266706,0.13486799408725392,UIQD
D:\uwiqa_dataset\UIQD\images\5410.jpg,uiqd,3.666666667,0.66666666675,0.61229795,0.96435546875,0.48950267,0.14099544,0.36950192,0.6603110850547116,UIQD
D:\uwiqa_dataset\UIQD\images\3359.jpg,uiqd,1.166666667,0.04166666675,0.052280392,0.57763671875,0.37358198,0.16455552,0.46186253,0.38379884050572394,UIQD
D:\uwiqa_dataset\UIQD\images\1739.jpg,uiqd,2.0,0.25,0.27926406,0.494140625,0.45668304,0.31843248,0.22488448,0.32409733315991973,UIQD
D:\uwiqa_dataset\UIQD\images\2264.jpg,uiqd,1.666666667,0.16666666675,0.12456201,0.61865234375,0.34250548,0.18780912,0.46968544,0.41312589674576805,UIQD
D:\uwiqa_dataset\UIQD\images\5516.jpg,uiqd,3.75,0.6875,0.7410794,0.99365234375,0.48417908,0.25238085,0.26343998,0.6812589823690288,UIQD
D:\uwiqa_dataset\UIQD\images\2260.jpg,uiqd,1.333333333,0.0833333332499999,0.16019285,0.322509765625,0.3622056,0.31378537,0.32400906,0.2013775680602112,UIQD
D:\uwiqa_dataset\UIQD\images\1085.jpg,uiqd,4.083333333,0.7708333332499999,0.7369655,0.9482421875,0.5032141,0.17580007,0.32098582,0.6487897415318371,UIQD
D:\uwiqa_dataset\UIQD\images\1635.jpg,uiqd,1.75,0.1875,0.21325819,0.1778564453125,0.39316425,0.31601682,0.29081896,0.09794732507076978,UIQD
D:\uwiqa_dataset\UIQD\images\5120.jpg,uiqd,2.75,0.4375,0.5489045,0.375732421875,0.5257278,0.1910031,0.28326905,0.23943291484788753,UIQD
D:\uwiqa_dataset\UIQD\images\4012.jpg,uiqd,4.333333333,0.8333333332499999,0.85049736,0.96240234375,0.47675672,0.16274233,0.360501,0.6589145585670905,UIQD
D:\uwiqa_dataset\UIQD\images\5493.jpg,uiqd,1.333333333,0.0833333332499999,0.049218792,0.394287109375,0.4450485,0.23825753,0.31669396,0.25269991648028844,UIQD
D:\uwiqa_dataset\UIQD\images\2670.jpg,uiqd,2.666666667,0.4166666667499999,0.47852305,0.57763671875,0.48884133,0.22901392,0.28214476,0.38379884050572394,UIQD
D:\uwiqa_dataset\UIQD\images\5684.jpg,uiqd,1.916666667,0.22916666675,0.25484943,0.32421875,0.42831197,0.32703137,0.2446567,0.2025995287368797,UIQD
D:\uwiqa_dataset\UIQD\images\5490.jpg,uiqd,4.5,0.875,0.92679876,0.9892578125,0.5458217,0.13958186,0.31459647,0.6781167977718813,UIQD
D:\uwiqa_dataset\UIQD\images\2465.jpg,uiqd,3.666666667,0.66666666675,0.8244025,0.962890625,0.5461241,0.14861436,0.3052615,0.6592636901889958,UIQD
D:\uwiqa_dataset\UIQD\images\1722.jpg,uiqd,2.333333333,0.33333333325,0.32931247,0.3701171875,0.46110752,0.24190418,0.29698834,0.23541790119597672,UIQD
D:\uwiqa_dataset\UIQD\images\5770.jpg,uiqd,1.583333333,0.1458333332499999,0.079493895,0.363037109375,0.36518154,0.45404232,0.18077616,0.23035549267835004,UIQD
D:\uwiqa_dataset\UIQD\images\1213.jpg,uiqd,1.833333333,0.2083333332499999,0.14940155,0.39599609375,0.31185958,0.34585324,0.3422872,0.25392187715695697,UIQD
D:\uwiqa_dataset\UIQD\images\3039.jpg,uiqd,3.0,0.5,0.6138582,0.71240234375,0.5912591,0.17520858,0.23353225,0.4801591681515832,UIQD
D:\uwiqa_dataset\UIQD\images\3205.jpg,uiqd,2.083333333,0.27083333325,0.42849264,0.484375,0.4406233,0.24088672,0.31848988,0.317114700721814,UIQD
D:\uwiqa_dataset\UIQD\images\1670.jpg,uiqd,3.666666667,0.66666666675,0.67019844,0.92578125,0.53032714,0.16761915,0.30205372,0.6327296869241938,UIQD
D:\uwiqa_dataset\UIQD\images\5648.jpg,uiqd,3.333333333,0.58333333325,0.5840094,0.8740234375,0.46932474,0.27225673,0.2584185,0.5957217350022335,UIQD
D:\uwiqa_dataset\UIQD\images\2035.jpg,uiqd,1.666666667,0.16666666675,0.15689307,0.319091796875,0.37105766,0.433601,0.19534135,0.1989336467068742,UIQD
D:\uwiqa_dataset\UIQD\images\1700.jpg,uiqd,2.75,0.4375,0.4292926,0.437744140625,0.5350689,0.26644248,0.19848865,0.28377263082985904,UIQD
D:\uwiqa_dataset\UIQD\images\3120.jpg,uiqd,2.5,0.375,0.3163655,0.62255859375,0.41916868,0.2813549,0.29947644,0.41591894972101034,UIQD
D:\uwiqa_dataset\UIQD\images\319.jpg,uiqd,3.666666667,0.66666666675,0.58942664,0.8291015625,0.7296496,0.083936505,0.18641384,0.563601625786947,UIQD
D:\uwiqa_dataset\UIQD\images\5892.jpg,uiqd,1.25,0.0625,0.025775038,0.64794921875,0.35485148,0.15074009,0.49440843,0.43407379406008534,UIQD
D:\uwiqa_dataset\UIQD\images\4590.jpg,uiqd,3.583333333,0.64583333325,0.66485035,0.9794921875,0.5393493,0.11192713,0.34872362,0.6711341653337756,UIQD
D:\uwiqa_dataset\UIQD\images\4926.jpg,uiqd,1.333333333,0.0833333332499999,0.056642506,0.289306640625,0.33702904,0.4753375,0.1876335,0.17763661777065165,UIQD
D:\uwiqa_dataset\UIQD\images\1023.jpg,uiqd,1.25,0.0625,0.06511686,0.32080078125,0.37340245,0.3899684,0.23662916,0.20015560738354268,UIQD
D:\uwiqa_dataset\UIQD\images\623.jpg,uiqd,3.0,0.5,0.364189,0.0987548828125,0.7039989,0.1564219,0.13957927,0.0413880023221132,UIQD
D:\uwiqa_dataset\UIQD\images\4605.jpg,uiqd,2.166666667,0.2916666667499999,0.31287017,0.37744140625,0.42350382,0.29863533,0.27786076,0.24065487552455606,UIQD
D:\uwiqa_dataset\UIQD\images\5788.jpg,uiqd,2.333333333,0.33333333325,0.2979613,0.517578125,0.40760115,0.26289323,0.3295056,0.34085565101137355,UIQD
D:\uwiqa_dataset\UIQD\images\4376.jpg,uiqd,1.083333333,0.0208333332499999,0.01553508,0.62451171875,0.421763,0.2017981,0.37643895,0.4173154762086315,UIQD
D:\uwiqa_dataset\UIQD\images\3930.jpg,uiqd,2.25,0.3125,0.3327299,0.482421875,0.3966647,0.3202921,0.2830432,0.31571817423419285,UIQD
D:\uwiqa_dataset\UIQD\images\5433.jpg,uiqd,1.25,0.0625,0.09281355,0.219970703125,0.30902508,0.25955674,0.43141812,0.1280599274601008,UIQD
D:\uwiqa_dataset\UIQD\images\394.jpg,uiqd,1.166666667,0.04166666675,0.07858604,0.355712890625,0.34017918,0.51138204,0.14843877,0.22511851834977076,UIQD
D:\uwiqa_dataset\UIQD\images\89.jpg,uiqd,1.333333333,0.0833333332499999,0.06723783,0.363037109375,0.36767453,0.43466926,0.1976562,0.23035549267835004,UIQD
D:\uwiqa_dataset\UIQD\images\466.jpg,uiqd,1.583333333,0.1458333332499999,0.1307129,0.1766357421875,0.34088868,0.40529177,0.25381953,0.09707449601600657,UIQD
D:\uwiqa_dataset\UIQD\images\234.jpg,uiqd,1.75,0.1875,0.19643429,0.39990234375,0.3117028,0.33281437,0.35548285,0.25671493013219926,UIQD
D:\uwiqa_dataset\UIQD\images\6002.jpg,uiqd,3.833333333,0.70833333325,0.73685,0.9140625,0.43149176,0.28994554,0.27856266,0.624350527998467,UIQD
D:\uwiqa_dataset\UIQD\images\865.jpg,uiqd,2.75,0.4375,0.3869578,0.462890625,0.42492467,0.25385377,0.32122153,0.3017529093579813,UIQD
D:\uwiqa_dataset\UIQD\images\209.jpg,uiqd,1.416666667,0.10416666675,0.055711847,0.546875,0.24980836,0.120659746,0.62953186,0.3618035483256908,UIQD
D:\uwiqa_dataset\UIQD\images\4866.jpg,uiqd,1.916666667,0.22916666675,0.26939276,0.0869140625,0.45739302,0.2733397,0.26926726,0.03292156049090997,UIQD
D:\uwiqa_dataset\UIQD\images\562.jpg,uiqd,2.833333333,0.45833333325,0.622433,0.90673828125,0.5113021,0.25384688,0.23485096,0.6191135536698877,UIQD
D:\uwiqa_dataset\UIQD\images\5444.jpg,uiqd,3.833333333,0.70833333325,0.6907826,0.95361328125,0.55301154,0.1762855,0.27070296,0.6526301893727953,UIQD
D:\uwiqa_dataset\UIQD\images\5235.jpg,uiqd,2.583333333,0.39583333325,0.33766004,0.56201171875,0.42742997,0.30861232,0.26395774,0.3726266286047547,UIQD
D:\uwiqa_dataset\UIQD\images\1176.jpg,uiqd,2.25,0.3125,0.25671676,0.60205078125,0.45135415,0.19445206,0.35419384,0.40125542160098826,UIQD
D:\uwiqa_dataset\UIQD\images\5320.jpg,uiqd,2.333333333,0.33333333325,0.28564402,0.458984375,0.52979344,0.18584795,0.28435865,0.29895985638273903,UIQD
D:\uwiqa_dataset\UIQD\images\764.jpg,uiqd,3.833333333,0.70833333325,0.6265604,0.9775390625,0.48382443,0.27458933,0.2415862,0.6697376388461543,UIQD
D:\uwiqa_dataset\UIQD\images\3506.jpg,uiqd,3.333333333,0.58333333325,0.46043608,0.544921875,0.42924705,0.26500577,0.30574712,0.36040702183806966,UIQD
D:\uwiqa_dataset\UIQD\images\6085.jpg,uiqd,3.916666667,0.72916666675,0.76475376,0.99267578125,0.48453152,0.19680473,0.31866378,0.6805607191252183,UIQD
D:\uwiqa_dataset\UIQD\images\3780.jpg,uiqd,1.333333333,0.0833333332499999,0.10792012,0.470703125,0.43046317,0.3065933,0.2629436,0.30733901530846597,UIQD
D:\uwiqa_dataset\UIQD\images\6049.jpg,uiqd,1.5,0.125,0.09825666,0.275146484375,0.41001981,0.41155082,0.17842937,0.16751180073539831,UIQD
D:\uwiqa_dataset\UIQD\images\3505.jpg,uiqd,3.666666667,0.66666666675,0.757222,0.95849609375,0.598508,0.1142995,0.28719252,0.6561215055918481,UIQD
D:\uwiqa_dataset\UIQD\images\2900.jpg,uiqd,3.166666667,0.54166666675,0.6756913,0.7841796875,0.486565,0.2181045,0.29533055,0.5314815165716605,UIQD
D:\uwiqa_dataset\UIQD\images\3521.jpg,uiqd,1.416666667,0.10416666675,0.07432214,0.490234375,0.2449685,0.18694665,0.56808484,0.32130428018467744,UIQD
D:\uwiqa_dataset\UIQD\images\2698.jpg,uiqd,2.0,0.25,0.22096032,0.1591796875,0.42680424,0.26328567,0.30991006,0.08459304053289252,UIQD
D:\uwiqa_dataset\UIQD\images\5805.jpg,uiqd,2.416666667,0.3541666667499999,0.38706785,0.552734375,0.41315222,0.24072386,0.34612393,0.36599312778855425,UIQD
D:\uwiqa_dataset\UIQD\images\626.jpg,uiqd,1.416666667,0.10416666675,0.06728379,0.30078125,0.38074917,0.32905877,0.290192,0.1858412108854259,UIQD
D:\uwiqa_dataset\UIQD\images\2346.jpg,uiqd,1.666666667,0.16666666675,0.23304765,0.28466796875,0.33633637,0.32326198,0.34040165,0.17431986736255142,UIQD
D:\uwiqa_dataset\UIQD\images\3124.jpg,uiqd,1.333333333,0.0833333332499999,0.017405,0.32080078125,0.3493703,0.47767177,0.17295791,0.20015560738354268,UIQD
D:\uwiqa_dataset\UIQD\images\3790.jpg,uiqd,1.5,0.125,0.16523924,0.275146484375,0.34392765,0.34971434,0.30635804,0.16751180073539831,UIQD
D:\uwiqa_dataset\UIQD\images\1080.jpg,uiqd,1.5,0.125,0.09954919,0.458984375,0.283423,0.21797659,0.49860042,0.29895985638273903,UIQD
D:\uwiqa_dataset\UIQD\images\3500.jpg,uiqd,1.416666667,0.10416666675,0.14973217,0.23095703125,0.31584287,0.35008037,0.33407673,0.13591538895296978,UIQD
D:\uwiqa_dataset\UIQD\images\5091.jpg,uiqd,2.583333333,0.39583333325,0.32704297,0.537109375,0.35330158,0.26477894,0.3819195,0.3548209158875851,UIQD
D:\uwiqa_dataset\UIQD\images\5007.jpg,uiqd,1.583333333,0.1458333332499999,0.20242146,0.466796875,0.36413386,0.35527018,0.28059596,0.3045459623332237,UIQD
D:\uwiqa_dataset\UIQD\images\2597.jpg,uiqd,2.666666667,0.4166666667499999,0.3568338,0.6513671875,0.421611,0.24150984,0.3368792,0.4365177154134223,UIQD
D:\uwiqa_dataset\UIQD\images\2580.jpg,uiqd,2.416666667,0.3541666667499999,0.402952,0.416748046875,0.43606552,0.334059,0.2298755,0.2687599710879317,UIQD
D:\uwiqa_dataset\UIQD\images\1194.jpg,uiqd,4.0,0.75,0.517203,0.94970703125,0.41352192,0.09155132,0.49492684,0.649837136397553,UIQD
D:\uwiqa_dataset\UIQD\images\6188.jpg,uiqd,3.416666667,0.60416666675,0.61113816,0.79931640625,0.4281375,0.33085012,0.24101236,0.5423045968507244,UIQD
D:\uwiqa_dataset\UIQD\images\4241.jpg,uiqd,2.416666667,0.3541666667499999,0.4121897,0.77734375,0.46305174,0.28046012,0.25648823,0.5265936738649865,UIQD
D:\uwiqa_dataset\UIQD\images\1860.jpg,uiqd,1.25,0.0625,0.047281973,0.615234375,0.3300487,0.21173625,0.4582151,0.41068197539243106,UIQD
D:\uwiqa_dataset\UIQD\images\2699.jpg,uiqd,3.583333333,0.64583333325,0.69506407,0.91162109375,0.4763484,0.23910895,0.2845427,0.6226048698889406,UIQD
D:\uwiqa_dataset\UIQD\images\2982.jpg,uiqd,1.75,0.1875,0.15474007,0.383056640625,0.33906353,0.3415096,0.31942686,0.24466988917646687,UIQD
D:\uwiqa_dataset\UIQD\images\5292.jpg,uiqd,2.5,0.375,0.40555537,0.48828125,0.45529026,0.27159914,0.2731106,0.3199077536970563,UIQD
D:\uwiqa_dataset\UIQD\images\473.jpg,uiqd,3.916666667,0.72916666675,0.7403939,0.95751953125,0.5789688,0.13285775,0.2881734,0.6554232423480376,UIQD
D:\uwiqa_dataset\UIQD\images\612.jpg,uiqd,1.5,0.125,0.1842914,0.60595703125,0.37463668,0.24980403,0.3755592,0.4040484745762306,UIQD
D:\uwiqa_dataset\UIQD\images\866.jpg,uiqd,1.666666667,0.16666666675,0.14704144,0.1175537109375,0.38870576,0.31898123,0.29231295,0.05482956976546676,UIQD
D:\uwiqa_dataset\UIQD\images\5041.jpg,uiqd,3.5,0.625,0.6284452,0.9609375,0.4887745,0.18602644,0.32519904,0.6578671637013745,UIQD
D:\uwiqa_dataset\UIQD\images\199.jpg,uiqd,4.0,0.75,0.8657632,0.6943359375,0.66067713,0.10152301,0.23779985,0.4672412981410876,UIQD
D:\uwiqa_dataset\UIQD\images\231.jpg,uiqd,3.333333333,0.58333333325,0.58268684,0.60400390625,0.4560147,0.24663363,0.29735166,0.40265194808860943,UIQD
D:\uwiqa_dataset\UIQD\images\3096.jpg,uiqd,2.166666667,0.2916666667499999,0.25895777,0.33984375,0.39289925,0.2811368,0.32596397,0.2137717406378489,UIQD
D:\uwiqa_dataset\UIQD\images\3190.jpg,uiqd,2.166666667,0.2916666667499999,0.33404177,0.414794921875,0.41403493,0.25550932,0.33045566,0.26736344460031053,UIQD
D:\uwiqa_dataset\UIQD\images\2167.jpg,uiqd,3.666666667,0.66666666675,0.72164375,0.513671875,0.5467533,0.16496949,0.28827727,0.33806259803613126,UIQD
D:\uwiqa_dataset\UIQD\images\5539.jpg,uiqd,3.5,0.625,0.6163091,0.9619140625,0.525283,0.1445633,0.3301537,0.6585654269451852,UIQD
D:\uwiqa_dataset\UIQD\images\3143.jpg,uiqd,4.583333333,0.8958333332499999,0.9636896,0.9873046875,0.5323783,0.07553582,0.39208585,0.6767202712842602,UIQD
D:\uwiqa_dataset\UIQD\images\1633.jpg,uiqd,2.083333333,0.27083333325,0.34102717,0.51171875,0.3920883,0.26555595,0.34235576,0.3366660715485101,UIQD
D:\uwiqa_dataset\UIQD\images\3887.jpg,uiqd,3.333333333,0.58333333325,0.6190818,0.95703125,0.5947016,0.15372482,0.25157353,0.6550741107261323,UIQD
D:\uwiqa_dataset\UIQD\images\6022.jpg,uiqd,1.25,0.0625,0.04296121,0.55078125,0.40990955,0.19010065,0.39998975,0.3645966013009331,UIQD
D:\uwiqa_dataset\UIQD\images\4268.jpg,uiqd,1.166666667,0.04166666675,0.05946394,0.513671875,0.24425304,0.14766422,0.6080828,0.33806259803613126,UIQD
D:\uwiqa_dataset\UIQD\images\2705.jpg,uiqd,1.166666667,0.04166666675,0.06919629,0.5830078125,0.32177186,0.08711659,0.5911115,0.3876392883466821,UIQD
D:\uwiqa_dataset\UIQD\images\3411.jpg,uiqd,1.166666667,0.04166666675,0.031303205,0.359375,0.35939565,0.4105813,0.23002303,0.2277370055140604,UIQD
D:\uwiqa_dataset\UIQD\images\3163.jpg,uiqd,2.75,0.4375,0.45662543,0.6689453125,0.5641182,0.17096739,0.2649144,0.4490864538020127,UIQD
D:\uwiqa_dataset\UIQD\images\1513.jpg,uiqd,3.083333333,0.52083333325,0.48183683,0.6259765625,0.48483872,0.21899179,0.29616943,0.4183628710743474,UIQD
D:\uwiqa_dataset\UIQD\images\1621.jpg,uiqd,3.083333333,0.52083333325,0.6202103,0.91357421875,0.44639674,0.31122583,0.24237747,0.6240013963765617,UIQD
D:\uwiqa_dataset\UIQD\images\2452.jpg,uiqd,3.583333333,0.64583333325,0.6562559,0.9208984375,0.4784781,0.24061722,0.28090468,0.629238370705141,UIQD
D:\uwiqa_dataset\UIQD\images\5240.jpg,uiqd,1.5,0.125,0.08280474,0.34326171875,0.34889224,0.47621256,0.17489527,0.21621566199118591,UIQD
D:\uwiqa_dataset\UIQD\images\5783.jpg,uiqd,4.333333333,0.8333333332499999,0.6983585,0.9287109375,0.47992566,0.23776224,0.2823121,0.6348244766556256,UIQD
D:\uwiqa_dataset\UIQD\images\5407.jpg,uiqd,1.833333333,0.2083333332499999,0.16697401,0.139404296875,0.3483245,0.3152823,0.33639318,0.07045320984572837,UIQD
D:\uwiqa_dataset\UIQD\images\4161.jpg,uiqd,2.083333333,0.27083333325,0.15990269,0.190673828125,0.40955028,0.41295633,0.17749333,0.10711203014578358,UIQD
D:\uwiqa_dataset\UIQD\images\1075.jpg,uiqd,1.75,0.1875,0.25204757,0.548828125,0.385731,0.29720885,0.31706017,0.36320007481331196,UIQD
D:\uwiqa_dataset\UIQD\images\5428.jpg,uiqd,2.333333333,0.33333333325,0.3696029,0.4921875,0.4330744,0.2790564,0.28786916,0.3227008066722986,UIQD
D:\uwiqa_dataset\UIQD\images\309.jpg,uiqd,3.0,0.5,0.44101357,0.441650390625,0.43348655,0.28004164,0.2864719,0.28656568380510133,UIQD
D:\uwiqa_dataset\UIQD\images\4375.jpg,uiqd,1.166666667,0.04166666675,-0.0051595634,0.64794921875,0.39515746,0.22388469,0.38095784,0.43407379406008534,UIQD
D:\uwiqa_dataset\UIQD\images\4940.jpg,uiqd,1.833333333,0.2083333332499999,0.17957544,0.548828125,0.39496553,0.26981622,0.33521822,0.36320007481331196,UIQD
D:\uwiqa_dataset\UIQD\images\4699.jpg,uiqd,4.0,0.75,0.6332904,0.96337890625,0.6011898,0.10726561,0.29154462,0.6596128218109011,UIQD
D:\uwiqa_dataset\UIQD\images\4569.jpg,uiqd,3.25,0.5625,0.43463632,0.7841796875,0.5392747,0.17431948,0.2864058,0.5314815165716605,UIQD
D:\uwiqa_dataset\UIQD\images\795.jpg,uiqd,4.583333333,0.8958333332499999,0.94715315,0.96533203125,0.6520017,0.09018098,0.25781736,0.6610093482985222,UIQD
D:\uwiqa_dataset\UIQD\images\2700.jpg,uiqd,3.583333333,0.64583333325,0.6892241,0.97119140625,0.517836,0.20857668,0.27358735,0.6651989277613857,UIQD
D:\uwiqa_dataset\UIQD\images\5956.jpg,uiqd,3.75,0.6875,0.6149257,0.953125,0.46319512,0.24025826,0.29654658,0.65228105775089,UIQD
D:\uwiqa_dataset\UIQD\images\1269.jpg,uiqd,2.166666667,0.2916666667499999,0.2834188,0.2017822265625,0.4660721,0.26735774,0.26657015,0.11505477454412885,UIQD
D:\uwiqa_dataset\UIQD\images\2021.jpg,uiqd,1.75,0.1875,0.15720604,0.478515625,0.4270661,0.3286673,0.24426661,0.31292512125895056,UIQD
D:\uwiqa_dataset\UIQD\images\6096.jpg,uiqd,1.416666667,0.10416666675,0.007805829,0.60205078125,0.40870497,0.13052516,0.4607699,0.40125542160098826,UIQD
D:\uwiqa_dataset\UIQD\images\3606.jpg,uiqd,2.333333333,0.33333333325,0.3657338,0.329345703125,0.44655827,0.29463473,0.258807,0.20626541076688523,UIQD
D:\uwiqa_dataset\UIQD\images\5442.jpg,uiqd,2.083333333,0.27083333325,0.18971375,0.2393798828125,0.6165765,0.27740023,0.106023274,0.141937909430836,UIQD
D:\uwiqa_dataset\UIQD\images\1057.jpg,uiqd,3.333333333,0.58333333325,0.6430938,0.83544921875,0.4502709,0.288441,0.2612882,0.5681403368717157,UIQD
D:\uwiqa_dataset\UIQD\images\2408.jpg,uiqd,2.25,0.3125,0.37161115,0.5234375,0.65292156,0.124620296,0.22245815,0.345045230474237,UIQD
D:\uwiqa_dataset\UIQD\images\3800.jpg,uiqd,3.416666667,0.60416666675,0.7832177,0.9091796875,0.66756517,0.085001476,0.24743335,0.6208592117794142,UIQD
D:\uwiqa_dataset\UIQD\images\5137.jpg,uiqd,3.416666667,0.60416666675,0.70229954,0.515625,0.5439169,0.17212252,0.28396055,0.3394591245237524,UIQD
D:\uwiqa_dataset\UIQD\images\4462.jpg,uiqd,3.583333333,0.64583333325,0.7767803,0.8916015625,0.5406275,0.14649466,0.31287786,0.6082904733908238,UIQD
D:\uwiqa_dataset\UIQD\images\5652.jpg,uiqd,2.666666667,0.4166666667499999,0.32141656,0.458984375,0.37831813,0.31409562,0.30758622,0.29895985638273903,UIQD
D:\uwiqa_dataset\UIQD\images\4491.jpg,uiqd,2.416666667,0.3541666667499999,0.40246037,0.607421875,0.44125867,0.27671576,0.28202564,0.4050958694419465,UIQD
D:\uwiqa_dataset\UIQD\images\4513.jpg,uiqd,3.666666667,0.66666666675,0.7683012,0.98095703125,0.51492965,0.18766625,0.2974041,0.6721815601994914,UIQD
D:\uwiqa_dataset\UIQD\images\2440.jpg,uiqd,1.833333333,0.2083333332499999,0.22255737,0.302490234375,0.41995618,0.3333804,0.24666342,0.1870631715620944,UIQD
D:\uwiqa_dataset\UIQD\images\1972.jpg,uiqd,1.916666667,0.22916666675,0.23284145,0.167724609375,0.5970027,0.1871097,0.21588762,0.09070284391623507,UIQD
D:\uwiqa_dataset\UIQD\images\3784.jpg,uiqd,2.75,0.4375,0.42543474,0.484375,0.44453686,0.23779109,0.31767204,0.317114700721814,UIQD
D:\uwiqa_dataset\UIQD\images\2880.jpg,uiqd,1.75,0.1875,0.18141496,0.310791015625,0.3282439,0.35295302,0.3188031,0.1929984091344843,UIQD
D:\uwiqa_dataset\UIQD\images\3795.jpg,uiqd,4.166666667,0.7916666667500001,0.802193,0.99609375,0.5282556,0.18708801,0.28465644,0.6830046404785552,UIQD
D:\uwiqa_dataset\UIQD\images\4872.jpg,uiqd,3.916666667,0.72916666675,0.76163995,0.96337890625,0.5445369,0.20043483,0.25502828,0.6596128218109011,UIQD
D:\uwiqa_dataset\UIQD\images\240.jpg,uiqd,1.5,0.125,0.09995942,0.5869140625,0.26895022,0.16455719,0.56649256,0.3904323413219244,UIQD
D:\uwiqa_dataset\UIQD\images\2345.jpg,uiqd,1.916666667,0.22916666675,0.1508275,0.332763671875,0.4165506,0.23514926,0.3483001,0.20870933212022225,UIQD
D:\uwiqa_dataset\UIQD\images\3809.jpg,uiqd,2.083333333,0.27083333325,0.2972599,0.282958984375,0.53226125,0.22396389,0.24377488,0.1730979066858829,UIQD
D:\uwiqa_dataset\UIQD\images\5696.jpg,uiqd,4.0,0.75,0.71659625,0.91845703125,0.4872349,0.2482739,0.26449123,0.6274927125956146,UIQD
D:\uwiqa_dataset\UIQD\images\545.jpg,uiqd,3.083333333,0.52083333325,0.6761299,0.89013671875,0.51459885,0.15983027,0.32557082,0.607243078525108,UIQD
D:\uwiqa_dataset\UIQD\images\2570.jpg,uiqd,2.25,0.3125,0.25591186,0.325927734375,0.39286125,0.33334023,0.2737985,0.20382148941354822,UIQD
D:\uwiqa_dataset\UIQD\images\2104.jpg,uiqd,1.75,0.1875,0.1710464,0.4921875,0.31880814,0.30212075,0.37907112,0.3227008066722986,UIQD
D:\uwiqa_dataset\UIQD\images\264.jpg,uiqd,4.416666667,0.8541666667500001,0.85773855,0.935546875,0.6756407,0.07451491,0.24984439,0.6397123193622997,UIQD
D:\uwiqa_dataset\UIQD\images\4528.jpg,uiqd,2.75,0.4375,0.3899748,0.46875,0.46734917,0.30063185,0.23201904,0.3059424888208448,UIQD
D:\uwiqa_dataset\UIQD\images\38.jpg,uiqd,2.25,0.3125,0.30595857,0.6806640625,0.3701857,0.28687727,0.34293705,0.45746561272773956,UIQD
D:\uwiqa_dataset\UIQD\images\80.jpg,uiqd,1.75,0.1875,0.16995013,0.43212890625,0.40443704,0.2800164,0.31554657,0.2797576171779482,UIQD
D:\uwiqa_dataset\UIQD\images\168.jpg,uiqd,1.75,0.1875,0.13353938,0.30078125,0.37096456,0.41290966,0.21612585,0.1858412108854259,UIQD
D:\uwiqa_dataset\UIQD\images\5193.jpg,uiqd,1.333333333,0.0833333332499999,0.058967076,0.64599609375,0.4100015,0.22957309,0.36042544,0.43267726757246416,UIQD
D:\uwiqa_dataset\UIQD\images\1104.jpg,uiqd,3.416666667,0.60416666675,0.6778229,0.92822265625,0.50619245,0.16872983,0.3250777,0.6344753450337204,UIQD
D:\uwiqa_dataset\UIQD\images\1150.jpg,uiqd,3.416666667,0.60416666675,0.71631247,0.96923828125,0.543766,0.16992989,0.28630412,0.6638024012737644,UIQD
D:\uwiqa_dataset\UIQD\images\4776.jpg,uiqd,1.166666667,0.04166666675,0.039405055,0.34521484375,0.27540183,0.10778685,0.6168113,0.21761218847880706,UIQD
D:\uwiqa_dataset\UIQD\images\4374.jpg,uiqd,3.333333333,0.58333333325,0.66740507,0.93701171875,0.47068024,0.17780046,0.35151938,0.6407597142280155,UIQD
D:\uwiqa_dataset\UIQD\images\4559.jpg,uiqd,1.25,0.0625,0.049085777,0.350341796875,0.33619052,0.39326465,0.2705448,0.2212780705088126,UIQD
D:\uwiqa_dataset\UIQD\images\4553.jpg,uiqd,3.833333333,0.70833333325,0.72733814,0.88720703125,0.456285,0.2509817,0.29273322,0.6051482887936762,UIQD
D:\uwiqa_dataset\UIQD\images\5757.jpg,uiqd,1.583333333,0.1458333332499999,0.059557397,0.33447265625,0.2861241,0.16624813,0.54762775,0.20993129279689074,UIQD
D:\uwiqa_dataset\UIQD\images\6203.jpg,uiqd,2.916666667,0.4791666667499999,0.39613345,0.42626953125,0.4302076,0.250601,0.31919143,0.2755680377150848,UIQD
D:\uwiqa_dataset\UIQD\images\4950.jpg,uiqd,2.916666667,0.4791666667499999,0.6025991,0.9599609375,0.4570251,0.2826769,0.260298,0.657168900457564,UIQD
D:\uwiqa_dataset\UIQD\images\5171.jpg,uiqd,1.833333333,0.2083333332499999,0.12942357,0.36474609375,0.32775602,0.39898145,0.27326256,0.23157745335501856,UIQD
D:\uwiqa_dataset\UIQD\images\6143.jpg,uiqd,2.416666667,0.3541666667499999,0.41135243,0.63525390625,0.42966816,0.29269418,0.27763766,0.42499637189054784,UIQD
D:\uwiqa_dataset\UIQD\images\2532.jpg,uiqd,4.166666667,0.7916666667500001,0.852615,0.96044921875,0.6292709,0.117280364,0.2534487,0.6575180320794694,UIQD
D:\uwiqa_dataset\UIQD\images\1554.jpg,uiqd,2.25,0.3125,0.40056184,0.56591796875,0.42843774,0.3157548,0.2558074,0.375419681579997,UIQD
D:\uwiqa_dataset\UIQD\images\51.jpg,uiqd,1.916666667,0.22916666675,0.25151378,0.2239990234375,0.4556478,0.33214855,0.21220367,0.13094026334081943,UIQD
D:\uwiqa_dataset\UIQD\images\627.jpg,uiqd,4.0,0.75,0.7792228,0.98095703125,0.4997651,0.16402651,0.33620843,0.6721815601994914,UIQD
D:\uwiqa_dataset\UIQD\images\2911.jpg,uiqd,4.583333333,0.8958333332499999,0.93225706,0.97216796875,0.5562112,0.047731485,0.39605737,0.6658971910051962,UIQD
D:\uwiqa_dataset\UIQD\images\6276.jpg,uiqd,2.75,0.4375,0.46156994,0.51953125,0.5234405,0.19655675,0.2800028,0.3422521774989947,UIQD
D:\uwiqa_dataset\UIQD\images\3212.jpg,uiqd,2.666666667,0.4166666667499999,0.45201668,0.640625,0.48663425,0.27492926,0.23843648,0.428836819731506,UIQD
D:\uwiqa_dataset\UIQD\images\4484.jpg,uiqd,1.333333333,0.0833333332499999,0.09015987,0.31396484375,0.34880167,0.21167643,0.43952188,0.19526776467686865,UIQD
D:\uwiqa_dataset\UIQD\images\1873.jpg,uiqd,2.166666667,0.2916666667499999,0.22489318,0.216064453125,0.42699778,0.27564737,0.29735482,0.12526687448485851,UIQD
D:\uwiqa_dataset\UIQD\images\3259.jpg,uiqd,2.833333333,0.45833333325,0.47623643,0.7490234375,0.50645095,0.19539723,0.29815185,0.5063440397944798,UIQD
D:\uwiqa_dataset\UIQD\images\2485.jpg,uiqd,2.333333333,0.33333333325,0.39511356,0.494140625,0.4338998,0.33663908,0.22946113,0.32409733315991973,UIQD
D:\uwiqa_dataset\UIQD\images\2654.jpg,uiqd,1.5,0.125,0.12281456,0.50390625,0.2897678,0.20608641,0.50414574,0.3310799655980255,UIQD
D:\uwiqa_dataset\UIQD\images\6283.jpg,uiqd,4.75,0.9375,0.8235,0.94921875,0.49572542,0.14365321,0.36062136,0.6494880047756477,UIQD
D:\uwiqa_dataset\UIQD\images\5481.jpg,uiqd,2.5,0.375,0.38279995,0.62255859375,0.44584295,0.30701512,0.24714188,0.41591894972101034,UIQD
D:\uwiqa_dataset\UIQD\images\1534.jpg,uiqd,2.5,0.375,0.3451992,0.662109375,0.4656048,0.32396135,0.21043384,0.44419861109533865,UIQD
D:\uwiqa_dataset\UIQD\images\1673.jpg,uiqd,4.0,0.75,0.7428203,0.68408203125,0.515547,0.23431973,0.2501333,0.4599095340810766,UIQD
D:\uwiqa_dataset\UIQD\images\2132.jpg,uiqd,1.833333333,0.2083333332499999,0.22701222,0.275146484375,0.40127364,0.33834633,0.26037997,0.16751180073539831,UIQD
D:\uwiqa_dataset\UIQD\images\5163.jpg,uiqd,4.333333333,0.8333333332499999,0.8401161,0.94677734375,0.49805802,0.16533051,0.3366114,0.6477423466661213,UIQD
D:\uwiqa_dataset\UIQD\images\5362.jpg,uiqd,1.666666667,0.16666666675,0.11984777,0.394287109375,0.42116678,0.3789341,0.19989914,0.25269991648028844,UIQD
D:\uwiqa_dataset\UIQD\images\731.jpg,uiqd,1.083333333,0.0208333332499999,0.013924998,0.2281494140625,0.37794003,0.4169988,0.20506115,0.13390788212701438,UIQD
D:\uwiqa_dataset\UIQD\images\1962.jpg,uiqd,1.333333333,0.0833333332499999,0.0455285,0.338134765625,0.36523533,0.5023576,0.13240707,0.2125497799611804,UIQD
D:\uwiqa_dataset\UIQD\images\2454.jpg,uiqd,1.583333333,0.1458333332499999,0.12430279,0.32080078125,0.32317874,0.34810668,0.32871464,0.20015560738354268,UIQD
D:\uwiqa_dataset\UIQD\images\2458.jpg,uiqd,3.583333333,0.64583333325,0.77553314,0.94140625,0.5975555,0.12827635,0.27416813,0.6439018988251631,UIQD
D:\uwiqa_dataset\UIQD\images\5272.jpg,uiqd,2.166666667,0.2916666667499999,0.3695337,0.63525390625,0.45683673,0.36687818,0.17628516,0.42499637189054784,UIQD
D:\uwiqa_dataset\UIQD\images\94.jpg,uiqd,2.916666667,0.4791666667499999,0.4934395,0.405517578125,0.5041914,0.18468206,0.31112656,0.2607299437841101,UIQD
D:\uwiqa_dataset\UIQD\images\2859.jpg,uiqd,3.0,0.5,0.5954254,0.61669921875,0.46664363,0.26224813,0.27110824,0.41172937025814693,UIQD
D:\uwiqa_dataset\UIQD\images\5133.jpg,uiqd,4.25,0.8125,0.9189591,0.9833984375,0.6367619,0.071076296,0.2921617,0.6739272183090178,UIQD
D:\uwiqa_dataset\UIQD\images\1685.jpg,uiqd,1.75,0.1875,0.22912627,0.30078125,0.36614987,0.33984113,0.29400906,0.1858412108854259,UIQD
D:\uwiqa_dataset\UIQD\images\4851.jpg,uiqd,1.416666667,0.10416666675,0.10212889,0.6806640625,0.342476,0.40148565,0.25603837,0.45746561272773956,UIQD
D:\uwiqa_dataset\UIQD\images\970.jpg,uiqd,1.75,0.1875,0.16340333,0.1744384765625,0.549881,0.2179862,0.23213285,0.09550340371743277,UIQD
D:\uwiqa_dataset\UIQD\images\1340.jpg,uiqd,3.5,0.625,0.7769895,0.88232421875,0.60450697,0.11538412,0.2801089,0.6016569725746234,UIQD
D:\uwiqa_dataset\UIQD\images\5379.jpg,uiqd,2.416666667,0.3541666667499999,0.3867328,0.5,0.41886854,0.32863095,0.25250047,0.3282869126227832,UIQD
D:\uwiqa_dataset\UIQD\images\477.jpg,uiqd,3.666666667,0.66666666675,0.8896784,0.94677734375,0.62559885,0.09687538,0.27752575,0.6477423466661213,UIQD
D:\uwiqa_dataset\UIQD\images\1771.jpg,uiqd,2.25,0.3125,0.34676456,0.62060546875,0.40404934,0.23077947,0.36517116,0.4145224232333892,UIQD
D:\uwiqa_dataset\UIQD\images\2446.jpg,uiqd,1.583333333,0.1458333332499999,0.18319717,0.2337646484375,0.34886935,0.3132989,0.3378318,0.1379228957789252,UIQD
D:\uwiqa_dataset\UIQD\images\1162.jpg,uiqd,1.75,0.1875,0.24666293,0.420654296875,0.43417913,0.2834784,0.2823425,0.271553024063174,UIQD
D:\uwiqa_dataset\UIQD\images\4169.jpg,uiqd,3.583333333,0.64583333325,0.59198266,0.8916015625,0.4519732,0.23392437,0.3141025,0.6082904733908238,UIQD
D:\uwiqa_dataset\UIQD\images\92.jpg,uiqd,2.916666667,0.4791666667499999,0.41459018,0.56591796875,0.40155345,0.284075,0.31437153,0.375419681579997,UIQD
D:\uwiqa_dataset\UIQD\images\1358.jpg,uiqd,2.166666667,0.2916666667499999,0.30890813,0.390380859375,0.46916068,0.29181948,0.2390198,0.24990686350504615,UIQD
D:\uwiqa_dataset\UIQD\images\5206.jpg,uiqd,1.166666667,0.04166666675,0.05434645,0.517578125,0.35224208,0.11381432,0.53394353,0.34085565101137355,UIQD
D:\uwiqa_dataset\UIQD\images\5077.jpg,uiqd,3.416666667,0.60416666675,0.78323674,0.9775390625,0.49348027,0.15600492,0.35051477,0.6697376388461543,UIQD
D:\uwiqa_dataset\UIQD\images\908.jpg,uiqd,1.916666667,0.22916666675,0.22604012,0.29248046875,0.58148915,0.20581758,0.2126933,0.179905973313036,UIQD
D:\uwiqa_dataset\UIQD\images\1746.jpg,uiqd,2.333333333,0.33333333325,0.3213164,0.501953125,0.41742867,0.28344455,0.29912677,0.3296834391104044,UIQD
D:\uwiqa_dataset\UIQD\images\4402.jpg,uiqd,2.333333333,0.33333333325,0.27186182,0.341552734375,0.57273895,0.26339668,0.1638644,0.21499370131451742,UIQD
D:\uwiqa_dataset\UIQD\images\5210.jpg,uiqd,2.083333333,0.27083333325,0.21964064,0.22265625,0.57137644,0.23754637,0.19107725,0.1299801513805799,UIQD
D:\uwiqa_dataset\UIQD\images\5264.jpg,uiqd,2.166666667,0.2916666667499999,0.20794035,0.43017578125,0.42046562,0.27397308,0.30556133,0.2783610906903271,UIQD
D:\uwiqa_dataset\UIQD\images\2950.jpg,uiqd,1.166666667,0.04166666675,0.024858184,0.443603515625,0.36362645,0.3894272,0.24694633,0.2879622102927225,UIQD
D:\uwiqa_dataset\UIQD\images\2378.jpg,uiqd,1.25,0.0625,0.03546561,0.332763671875,0.38408387,0.36630362,0.24961247,0.20870933212022225,UIQD
D:\uwiqa_dataset\UIQD\images\4954.jpg,uiqd,3.75,0.6875,0.6864887,0.93896484375,0.44138363,0.20746686,0.35114953,0.6421562407156367,UIQD
D:\uwiqa_dataset\UIQD\images\3847.jpg,uiqd,1.75,0.1875,0.23340492,0.1634521484375,0.40511638,0.32308406,0.27179956,0.08764794222456379,UIQD
D:\uwiqa_dataset\UIQD\images\4443.jpg,uiqd,2.333333333,0.33333333325,0.48430124,0.462890625,0.4347276,0.24673848,0.31853387,0.3017529093579813,UIQD
D:\uwiqa_dataset\UIQD\images\3803.jpg,uiqd,1.833333333,0.2083333332499999,0.21975388,0.2958984375,0.3499546,0.31564337,0.33440205,0.18234989466637302,UIQD
D:\uwiqa_dataset\UIQD\images\4611.jpg,uiqd,1.583333333,0.1458333332499999,0.15491718,0.08819580078125,0.5011118,0.30518124,0.19370696,0.03383803099841135,UIQD
D:\uwiqa_dataset\UIQD\images\4166.jpg,uiqd,2.333333333,0.33333333325,0.36445794,0.5234375,0.43716317,0.30598,0.2568568,0.345045230474237,UIQD
D:\uwiqa_dataset\UIQD\images\2214.jpg,uiqd,3.5,0.625,0.6841444,0.86328125,0.51652133,0.14407234,0.33940628,0.5880408393203171,UIQD
D:\uwiqa_dataset\UIQD\images\5693.jpg,uiqd,2.333333333,0.33333333325,0.22085464,0.352294921875,0.39717472,0.3398847,0.26294065,0.22267459699643372,UIQD
D:\uwiqa_dataset\UIQD\images\4202.jpg,uiqd,3.5,0.625,0.5754419,0.80322265625,0.53436834,0.18093443,0.28469723,0.5450976498259668,UIQD
D:\uwiqa_dataset\UIQD\images\3150.jpg,uiqd,2.833333333,0.45833333325,0.49830672,0.403564453125,0.46966428,0.2249746,0.30536106,0.2593334172964889,UIQD
D:\uwiqa_dataset\UIQD\images\4766.jpg,uiqd,2.833333333,0.45833333325,0.36713862,0.4609375,0.4226232,0.24905804,0.3283188,0.3003563828703602,UIQD
D:\uwiqa_dataset\UIQD\images\3623.jpg,uiqd,1.666666667,0.16666666675,0.17694366,0.23095703125,0.38026735,0.31221282,0.30751988,0.13591538895296978,UIQD
D:\uwiqa_dataset\UIQD\images\1245.jpg,uiqd,2.25,0.3125,0.29820934,0.58154296875,0.5176437,0.26789597,0.21446031,0.38659189348096623,UIQD
D:\uwiqa_dataset\UIQD\images\1058.jpg,uiqd,2.333333333,0.33333333325,0.3015994,0.609375,0.38497233,0.28776157,0.3272661,0.4064923959295676,UIQD
D:\uwiqa_dataset\UIQD\images\15.jpg,uiqd,1.666666667,0.16666666675,0.2437591,0.37939453125,0.3362052,0.328661,0.33513373,0.24205140201217717,UIQD
D:\uwiqa_dataset\UIQD\images\2996.jpg,uiqd,1.416666667,0.10416666675,0.15974924,0.46484375,0.34901056,0.24623463,0.40475485,0.3031494358456025,UIQD
D:\uwiqa_dataset\UIQD\images\347.jpg,uiqd,2.666666667,0.4166666667499999,0.3203998,0.16455078125,0.4229883,0.26956925,0.30744246,0.08843348837385068,UIQD
D:\uwiqa_dataset\UIQD\images\3077.jpg,uiqd,1.25,0.0625,0.02312449,0.50390625,0.3581425,0.39364514,0.24821237,0.3310799655980255,UIQD
D:\uwiqa_dataset\UIQD\images\1984.jpg,uiqd,3.333333333,0.58333333325,0.6857489,0.8798828125,0.57079107,0.17920586,0.25000307,0.5999113144650968,UIQD
D:\uwiqa_dataset\UIQD\images\1871.jpg,uiqd,2.916666667,0.4791666667499999,0.51350003,0.458984375,0.47320628,0.2131696,0.31362414,0.29895985638273903,UIQD
D:\uwiqa_dataset\UIQD\images\682.jpg,uiqd,2.666666667,0.4166666667499999,0.44008926,0.513671875,0.45007926,0.28252092,0.26739985,0.33806259803613126,UIQD
D:\uwiqa_dataset\UIQD\images\6108.jpg,uiqd,2.166666667,0.2916666667499999,0.16690385,0.282958984375,0.37314776,0.35932893,0.26752332,0.1730979066858829,UIQD
D:\uwiqa_dataset\UIQD\images\1546.jpg,uiqd,3.083333333,0.52083333325,0.553948,0.447509765625,0.5512611,0.15699048,0.2917484,0.2907552632679648,UIQD
D:\uwiqa_dataset\UIQD\images\3255.jpg,uiqd,1.333333333,0.0833333332499999,0.08059735,0.458984375,0.23266155,0.21360697,0.5537315,0.29895985638273903,UIQD
D:\uwiqa_dataset\UIQD\images\2891.jpg,uiqd,2.333333333,0.33333333325,0.30710238,0.332763671875,0.42211777,0.24539496,0.3324873,0.20870933212022225,UIQD
D:\uwiqa_dataset\UIQD\images\382.jpg,uiqd,1.583333333,0.1458333332499999,0.059123978,0.501953125,0.36437672,0.33235827,0.30326498,0.3296834391104044,UIQD
D:\uwiqa_dataset\UIQD\images\2593.jpg,uiqd,1.916666667,0.22916666675,0.2036649,0.1688232421875,0.48617944,0.24016991,0.27365062,0.09148839006552195,UIQD
D:\uwiqa_dataset\UIQD\images\4145.jpg,uiqd,3.666666667,0.66666666675,0.6668194,0.93603515625,0.5295839,0.19904138,0.2713748,0.640061450984205,UIQD
D:\uwiqa_dataset\UIQD\images\706.jpg,uiqd,2.75,0.4375,0.43417943,0.52734375,0.42190745,0.27149943,0.30659315,0.3478382834494793,UIQD
D:\uwiqa_dataset\UIQD\images\6172.jpg,uiqd,2.333333333,0.33333333325,0.41867828,0.414794921875,0.390245,0.2917825,0.31797254,0.26736344460031053,UIQD
D:\uwiqa_dataset\UIQD\images\4257.jpg,uiqd,2.083333333,0.27083333325,0.2675831,0.2017822265625,0.3882811,0.31411806,0.29760087,0.11505477454412885,UIQD
D:\uwiqa_dataset\UIQD\images\4232.jpg,uiqd,1.416666667,0.10416666675,0.18072832,0.204345703125,0.39448908,0.29861194,0.306899,0.11688771555913163,UIQD
D:\uwiqa_dataset\UIQD\images\3732.jpg,uiqd,2.583333333,0.39583333325,0.35216847,0.6806640625,0.46175668,0.28568804,0.2525553,0.45746561272773956,UIQD
D:\uwiqa_dataset\UIQD\images\3865.jpg,uiqd,1.916666667,0.22916666675,0.29239824,0.2379150390625,0.37122387,0.27550656,0.35326964,0.14089051456512014,UIQD
D:\uwiqa_dataset\UIQD\images\1011.jpg,uiqd,1.166666667,0.04166666675,0.046173874,0.521484375,0.38521433,0.13224146,0.48254424,0.34364870398661584,UIQD
D:\uwiqa_dataset\UIQD\images\1942.jpg,uiqd,2.0,0.25,0.29674253,0.420654296875,0.46130067,0.33969003,0.19900934,0.271553024063174,UIQD
D:\uwiqa_dataset\UIQD\images\5526.jpg,uiqd,2.0,0.25,0.2654104,0.445556640625,0.47096193,0.2632382,0.2657999,0.28935873678034363,UIQD
D:\uwiqa_dataset\UIQD\images\4651.jpg,uiqd,4.083333333,0.7708333332499999,0.8597926,0.9541015625,0.4989491,0.10912429,0.39192665,0.6529793209947006,UIQD
D:\uwiqa_dataset\UIQD\images\6250.jpg,uiqd,2.25,0.3125,0.32205126,0.385009765625,0.3998774,0.2684207,0.33170187,0.246066415664088,UIQD
D:\uwiqa_dataset\UIQD\images\4704.jpg,uiqd,1.583333333,0.1458333332499999,0.13663779,0.37744140625,0.48919806,0.38238198,0.12842,0.24065487552455606,UIQD
D:\uwiqa_dataset\UIQD\images\2169.jpg,uiqd,1.5,0.125,0.07311476,0.478515625,0.37002912,0.43179676,0.19817413,0.31292512125895056,UIQD
D:\uwiqa_dataset\UIQD\images\266.jpg,uiqd,2.166666667,0.2916666667499999,0.25984812,0.498046875,0.3779014,0.2565155,0.3655831,0.326890386135162,UIQD
D:\uwiqa_dataset\UIQD\images\3455.jpg,uiqd,1.75,0.1875,0.28913707,0.1312255859375,0.3757419,0.30354768,0.3207104,0.06460525517881482,UIQD
D:\uwiqa_dataset\UIQD\images\487.jpg,uiqd,1.083333333,0.0208333332499999,0.08999573,0.27978515625,0.3804597,0.30600515,0.31353518,0.17082855114349854,UIQD
D:\uwiqa_dataset\UIQD\images\4819.jpg,uiqd,2.25,0.3125,0.28631732,0.474609375,0.46514183,0.2370248,0.29783332,0.31013206828370826,UIQD
D:\uwiqa_dataset\UIQD\images\2459.jpg,uiqd,4.0,0.75,0.69519144,0.95654296875,0.4095408,0.28853032,0.3019289,0.654724979104227,UIQD
D:\uwiqa_dataset\UIQD\images\3036.jpg,uiqd,2.083333333,0.27083333325,0.2165528,0.21337890625,0.6362986,0.14143175,0.2222697,0.12334665056437943,UIQD
D:\uwiqa_dataset\UIQD\images\1200.jpg,uiqd,1.583333333,0.1458333332499999,0.14299423,0.2861328125,0.39177287,0.3396473,0.26857984,0.1753672622282673,UIQD
D:\uwiqa_dataset\UIQD\images\1398.jpg,uiqd,2.25,0.3125,0.2585617,0.58154296875,0.33313674,0.29082805,0.37603524,0.38659189348096623,UIQD
D:\uwiqa_dataset\UIQD\images\2645.jpg,uiqd,2.166666667,0.2916666667499999,0.31489053,0.361083984375,0.42044288,0.24827088,0.33128622,0.22895896619072892,UIQD
D:\uwiqa_dataset\UIQD\images\197.jpg,uiqd,1.833333333,0.2083333332499999,0.23325478,0.3173828125,0.3276016,0.31804982,0.3543486,0.19771168603020567,UIQD
D:\uwiqa_dataset\UIQD\images\2830.jpg,uiqd,2.833333333,0.45833333325,0.5960149,0.06951904296875,0.4829004,0.24409327,0.27300626,0.0204837464605341,UIQD
D:\uwiqa_dataset\UIQD\images\697.jpg,uiqd,1.333333333,0.0833333332499999,0.12984869,0.2213134765625,0.4377914,0.27507275,0.28713587,0.12902003942034035,UIQD
D:\uwiqa_dataset\UIQD\images\3264.jpg,uiqd,3.166666667,0.54166666675,0.6636353,0.89892578125,0.4850141,0.20222215,0.31276378,0.613527447719403,UIQD
D:\uwiqa_dataset\UIQD\images\2603.jpg,uiqd,1.166666667,0.04166666675,0.03817288,0.56201171875,0.33591643,0.1485461,0.51553744,0.3726266286047547,UIQD
D:\uwiqa_dataset\UIQD\images\4467.jpg,uiqd,3.5,0.625,0.74889976,0.83203125,0.598968,0.12973973,0.2712923,0.5656964155183787,UIQD
D:\uwiqa_dataset\UIQD\images\4057.jpg,uiqd,2.333333333,0.33333333325,0.31673804,0.71044921875,0.45943004,0.2787401,0.26182988,0.4787626416639621,UIQD
D:\uwiqa_dataset\UIQD\images\2789.jpg,uiqd,1.25,0.0625,0.0356285,0.6318359375,0.34990233,0.28127262,0.36882505,0.4225524505372108,UIQD
D:\uwiqa_dataset\UIQD\images\2317.jpg,uiqd,2.583333333,0.39583333325,0.4540567,0.7265625,0.44161138,0.25873393,0.29965472,0.4902839851868366,UIQD
D:\uwiqa_dataset\UIQD\images\5620.jpg,uiqd,2.416666667,0.3541666667499999,0.45254013,0.6318359375,0.52836496,0.2128648,0.2587703,0.4225524505372108,UIQD
D:\uwiqa_dataset\UIQD\images\1076.jpg,uiqd,2.333333333,0.33333333325,0.35512546,0.62451171875,0.43118355,0.26365602,0.30516046,0.4173154762086315,UIQD
D:\uwiqa_dataset\UIQD\images\3247.jpg,uiqd,1.833333333,0.2083333332499999,0.17384551,0.2108154296875,0.41501555,0.34395245,0.24103205,0.12151370954937668,UIQD
D:\uwiqa_dataset\UIQD\images\5828.jpg,uiqd,2.0,0.25,0.20565848,0.092041015625,0.41929716,0.31069595,0.27000687,0.036587442520915496,UIQD
D:\uwiqa_dataset\UIQD\images\85.jpg,uiqd,1.166666667,0.04166666675,0.05630771,0.63525390625,0.36222062,0.217299,0.42048037,0.42499637189054784,UIQD
D:\uwiqa_dataset\UIQD\images\5732.jpg,uiqd,3.75,0.6875,0.6550928,0.299072265625,0.52464217,0.18612479,0.289233,0.18461925020875739,UIQD
D:\uwiqa_dataset\UIQD\images\5136.jpg,uiqd,2.5,0.375,0.36559385,0.455078125,0.41873237,0.26406682,0.31720084,0.29616680340749674,UIQD
D:\uwiqa_dataset\UIQD\images\4163.jpg,uiqd,2.166666667,0.2916666667499999,0.2555677,0.33984375,0.454754,0.26483488,0.28041115,0.2137717406378489,UIQD
D:\uwiqa_dataset\UIQD\images\1863.jpg,uiqd,1.083333333,0.0208333332499999,0.026833907,0.515625,0.35484588,0.15505706,0.49009705,0.3394591245237524,UIQD
D:\uwiqa_dataset\UIQD\images\4140.jpg,uiqd,1.916666667,0.22916666675,0.18621358,0.332763671875,0.42278817,0.2985162,0.27869558,0.20870933212022225,UIQD
D:\uwiqa_dataset\UIQD\images\3461.jpg,uiqd,2.5,0.375,0.36746618,0.294189453125,0.44407135,0.27041855,0.28551012,0.18112793398970453,UIQD
D:\uwiqa_dataset\UIQD\images\536.jpg,uiqd,1.916666667,0.22916666675,0.31446922,0.57373046875,0.3809622,0.3103843,0.30865353,0.3810057875304816,UIQD
D:\uwiqa_dataset\UIQD\images\3545.jpg,uiqd,1.333333333,0.0833333332499999,0.09188247,0.53125,0.30682167,0.24235663,0.45082176,0.3506313364247216,UIQD
D:\uwiqa_dataset\UIQD\images\3974.jpg,uiqd,2.0,0.25,0.18387267,0.155029296875,0.4669725,0.3119204,0.22110711,0.08162542174669757,UIQD
D:\uwiqa_dataset\UIQD\images\3017.jpg,uiqd,2.666666667,0.4166666667499999,0.41544893,0.25537109375,0.4401686,0.23370516,0.32612625,0.15337197004823416,UIQD
D:\uwiqa_dataset\UIQD\images\2572.jpg,uiqd,3.583333333,0.64583333325,0.692167,0.9775390625,0.4859298,0.26791775,0.24615246,0.6697376388461543,UIQD
D:\uwiqa_dataset\UIQD\images\379.jpg,uiqd,4.333333333,0.8333333332499999,0.7649775,0.96826171875,0.6247528,0.12631895,0.24892823,0.6631041380299539,UIQD
D:\uwiqa_dataset\UIQD\images\1658.jpg,uiqd,1.916666667,0.22916666675,0.31399027,0.375732421875,0.45017013,0.33733955,0.21249035,0.23943291484788753,UIQD
D:\uwiqa_dataset\UIQD\images\5605.jpg,uiqd,2.583333333,0.39583333325,0.4062207,0.302490234375,0.5151626,0.24620204,0.23863542,0.1870631715620944,UIQD
D:\uwiqa_dataset\UIQD\images\3961.jpg,uiqd,2.25,0.3125,0.33124807,0.55078125,0.39864123,0.2748852,0.32647356,0.3645966013009331,UIQD
D:\uwiqa_dataset\UIQD\images\433.jpg,uiqd,1.416666667,0.10416666675,0.10553836,0.515625,0.33100456,0.300736,0.36825943,0.3394591245237524,UIQD
D:\uwiqa_dataset\UIQD\images\1145.jpg,uiqd,2.333333333,0.33333333325,0.31000683,0.385009765625,0.38653082,0.26865274,0.34481645,0.246066415664088,UIQD
D:\uwiqa_dataset\UIQD\images\186.jpg,uiqd,4.916666667,0.97916666675,0.8842826,0.990234375,0.4685338,0.18969071,0.34177548,0.6788150610156919,UIQD
D:\uwiqa_dataset\UIQD\images\512.jpg,uiqd,1.833333333,0.2083333332499999,0.20306557,0.3310546875,0.3370856,0.3309728,0.3319416,0.20748737144355373,UIQD
D:\uwiqa_dataset\UIQD\images\1484.jpg,uiqd,3.166666667,0.54166666675,0.5645829,0.55078125,0.4879155,0.24889712,0.26318735,0.3645966013009331,UIQD
D:\uwiqa_dataset\UIQD\images\1845.jpg,uiqd,2.25,0.3125,0.42162856,0.381103515625,0.5574598,0.22893913,0.2136011,0.2432733626888457,UIQD
D:\uwiqa_dataset\UIQD\images\6166.jpg,uiqd,1.5,0.125,0.10671102,0.1199951171875,0.40242064,0.37370315,0.22387622,0.0565752278749932,UIQD
D:\uwiqa_dataset\UIQD\images\6107.jpg,uiqd,3.75,0.6875,0.69097406,0.9736328125,0.5379431,0.2279152,0.23414168,0.6669445858709121,UIQD
D:\uwiqa_dataset\UIQD\images\2717.jpg,uiqd,4.083333333,0.7708333332499999,0.81858766,0.98193359375,0.4874547,0.21523702,0.2973082,0.672879823443302,UIQD
D:\uwiqa_dataset\UIQD\images\4951.jpg,uiqd,3.333333333,0.58333333325,0.60434073,0.97021484375,0.47183526,0.26608157,0.2620831,0.6645006645175751,UIQD
D:\uwiqa_dataset\UIQD\images\4318.jpg,uiqd,1.416666667,0.10416666675,0.16132262,0.26904296875,0.45174843,0.35185122,0.19640039,0.16314765546158222,UIQD
D:\uwiqa_dataset\UIQD\images\4393.jpg,uiqd,1.5,0.125,0.13422427,0.236572265625,0.31489748,0.37324128,0.3118613,0.1399304026048806,UIQD
D:\uwiqa_dataset\UIQD\images\1923.jpg,uiqd,2.25,0.3125,0.27354577,0.352294921875,0.46832556,0.24748737,0.28418702,0.22267459699643372,UIQD
D:\uwiqa_dataset\UIQD\images\1216.jpg,uiqd,2.25,0.3125,0.27686906,0.60009765625,0.5615017,0.25421306,0.18428534,0.39985889511336714,UIQD
D:\uwiqa_dataset\UIQD\images\4626.jpg,uiqd,4.25,0.8125,0.828477,0.9814453125,0.45752138,0.21238914,0.33008945,0.6725306918213967,UIQD
D:\uwiqa_dataset\UIQD\images\5632.jpg,uiqd,1.833333333,0.2083333332499999,0.1488772,0.12249755859375,0.38682467,0.3222845,0.29089084,0.05836452743725779,UIQD
D:\uwiqa_dataset\UIQD\images\2178.jpg,uiqd,2.666666667,0.4166666667499999,0.44862446,0.48828125,0.44956222,0.27187458,0.27856326,0.3199077536970563,UIQD
D:\uwiqa_dataset\UIQD\images\2729.jpg,uiqd,1.916666667,0.22916666675,0.21998966,0.458984375,0.3335766,0.2935925,0.3728309,0.29895985638273903,UIQD
D:\uwiqa_dataset\UIQD\images\1039.jpg,uiqd,1.666666667,0.16666666675,0.12467015,0.4130859375,0.33011672,0.1945194,0.47536385,0.266141483923642,UIQD
D:\uwiqa_dataset\UIQD\images\1489.jpg,uiqd,1.5,0.125,0.19665027,0.68603515625,0.37294173,0.33146524,0.29559302,0.4613060605686977,UIQD
D:\uwiqa_dataset\UIQD\images\5310.jpg,uiqd,2.333333333,0.33333333325,0.36082006,0.48828125,0.50941,0.2579091,0.2326809,0.3199077536970563,UIQD
D:\uwiqa_dataset\UIQD\images\4517.jpg,uiqd,2.0,0.25,0.16585924,0.09075927734375,0.5443242,0.28461692,0.1710588,0.035670972013414105,UIQD
D:\uwiqa_dataset\UIQD\images\684.jpg,uiqd,4.0,0.75,0.606075,0.9501953125,0.5062842,0.2170543,0.2766616,0.6501862680194582,UIQD
D:\uwiqa_dataset\UIQD\images\4329.jpg,uiqd,3.666666667,0.66666666675,0.60679066,0.43212890625,0.4897377,0.2360116,0.27425075,0.2797576171779482,UIQD
D:\uwiqa_dataset\UIQD\images\3341.jpg,uiqd,2.5,0.375,0.32753602,0.4609375,0.39095846,0.3034264,0.3056151,0.3003563828703602,UIQD
D:\uwiqa_dataset\UIQD\images\4707.jpg,uiqd,4.333333333,0.8333333332499999,0.7829465,0.8310546875,0.5117241,0.17658523,0.3116907,0.5649981522745682,UIQD
D:\uwiqa_dataset\UIQD\images\5984.jpg,uiqd,1.5,0.125,0.033914015,0.60205078125,0.3624554,0.1753256,0.46221897,0.40125542160098826,UIQD
D:\uwiqa_dataset\UIQD\images\1555.jpg,uiqd,1.833333333,0.2083333332499999,0.23268804,0.1666259765625,0.50758225,0.27854466,0.21387309,0.08991729776694815,UIQD
D:\uwiqa_dataset\UIQD\images\229.jpg,uiqd,1.083333333,0.0208333332499999,0.024652716,0.46484375,0.34251696,0.11302086,0.5444622,0.3031494358456025,UIQD
D:\uwiqa_dataset\UIQD\images\5358.jpg,uiqd,1.416666667,0.10416666675,0.022549048,0.3310546875,0.38848203,0.39460066,0.21691729,0.20748737144355373,UIQD
D:\uwiqa_dataset\UIQD\images\426.jpg,uiqd,1.916666667,0.22916666675,0.30238935,0.470703125,0.444143,0.26579502,0.29006195,0.30733901530846597,UIQD
D:\uwiqa_dataset\UIQD\images\249.jpg,uiqd,4.25,0.8125,0.792021,0.98095703125,0.61288065,0.18056303,0.20655634,0.6721815601994914,UIQD
D:\uwiqa_dataset\UIQD\images\6195.jpg,uiqd,1.916666667,0.22916666675,0.12961683,0.58154296875,0.35528457,0.34556514,0.2991503,0.38659189348096623,UIQD
D:\uwiqa_dataset\UIQD\images\4041.jpg,uiqd,2.416666667,0.3541666667499999,0.32604536,0.68408203125,0.35640204,0.29900116,0.3445968,0.4599095340810766,UIQD
D:\uwiqa_dataset\UIQD\images\4539.jpg,uiqd,1.916666667,0.22916666675,0.1773166,0.310791015625,0.43008515,0.24623866,0.32367623,0.1929984091344843,UIQD
D:\uwiqa_dataset\UIQD\images\4156.jpg,uiqd,2.416666667,0.3541666667499999,0.35111165,0.59619140625,0.3806932,0.30706525,0.31224152,0.39706584213812485,UIQD
D:\uwiqa_dataset\UIQD\images\402.jpg,uiqd,3.416666667,0.60416666675,0.593697,0.689453125,0.42961282,0.27480924,0.29557794,0.46374998192203476,UIQD
D:\uwiqa_dataset\UIQD\images\1486.jpg,uiqd,2.833333333,0.45833333325,0.62618786,0.93994140625,0.5550827,0.23173015,0.2131871,0.6428545039594472,UIQD
D:\uwiqa_dataset\UIQD\images\4520.jpg,uiqd,1.333333333,0.0833333332499999,0.18224941,0.167724609375,0.36558786,0.33203563,0.30237648,0.09070284391623507,UIQD
D:\uwiqa_dataset\UIQD\images\605.jpg,uiqd,3.333333333,0.58333333325,0.5971945,0.767578125,0.5863576,0.13920245,0.2744399,0.5196110414268807,UIQD
D:\uwiqa_dataset\UIQD\images\1221.jpg,uiqd,3.666666667,0.66666666675,0.7173467,0.93408203125,0.5107428,0.21086253,0.2783947,0.6386649244965837,UIQD
D:\uwiqa_dataset\UIQD\images\2860.jpg,uiqd,2.0,0.25,0.3035901,0.267333984375,0.4328707,0.26971892,0.29741046,0.1619256947849137,UIQD
D:\uwiqa_dataset\UIQD\images\1355.jpg,uiqd,2.333333333,0.33333333325,0.32784274,0.54296875,0.41264096,0.29968464,0.28767437,0.3590104953504485,UIQD
D:\uwiqa_dataset\UIQD\images\1184.jpg,uiqd,2.333333333,0.33333333325,0.3285127,0.56396484375,0.4117131,0.33328167,0.25500524,0.3740231550923759,UIQD
D:\uwiqa_dataset\UIQD\images\1102.jpg,uiqd,1.166666667,0.04166666675,0.056229025,0.466796875,0.35529998,0.46929616,0.17540383,0.3045459623332237,UIQD
D:\uwiqa_dataset\UIQD\images\5611.jpg,uiqd,2.166666667,0.2916666667499999,0.29179424,0.494140625,0.40774706,0.27328548,0.31896746,0.32409733315991973,UIQD
D:\uwiqa_dataset\UIQD\images\1421.jpg,uiqd,4.0,0.75,0.8021496,0.970703125,0.54073495,0.18978891,0.26947615,0.6648497961394804,UIQD
D:\uwiqa_dataset\UIQD\images\3640.jpg,uiqd,1.666666667,0.16666666675,0.2160492,0.57763671875,0.37652254,0.28518668,0.33829075,0.38379884050572394,UIQD
D:\uwiqa_dataset\UIQD\images\5209.jpg,uiqd,1.916666667,0.22916666675,0.24667752,0.32421875,0.5731458,0.2736815,0.15317273,0.2025995287368797,UIQD
D:\uwiqa_dataset\UIQD\images\3338.jpg,uiqd,1.333333333,0.0833333332499999,0.09461633,0.52734375,0.32550535,0.341348,0.33314663,0.3478382834494793,UIQD
D:\uwiqa_dataset\UIQD\images\3129.jpg,uiqd,2.0,0.25,0.20781367,0.5234375,0.3573567,0.3616001,0.28104317,0.345045230474237,UIQD
D:\uwiqa_dataset\UIQD\images\2799.jpg,uiqd,1.916666667,0.22916666675,0.25784197,0.69580078125,0.38172188,0.3015934,0.3166847,0.4682886930068035,UIQD
D:\uwiqa_dataset\UIQD\images\5495.jpg,uiqd,3.083333333,0.52083333325,0.53537387,0.65673828125,0.46714973,0.22645283,0.3063974,0.4403581632543805,UIQD
D:\uwiqa_dataset\UIQD\images\255.jpg,uiqd,2.416666667,0.3541666667499999,0.3846983,0.51953125,0.40980306,0.26897404,0.32122284,0.3422521774989947,UIQD
D:\uwiqa_dataset\UIQD\images\5303.jpg,uiqd,2.166666667,0.2916666667499999,0.27051696,0.4765625,0.38489512,0.3239308,0.29117408,0.3115285947713294,UIQD
D:\uwiqa_dataset\UIQD\images\5944.jpg,uiqd,3.833333333,0.70833333325,0.70295566,0.94091796875,0.6654679,0.10250335,0.23202866,0.6435527672032578,UIQD
D:\uwiqa_dataset\UIQD\images\18.jpg,uiqd,1.416666667,0.10416666675,0.15930966,0.517578125,0.3201907,0.32733232,0.35247698,0.34085565101137355,UIQD
D:\uwiqa_dataset\UIQD\images\4120.jpg,uiqd,2.25,0.3125,0.39177236,0.74462890625,0.46631315,0.27195662,0.26173025,0.5032018551973322,UIQD
D:\uwiqa_dataset\UIQD\images\222.jpg,uiqd,2.666666667,0.4166666667499999,0.35958,0.437744140625,0.49722493,0.25160497,0.25117016,0.28377263082985904,UIQD
D:\uwiqa_dataset\UIQD\images\3050.jpg,uiqd,1.833333333,0.2083333332499999,0.2802848,0.34521484375,0.48665118,0.24563845,0.26771033,0.21761218847880706,UIQD
D:\uwiqa_dataset\UIQD\images\5068.jpg,uiqd,3.083333333,0.52083333325,0.5562319,0.5,0.45804447,0.22829384,0.31366172,0.3282869126227832,UIQD
D:\uwiqa_dataset\UIQD\images\66.jpg,uiqd,1.833333333,0.2083333332499999,0.31551751,0.56982421875,0.35303032,0.28501147,0.36195818,0.3782127345552393,UIQD
D:\uwiqa_dataset\UIQD\images\1560.jpg,uiqd,3.833333333,0.70833333325,0.77340406,0.9814453125,0.45895144,0.111360334,0.42968827,0.6725306918213967,UIQD
D:\uwiqa_dataset\UIQD\images\4191.jpg,uiqd,2.416666667,0.3541666667499999,0.26369563,0.3720703125,0.35649243,0.27260795,0.37089962,0.2368144276835979,UIQD
D:\uwiqa_dataset\UIQD\images\158.jpg,uiqd,4.166666667,0.7916666667500001,0.76691467,0.98486328125,0.48389605,0.20028044,0.31582353,0.6749746131747337,UIQD
D:\uwiqa_dataset\UIQD\images\3162.jpg,uiqd,3.75,0.6875,0.72062564,0.53515625,0.57569957,0.15891472,0.26538566,0.3534243893999639,UIQD
D:\uwiqa_dataset\UIQD\images\1537.jpg,uiqd,3.5,0.625,0.6875481,0.98095703125,0.48508927,0.25672784,0.25818297,0.6721815601994914,UIQD
D:\uwiqa_dataset\UIQD\images\469.jpg,uiqd,4.083333333,0.7708333332499999,0.6353596,0.83740234375,0.6372641,0.12281666,0.2399192,0.5695368633593368,UIQD
D:\uwiqa_dataset\UIQD\images\3575.jpg,uiqd,2.25,0.3125,0.42374197,0.72509765625,0.41591898,0.28601915,0.29806185,0.48923659032112077,UIQD
D:\uwiqa_dataset\UIQD\images\3196.jpg,uiqd,1.75,0.1875,0.3622299,0.56591796875,0.5162031,0.3023233,0.18147358,0.375419681579997,UIQD
D:\uwiqa_dataset\UIQD\images\1510.jpg,uiqd,2.0,0.25,0.13623782,0.51953125,0.32080707,0.39964384,0.27954906,0.3422521774989947,UIQD
D:\uwiqa_dataset\UIQD\images\4967.jpg,uiqd,3.916666667,0.72916666675,0.67554563,0.82568359375,0.5986561,0.15039857,0.2509453,0.5611577044336099,UIQD
D:\uwiqa_dataset\UIQD\images\4303.jpg,uiqd,4.083333333,0.7708333332499999,0.6798757,0.9345703125,0.5614417,0.16038667,0.27817163,0.639014056118489,UIQD
D:\uwiqa_dataset\UIQD\images\6262.jpg,uiqd,2.833333333,0.45833333325,0.3981379,0.38671875,0.48736373,0.33437333,0.17826292,0.2472883763407565,UIQD
D:\uwiqa_dataset\UIQD\images\1019.jpg,uiqd,3.416666667,0.60416666675,0.632713,0.6318359375,0.40463904,0.33392203,0.26143897,0.4225524505372108,UIQD
D:\uwiqa_dataset\UIQD\images\1478.jpg,uiqd,1.583333333,0.1458333332499999,0.07714729,0.287841796875,0.34005967,0.24092841,0.4190119,0.17658922290493578,UIQD
D:\uwiqa_dataset\UIQD\images\806.jpg,uiqd,1.25,0.0625,0.04807139,0.556640625,0.25723282,0.20394185,0.53882533,0.36878618076379655,UIQD
D:\uwiqa_dataset\UIQD\images\2802.jpg,uiqd,3.583333333,0.64583333325,0.73773867,0.94482421875,0.50882894,0.15646896,0.33470204,0.6463458201785001,UIQD
D:\uwiqa_dataset\UIQD\images\3101.jpg,uiqd,1.166666667,0.04166666675,0.08991075,0.368408203125,0.41450328,0.32892445,0.2565723,0.2341959405193082,UIQD
D:\uwiqa_dataset\UIQD\images\3552.jpg,uiqd,2.75,0.4375,0.44837174,0.5546875,0.45601556,0.22268537,0.32129902,0.3673896542761754,UIQD
D:\uwiqa_dataset\UIQD\images\4234.jpg,uiqd,1.916666667,0.22916666675,0.24624215,0.490234375,0.398342,0.29418483,0.30747318,0.32130428018467744,UIQD
D:\uwiqa_dataset\UIQD\images\3152.jpg,uiqd,3.166666667,0.54166666675,0.6438448,0.96484375,0.5023102,0.12442319,0.3732666,0.6606602166766169,UIQD
D:\uwiqa_dataset\UIQD\images\707.jpg,uiqd,1.75,0.1875,0.1568979,0.329345703125,0.36452383,0.39210638,0.24336977,0.20626541076688523,UIQD
D:\uwiqa_dataset\UIQD\images\2759.jpg,uiqd,2.666666667,0.4166666667499999,0.47735575,0.383056640625,0.44609392,0.25830254,0.29560354,0.24466988917646687,UIQD
D:\uwiqa_dataset\UIQD\images\377.jpg,uiqd,4.166666667,0.7916666667500001,0.8029615,0.9052734375,0.6318218,0.1017696,0.26640862,0.6180661588041718,UIQD
D:\uwiqa_dataset\UIQD\images\544.jpg,uiqd,2.416666667,0.3541666667499999,0.37379876,0.368408203125,0.42855677,0.26177323,0.30967003,0.2341959405193082,UIQD
D:\uwiqa_dataset\UIQD\images\32.jpg,uiqd,1.083333333,0.0208333332499999,0.07868823,0.5234375,0.39846805,0.41569144,0.18584053,0.345045230474237,UIQD
D:\uwiqa_dataset\UIQD\images\3313.jpg,uiqd,2.166666667,0.2916666667499999,0.377987,0.5,0.4606496,0.26927647,0.27007383,0.3282869126227832,UIQD
D:\uwiqa_dataset\UIQD\images\3056.jpg,uiqd,3.583333333,0.64583333325,0.65062803,0.96826171875,0.5736475,0.20225589,0.22409661,0.6631041380299539,UIQD
D:\uwiqa_dataset\UIQD\images\3651.jpg,uiqd,1.5,0.125,0.08568996,0.3701171875,0.37492302,0.4581148,0.16696212,0.23541790119597672,UIQD
D:\uwiqa_dataset\UIQD\images\1955.jpg,uiqd,1.416666667,0.10416666675,0.031955916,0.42822265625,0.3097979,0.5477032,0.14249891,0.27696456420270593,UIQD
D:\uwiqa_dataset\UIQD\images\5530.jpg,uiqd,2.416666667,0.3541666667499999,0.35066912,0.453369140625,0.48800358,0.33583805,0.17615837,0.29494484273082827,UIQD
D:\uwiqa_dataset\UIQD\images\1893.jpg,uiqd,1.916666667,0.22916666675,0.2924697,0.33447265625,0.3828664,0.31543237,0.30170125,0.20993129279689074,UIQD
D:\uwiqa_dataset\UIQD\images\2747.jpg,uiqd,3.083333333,0.52083333325,0.55850667,0.91748046875,0.4869178,0.20620023,0.30688196,0.6267944493518041,UIQD
D:\uwiqa_dataset\UIQD\images\2192.jpg,uiqd,2.0,0.25,0.29306012,0.385009765625,0.40469232,0.29511216,0.30019552,0.246066415664088,UIQD
D:\uwiqa_dataset\UIQD\images\5602.jpg,uiqd,1.583333333,0.1458333332499999,0.20053814,0.182373046875,0.37567332,0.32936996,0.2949567,0.10117679257339368,UIQD
D:\uwiqa_dataset\UIQD\images\621.jpg,uiqd,1.333333333,0.0833333332499999,0.15139873,0.482421875,0.37849084,0.33207816,0.28943104,0.31571817423419285,UIQD
D:\uwiqa_dataset\UIQD\images\3897.jpg,uiqd,3.416666667,0.60416666675,0.6720546,0.42822265625,0.5290099,0.21395859,0.25703156,0.27696456420270593,UIQD
D:\uwiqa_dataset\UIQD\images\812.jpg,uiqd,4.0,0.75,0.71567947,0.91552734375,0.49929407,0.18769294,0.31301302,0.6253979228641828,UIQD
D:\uwiqa_dataset\UIQD\images\1033.jpg,uiqd,2.416666667,0.3541666667499999,0.19727881,0.3486328125,0.36960155,0.3338189,0.29657954,0.22005610983214408,UIQD
D:\uwiqa_dataset\UIQD\images\178.jpg,uiqd,1.583333333,0.1458333332499999,0.19622509,0.1357421875,0.6569733,0.1873822,0.15564445,0.06783472268143872,UIQD
D:\uwiqa_dataset\UIQD\images\6204.jpg,uiqd,2.916666667,0.4791666667499999,0.5045236,0.83740234375,0.5627611,0.17277835,0.2644605,0.5695368633593368,UIQD
D:\uwiqa_dataset\UIQD\images\3277.jpg,uiqd,2.25,0.3125,0.33666283,0.537109375,0.38917726,0.26317233,0.34765038,0.3548209158875851,UIQD
D:\uwiqa_dataset\UIQD\images\4762.jpg,uiqd,3.083333333,0.52083333325,0.5281587,0.385009765625,0.4512186,0.22254503,0.32623634,0.246066415664088,UIQD
D:\uwiqa_dataset\UIQD\images\3269.jpg,uiqd,1.833333333,0.2083333332499999,0.1929056,0.264404296875,0.50167346,0.35280973,0.14551684,0.159830905053482,UIQD
D:\uwiqa_dataset\UIQD\images\218.jpg,uiqd,1.916666667,0.22916666675,0.20387302,0.521484375,0.3092828,0.30259785,0.38811934,0.34364870398661584,UIQD
D:\uwiqa_dataset\UIQD\images\502.jpg,uiqd,1.416666667,0.10416666675,0.1697604,0.3173828125,0.37416166,0.24771184,0.3781265,0.19771168603020567,UIQD
D:\uwiqa_dataset\UIQD\images\2543.jpg,uiqd,1.75,0.1875,0.14858764,0.46875,0.3599583,0.23838611,0.40165552,0.3059424888208448,UIQD
D:\uwiqa_dataset\UIQD\images\4454.jpg,uiqd,1.666666667,0.16666666675,0.20071295,0.48828125,0.43028507,0.40609083,0.1636241,0.3199077536970563,UIQD
D:\uwiqa_dataset\UIQD\images\2796.jpg,uiqd,2.5,0.375,0.33212027,0.439697265625,0.4232078,0.27860776,0.29818445,0.2851691573174802,UIQD
D:\uwiqa_dataset\UIQD\images\4499.jpg,uiqd,3.833333333,0.70833333325,0.7515879,0.8916015625,0.54644823,0.14605716,0.30749458,0.6082904733908238,UIQD
D:\uwiqa_dataset\UIQD\images\5155.jpg,uiqd,1.75,0.1875,0.19935042,0.357666015625,0.5491948,0.21568996,0.23511522,0.22651504483739188,UIQD
D:\uwiqa_dataset\UIQD\images\3663.jpg,uiqd,1.5,0.125,0.1621623,0.5947265625,0.38218036,0.28402963,0.33379003,0.396018447272409,UIQD
D:\uwiqa_dataset\UIQD\images\4898.jpg,uiqd,2.0,0.25,0.12909502,0.2568359375,0.3543332,0.29639018,0.3492767,0.15441936491395003,UIQD
D:\uwiqa_dataset\UIQD\images\1861.jpg,uiqd,2.5,0.375,0.48094034,0.53125,0.4618219,0.22105654,0.31712162,0.3506313364247216,UIQD
D:\uwiqa_dataset\UIQD\images\5847.jpg,uiqd,1.583333333,0.1458333332499999,0.04621622,0.2379150390625,0.37281984,0.2236626,0.40351757,0.14089051456512014,UIQD
D:\uwiqa_dataset\UIQD\images\788.jpg,uiqd,1.25,0.0625,0.06848212,0.264404296875,0.35141942,0.5009488,0.14763184,0.159830905053482,UIQD
D:\uwiqa_dataset\UIQD\images\1808.jpg,uiqd,1.5,0.125,0.17688635,0.2322998046875,0.37520602,0.3426601,0.28213385,0.13687550091320932,UIQD
D:\uwiqa_dataset\UIQD\images\4031.jpg,uiqd,1.5,0.125,0.12656537,0.53125,0.28821376,0.1937143,0.5180719,0.3506313364247216,UIQD
D:\uwiqa_dataset\UIQD\images\4916.jpg,uiqd,1.916666667,0.22916666675,0.16845414,0.53125,0.40282178,0.31288308,0.28429514,0.3506313364247216,UIQD
D:\uwiqa_dataset\UIQD\images\3722.jpg,uiqd,3.75,0.6875,0.71580523,0.97265625,0.5034442,0.1819231,0.31463268,0.6662463226271015,UIQD
D:\uwiqa_dataset\UIQD\images\2723.jpg,uiqd,3.583333333,0.64583333325,0.5966845,0.93505859375,0.55353636,0.1769219,0.2695417,0.6393631877403944,UIQD
D:\uwiqa_dataset\UIQD\images\169.jpg,uiqd,1.25,0.0625,0.09866074,0.6494140625,0.32736358,0.28182587,0.3908106,0.43512118892580115,UIQD
D:\uwiqa_dataset\UIQD\images\829.jpg,uiqd,3.333333333,0.58333333325,0.58633655,0.939453125,0.5134006,0.18395199,0.30264747,0.6425053723375419,UIQD
D:\uwiqa_dataset\UIQD\images\4398.jpg,uiqd,2.166666667,0.2916666667499999,0.17597112,0.1744384765625,0.61282897,0.20389403,0.18327703,0.09550340371743277,UIQD
D:\uwiqa_dataset\UIQD\images\765.jpg,uiqd,2.5,0.375,0.2777238,0.56787109375,0.45686594,0.18557389,0.3575602,0.3768162080676182,UIQD
D:\uwiqa_dataset\UIQD\images\4076.jpg,uiqd,2.0,0.25,0.21682131,0.32763671875,0.4959664,0.31254074,0.19149281,0.2050434500902167,UIQD
D:\uwiqa_dataset\UIQD\images\1613.jpg,uiqd,1.666666667,0.16666666675,0.16277376,0.0966796875,0.5456853,0.2864814,0.16783325,0.039904192929015724,UIQD
D:\uwiqa_dataset\UIQD\images\320.jpg,uiqd,2.916666667,0.4791666667499999,0.4163828,0.42431640625,0.47539654,0.21095116,0.31365222,0.27417151122746364,UIQD
D:\uwiqa_dataset\UIQD\images\2139.jpg,uiqd,2.333333333,0.33333333325,0.40894577,0.74169921875,0.55990875,0.25600863,0.1840826,0.5011070654659006,UIQD
D:\uwiqa_dataset\UIQD\images\5282.jpg,uiqd,1.083333333,0.0208333332499999,0.035055634,0.544921875,0.47640294,0.20278835,0.32080868,0.36040702183806966,UIQD
D:\uwiqa_dataset\UIQD\images\4173.jpg,uiqd,1.833333333,0.2083333332499999,0.1635306,0.235107421875,0.53679174,0.2417542,0.22145408,0.13888300773916473,UIQD
D:\uwiqa_dataset\UIQD\images\747.jpg,uiqd,3.166666667,0.54166666675,0.55956143,0.422607421875,0.46104062,0.25029013,0.28866932,0.2729495505507951,UIQD
D:\uwiqa_dataset\UIQD\images\1331.jpg,uiqd,2.166666667,0.2916666667499999,0.3513243,0.56787109375,0.38554525,0.28698167,0.32747304,0.3768162080676182,UIQD
D:\uwiqa_dataset\UIQD\images\507.jpg,uiqd,1.75,0.1875,0.106598996,0.5390625,0.37398842,0.29332462,0.33268696,0.3562174423752062,UIQD
D:\uwiqa_dataset\UIQD\images\2782.jpg,uiqd,2.083333333,0.27083333325,0.23839813,0.359375,0.35343793,0.31004596,0.33651608,0.2277370055140604,UIQD
D:\uwiqa_dataset\UIQD\images\3962.jpg,uiqd,1.833333333,0.2083333332499999,0.22048186,0.36669921875,0.35508877,0.2889976,0.35591367,0.23297397984263973,UIQD
D:\uwiqa_dataset\UIQD\images\4771.jpg,uiqd,1.833333333,0.2083333332499999,0.15201434,0.204345703125,0.32946578,0.4000062,0.270528,0.11688771555913163,UIQD
D:\uwiqa_dataset\UIQD\images\1601.jpg,uiqd,1.75,0.1875,0.2599413,0.2281494140625,0.43788823,0.30830926,0.2538026,0.13390788212701438,UIQD
D:\uwiqa_dataset\UIQD\images\3808.jpg,uiqd,2.083333333,0.27083333325,0.288025,0.57373046875,0.3952445,0.26745266,0.33730283,0.3810057875304816,UIQD
D:\uwiqa_dataset\UIQD\images\2793.jpg,uiqd,1.916666667,0.22916666675,0.16164206,0.32421875,0.4849477,0.35430747,0.16074488,0.2025995287368797,UIQD
D:\uwiqa_dataset\UIQD\images\5075.jpg,uiqd,2.25,0.3125,0.3483154,0.6318359375,0.41650173,0.29156747,0.29193088,0.4225524505372108,UIQD
D:\uwiqa_dataset\UIQD\images\6127.jpg,uiqd,4.0,0.75,0.8016491,0.966796875,0.6261744,0.103252016,0.27057356,0.662056743164238,UIQD
D:\uwiqa_dataset\UIQD\images\6271.jpg,uiqd,3.916666667,0.72916666675,0.74132264,0.892578125,0.66278154,0.11591789,0.2213005,0.6089887366346344,UIQD
D:\uwiqa_dataset\UIQD\images\5268.jpg,uiqd,4.416666667,0.8541666667500001,0.76277274,0.96240234375,0.49874473,0.16904673,0.33220857,0.6589145585670905,UIQD
D:\uwiqa_dataset\UIQD\images\6308.jpg,uiqd,2.75,0.4375,0.34002194,0.5546875,0.4128313,0.25663608,0.3305327,0.3673896542761754,UIQD
D:\uwiqa_dataset\UIQD\images\5471.jpg,uiqd,4.5,0.875,0.79160625,0.97216796875,0.59427047,0.1567553,0.2489742,0.6658971910051962,UIQD
D:\uwiqa_dataset\UIQD\images\5452.jpg,uiqd,2.083333333,0.27083333325,0.27173927,0.53125,0.35838804,0.24695821,0.39465377,0.3506313364247216,UIQD
D:\uwiqa_dataset\UIQD\images\5912.jpg,uiqd,1.916666667,0.22916666675,0.18153949,0.312255859375,0.3857079,0.23187806,0.38241404,0.19404580400020016,UIQD
D:\uwiqa_dataset\UIQD\images\2265.jpg,uiqd,2.25,0.3125,0.37570933,0.52734375,0.3942562,0.2803143,0.32542956,0.3478382834494793,UIQD
D:\uwiqa_dataset\UIQD\images\5342.jpg,uiqd,1.916666667,0.22916666675,0.29365072,0.552734375,0.50075525,0.25502306,0.2442217,0.36599312778855425,UIQD
D:\uwiqa_dataset\UIQD\images\4661.jpg,uiqd,4.166666667,0.7916666667500001,0.83177644,0.9853515625,0.57928145,0.13062225,0.2900963,0.6753237447966389,UIQD
D:\uwiqa_dataset\UIQD\images\4976.jpg,uiqd,2.0,0.25,0.10504441,0.43017578125,0.44645208,0.35068542,0.20286241,0.2783610906903271,UIQD
D:\uwiqa_dataset\UIQD\images\1311.jpg,uiqd,2.333333333,0.33333333325,0.33186528,0.513671875,0.40240926,0.2662819,0.33130884,0.33806259803613126,UIQD
D:\uwiqa_dataset\UIQD\images\5883.jpg,uiqd,3.416666667,0.60416666675,0.7553621,0.98828125,0.5506361,0.24093358,0.20843036,0.6774185345280707,UIQD
D:\uwiqa_dataset\UIQD\images\438.jpg,uiqd,1.666666667,0.16666666675,0.27016446,0.435791015625,0.34328806,0.32723483,0.3294771,0.2823761043422379,UIQD
D:\uwiqa_dataset\UIQD\images\5550.jpg,uiqd,2.25,0.3125,0.21257228,0.2421875,0.36579219,0.3348769,0.29933095,0.14394541625679141,UIQD
D:\uwiqa_dataset\UIQD\images\1159.jpg,uiqd,1.833333333,0.2083333332499999,0.20070823,0.1981201171875,0.4542712,0.25288936,0.2928395,0.11243628737983921,UIQD
D:\uwiqa_dataset\UIQD\images\1497.jpg,uiqd,3.416666667,0.60416666675,0.6778684,0.89892578125,0.50733626,0.24784563,0.24481812,0.613527447719403,UIQD
D:\uwiqa_dataset\UIQD\images\3108.jpg,uiqd,2.416666667,0.3541666667499999,0.26994586,0.546875,0.34307817,0.3100568,0.346865,0.3618035483256908,UIQD
D:\uwiqa_dataset\UIQD\images\5432.jpg,uiqd,1.166666667,0.04166666675,0.07707763,0.5234375,0.32085726,0.15780574,0.521337,0.345045230474237,UIQD
D:\uwiqa_dataset\UIQD\images\2099.jpg,uiqd,2.083333333,0.27083333325,0.23580207,0.2017822265625,0.55963665,0.26844206,0.17192128,0.11505477454412885,UIQD
D:\uwiqa_dataset\UIQD\images\3705.jpg,uiqd,2.083333333,0.27083333325,0.28620473,0.47265625,0.35095084,0.32389334,0.32515585,0.3087355417960871,UIQD
D:\uwiqa_dataset\UIQD\images\260.jpg,uiqd,2.0,0.25,0.29002663,0.34326171875,0.38770956,0.3468325,0.26545796,0.21621566199118591,UIQD
D:\uwiqa_dataset\UIQD\images\2165.jpg,uiqd,4.5,0.875,0.82149017,0.9833984375,0.57778513,0.15291229,0.26930258,0.6739272183090178,UIQD
D:\uwiqa_dataset\UIQD\images\2836.jpg,uiqd,1.75,0.1875,0.14661464,0.5546875,0.43238068,0.3708196,0.19679973,0.3673896542761754,UIQD
D:\uwiqa_dataset\UIQD\images\756.jpg,uiqd,2.083333333,0.27083333325,0.27564222,0.310791015625,0.46475694,0.3064533,0.22878979,0.1929984091344843,UIQD
D:\uwiqa_dataset\UIQD\images\3483.jpg,uiqd,1.75,0.1875,0.16617979,0.2783203125,0.393001,0.3414752,0.2655238,0.16978115627778267,UIQD
D:\uwiqa_dataset\UIQD\images\46.jpg,uiqd,2.083333333,0.27083333325,0.29447153,0.264404296875,0.446974,0.35294423,0.20008186,0.159830905053482,UIQD
D:\uwiqa_dataset\UIQD\images\748.jpg,uiqd,2.5,0.375,0.37784305,0.57373046875,0.429562,0.35616806,0.21426995,0.3810057875304816,UIQD
D:\uwiqa_dataset\UIQD\images\3064.jpg,uiqd,3.5,0.625,0.68923473,0.89306640625,0.475436,0.25029114,0.27427286,0.6093378682565397,UIQD
D:\uwiqa_dataset\UIQD\images\324.jpg,uiqd,1.083333333,0.0208333332499999,0.02591684,0.544921875,0.3815925,0.44170836,0.1766991,0.36040702183806966,UIQD
D:\uwiqa_dataset\UIQD\images\3868.jpg,uiqd,3.583333333,0.64583333325,0.67968386,0.97998046875,0.48709336,0.25399536,0.2589113,0.6714832969556808,UIQD
D:\uwiqa_dataset\UIQD\images\4533.jpg,uiqd,1.916666667,0.22916666675,0.28083646,0.498046875,0.54929656,0.25801063,0.19269282,0.326890386135162,UIQD
D:\uwiqa_dataset\UIQD\images\4297.jpg,uiqd,4.083333333,0.7708333332499999,0.7802843,0.92822265625,0.4795105,0.19356683,0.32692266,0.6344753450337204,UIQD
D:\uwiqa_dataset\UIQD\images\5062.jpg,uiqd,1.916666667,0.22916666675,0.21018213,0.2069091796875,0.44097957,0.3122172,0.24680325,0.11872065657413439,UIQD
D:\uwiqa_dataset\UIQD\images\6244.jpg,uiqd,2.666666667,0.4166666667499999,0.33057222,0.56591796875,0.38484538,0.30101347,0.31414112,0.375419681579997,UIQD
D:\uwiqa_dataset\UIQD\images\2116.jpg,uiqd,1.416666667,0.10416666675,0.14079191,0.2451171875,0.4847219,0.28616735,0.22911076,0.14604020598822312,UIQD
D:\uwiqa_dataset\UIQD\images\5361.jpg,uiqd,1.333333333,0.0833333332499999,0.025746975,0.32080078125,0.35318562,0.5270116,0.11980275,0.20015560738354268,UIQD
D:\uwiqa_dataset\UIQD\images\3222.jpg,uiqd,1.416666667,0.10416666675,0.034145325,0.43212890625,0.2664625,0.15085293,0.5826845,0.2797576171779482,UIQD
D:\uwiqa_dataset\UIQD\images\5384.jpg,uiqd,2.0,0.25,0.23188356,0.451416015625,0.51913214,0.3364857,0.1443822,0.2935483162432071,UIQD
D:\uwiqa_dataset\UIQD\images\577.jpg,uiqd,1.5,0.125,0.14688587,0.1859130859375,0.5130104,0.28170633,0.20528328,0.10370799683220702,UIQD
D:\uwiqa_dataset\UIQD\images\2277.jpg,uiqd,3.833333333,0.70833333325,0.6716982,0.9052734375,0.5713427,0.14624803,0.28240925,0.6180661588041718,UIQD
D:\uwiqa_dataset\UIQD\images\5987.jpg,uiqd,2.833333333,0.45833333325,0.44645044,0.57177734375,0.4326635,0.31254402,0.25479242,0.37960926104286047,UIQD
D:\uwiqa_dataset\UIQD\images\3306.jpg,uiqd,1.666666667,0.16666666675,0.11693498,0.611328125,0.35484353,0.2594184,0.38573807,0.40788892241718877,UIQD
D:\uwiqa_dataset\UIQD\images\3858.jpg,uiqd,1.916666667,0.22916666675,0.17971483,0.437744140625,0.34708342,0.2064708,0.44644582,0.28377263082985904,UIQD
D:\uwiqa_dataset\UIQD\images\4906.jpg,uiqd,3.916666667,0.72916666675,0.74805874,0.98486328125,0.53471714,0.10604585,0.35923702,0.6749746131747337,UIQD
D:\uwiqa_dataset\UIQD\images\5048.jpg,uiqd,1.5,0.125,0.06205093,0.51171875,0.36058572,0.38144097,0.2579733,0.3366660715485101,UIQD
D:\uwiqa_dataset\UIQD\images\411.jpg,uiqd,1.833333333,0.2083333332499999,0.20873109,0.2568359375,0.4121671,0.3759919,0.211841,0.15441936491395003,UIQD
D:\uwiqa_dataset\UIQD\images\42.jpg,uiqd,2.0,0.25,0.3032113,0.325927734375,0.38169962,0.34168637,0.27661398,0.20382148941354822,UIQD
D:\uwiqa_dataset\UIQD\images\3893.jpg,uiqd,3.916666667,0.72916666675,0.658253,0.93798828125,0.45214352,0.3162566,0.23159982,0.6414579774718261,UIQD
D:\uwiqa_dataset\UIQD\images\5437.jpg,uiqd,3.25,0.5625,0.5556869,0.86962890625,0.46717754,0.22230296,0.31051952,0.5925795504050858,UIQD
D:\uwiqa_dataset\UIQD\images\5557.jpg,uiqd,2.083333333,0.27083333325,0.19707145,0.51953125,0.39081246,0.36379918,0.2453883,0.3422521774989947,UIQD
D:\uwiqa_dataset\UIQD\images\5215.jpg,uiqd,2.166666667,0.2916666667499999,0.24650112,0.5546875,0.4315648,0.25465548,0.31377968,0.3673896542761754,UIQD
D:\uwiqa_dataset\UIQD\images\600.jpg,uiqd,2.5,0.375,0.3383053,0.67041015625,0.4400923,0.32737324,0.23253441,0.45013384866772854,UIQD
D:\uwiqa_dataset\UIQD\images\5857.jpg,uiqd,1.333333333,0.0833333332499999,0.0816648,0.515625,0.34696504,0.24526697,0.40776795,0.3394591245237524,UIQD
D:\uwiqa_dataset\UIQD\images\20.jpg,uiqd,3.916666667,0.72916666675,0.61312467,0.9404296875,0.49231538,0.22047487,0.28720975,0.6432036355813525,UIQD
D:\uwiqa_dataset\UIQD\images\5430.jpg,uiqd,2.166666667,0.2916666667499999,0.31966284,0.67919921875,0.39357072,0.2842732,0.3221561,0.4564182178620237,UIQD
D:\uwiqa_dataset\UIQD\images\3594.jpg,uiqd,2.416666667,0.3541666667499999,0.42183158,0.39990234375,0.424649,0.26155487,0.31379607,0.25671493013219926,UIQD
D:\uwiqa_dataset\UIQD\images\3210.jpg,uiqd,2.833333333,0.45833333325,0.48654237,0.8447265625,0.58189774,0.24215016,0.17595215,0.5747738376879161,UIQD
D:\uwiqa_dataset\UIQD\images\2523.jpg,uiqd,1.583333333,0.1458333332499999,0.20409116,0.26123046875,0.34424168,0.32134914,0.33440924,0.1575615495110976,UIQD
D:\uwiqa_dataset\UIQD\images\200.jpg,uiqd,2.333333333,0.33333333325,0.32048002,0.5234375,0.4238546,0.27039757,0.30574787,0.345045230474237,UIQD
D:\uwiqa_dataset\UIQD\images\1756.jpg,uiqd,1.916666667,0.22916666675,0.1622937,0.71533203125,0.42443553,0.39267448,0.18288998,0.48225395788301495,UIQD
D:\uwiqa_dataset\UIQD\images\5011.jpg,uiqd,3.25,0.5625,0.60589755,0.96044921875,0.49285755,0.28700376,0.22013864,0.6575180320794694,UIQD
D:\uwiqa_dataset\UIQD\images\4488.jpg,uiqd,2.583333333,0.39583333325,0.31894252,0.56787109375,0.37682444,0.25976312,0.36341235,0.3768162080676182,UIQD
D:\uwiqa_dataset\UIQD\images\52.jpg,uiqd,4.833333333,0.95833333325,0.8716435,0.9814453125,0.4652598,0.15541923,0.379321,0.6725306918213967,UIQD
D:\uwiqa_dataset\UIQD\images\4394.jpg,uiqd,1.666666667,0.16666666675,0.19595465,0.338134765625,0.3546766,0.30177143,0.34355193,0.2125497799611804,UIQD
D:\uwiqa_dataset\UIQD\images\2463.jpg,uiqd,1.583333333,0.1458333332499999,0.13810097,0.25390625,0.34721872,0.4112111,0.24157019,0.1523245751825183,UIQD
D:\uwiqa_dataset\UIQD\images\813.jpg,uiqd,3.333333333,0.58333333325,0.49318826,0.46875,0.49295527,0.28824338,0.21880136,0.3059424888208448,UIQD
D:\uwiqa_dataset\UIQD\images\6094.jpg,uiqd,1.916666667,0.22916666675,0.15173094,0.23095703125,0.41031042,0.33761203,0.25207758,0.13591538895296978,UIQD
D:\uwiqa_dataset\UIQD\images\3102.jpg,uiqd,1.416666667,0.10416666675,0.21016587,0.1943359375,0.39321926,0.27509314,0.33168754,0.10973051731007322,UIQD
D:\uwiqa_dataset\UIQD\images\102.jpg,uiqd,1.166666667,0.04166666675,0.066140845,0.375732421875,0.34450674,0.38522542,0.2702678,0.23943291484788753,UIQD
D:\uwiqa_dataset\UIQD\images\5558.jpg,uiqd,1.25,0.0625,-0.0010457141,0.5869140625,0.40668654,0.20177516,0.39153835,0.3904323413219244,UIQD
D:\uwiqa_dataset\UIQD\images\4608.jpg,uiqd,1.166666667,0.04166666675,0.12174553,0.21728515625,0.3511913,0.35057867,0.29823,0.12613970353962173,UIQD
D:\uwiqa_dataset\UIQD\images\1363.jpg,uiqd,1.333333333,0.0833333332499999,0.017917473,0.36669921875,0.36892587,0.49069887,0.14037529,0.23297397984263973,UIQD
D:\uwiqa_dataset\UIQD\images\1727.jpg,uiqd,1.583333333,0.1458333332499999,0.21391472,0.56982421875,0.36312324,0.26524338,0.37163338,0.3782127345552393,UIQD
D:\uwiqa_dataset\UIQD\images\1741.jpg,uiqd,2.083333333,0.27083333325,0.23551497,0.525390625,0.3785024,0.36045757,0.26104006,0.34644175696185814,UIQD
D:\uwiqa_dataset\UIQD\images\1892.jpg,uiqd,2.166666667,0.2916666667499999,0.36851513,0.447509765625,0.4000141,0.31347394,0.286512,0.2907552632679648,UIQD
D:\uwiqa_dataset\UIQD\images\2389.jpg,uiqd,1.0,0.0,0.025336415,0.61669921875,0.46871394,0.13770103,0.39358506,0.41172937025814693,UIQD
D:\uwiqa_dataset\UIQD\images\4295.jpg,uiqd,1.166666667,0.04166666675,0.046167884,0.2509765625,0.38464007,0.42075524,0.19460471,0.1502297854510866,UIQD
D:\uwiqa_dataset\UIQD\images\4895.jpg,uiqd,4.083333333,0.7708333332499999,0.81048554,0.9619140625,0.53975344,0.13327537,0.32697114,0.6585654269451852,UIQD
D:\uwiqa_dataset\UIQD\images\6297.jpg,uiqd,1.5,0.125,0.15503405,0.338134765625,0.36139235,0.31932974,0.31927788,0.2125497799611804,UIQD
D:\uwiqa_dataset\UIQD\images\4693.jpg,uiqd,3.666666667,0.66666666675,0.58488023,0.449462890625,0.4901167,0.24822196,0.26166135,0.2921517897555859,UIQD
D:\uwiqa_dataset\UIQD\images\5246.jpg,uiqd,2.0,0.25,0.16306974,0.1943359375,0.33589324,0.32993707,0.33416966,0.10973051731007322,UIQD
D:\uwiqa_dataset\UIQD\images\6113.jpg,uiqd,1.75,0.1875,0.18578404,0.169921875,0.39279586,0.29803556,0.3091686,0.09227393621480884,UIQD
D:\uwiqa_dataset\UIQD\images\2679.jpg,uiqd,2.333333333,0.33333333325,0.39402503,0.51171875,0.46738982,0.3097356,0.22287463,0.3366660715485101,UIQD
D:\uwiqa_dataset\UIQD\images\2419.jpg,uiqd,3.833333333,0.70833333325,0.6992179,0.841796875,0.6819947,0.11123718,0.2067682,0.5726790479564845,UIQD
D:\uwiqa_dataset\UIQD\images\3689.jpg,uiqd,2.166666667,0.2916666667499999,0.4851647,0.5888671875,0.44059315,0.27511057,0.2842963,0.3918288678095455,UIQD
D:\uwiqa_dataset\UIQD\images\1540.jpg,uiqd,3.166666667,0.54166666675,0.6167652,0.900390625,0.51012814,0.20407295,0.2857989,0.614574842585119,UIQD
D:\uwiqa_dataset\UIQD\images\2118.jpg,uiqd,1.583333333,0.1458333332499999,0.13857833,0.46484375,0.3764518,0.38620237,0.23734581,0.3031494358456025,UIQD
D:\uwiqa_dataset\UIQD\images\6274.jpg,uiqd,3.666666667,0.66666666675,0.65595263,0.923828125,0.50659204,0.17295216,0.32045576,0.6313331604365727,UIQD
D:\uwiqa_dataset\UIQD\images\6214.jpg,uiqd,1.666666667,0.16666666675,0.21154232,0.5908203125,0.45739955,0.37562144,0.16697899,0.3932253942971667,UIQD
D:\uwiqa_dataset\UIQD\images\1130.jpg,uiqd,2.166666667,0.2916666667499999,0.30396667,0.5390625,0.38953984,0.26726395,0.3431962,0.3562174423752062,UIQD
D:\uwiqa_dataset\UIQD\images\4817.jpg,uiqd,1.416666667,0.10416666675,0.1376766,0.68408203125,0.2947294,0.31044883,0.3948217,0.4599095340810766,UIQD
D:\uwiqa_dataset\UIQD\images\3464.jpg,uiqd,3.75,0.6875,0.6993865,0.87646484375,0.5369659,0.15855387,0.3044802,0.5974673931117599,UIQD
D:\uwiqa_dataset\UIQD\images\3883.jpg,uiqd,1.25,0.0625,0.081478775,0.521484375,0.24935724,0.15038139,0.60026133,0.34364870398661584,UIQD
D:\uwiqa_dataset\UIQD\images\566.jpg,uiqd,3.75,0.6875,0.73367465,0.9521484375,0.52157503,0.20615064,0.27227426,0.6515827945070795,UIQD
D:\uwiqa_dataset\UIQD\images\3287.jpg,uiqd,3.166666667,0.54166666675,0.5013585,0.48828125,0.48053637,0.22584796,0.29361564,0.3199077536970563,UIQD
D:\uwiqa_dataset\UIQD\images\1222.jpg,uiqd,3.0,0.5,0.42171612,0.4765625,0.44290853,0.3117315,0.24535996,0.3115285947713294,UIQD
D:\uwiqa_dataset\UIQD\images\3817.jpg,uiqd,2.416666667,0.3541666667499999,0.3816373,0.392333984375,0.5078117,0.27691317,0.21527514,0.2513033899926673,UIQD
D:\uwiqa_dataset\UIQD\images\1920.jpg,uiqd,1.583333333,0.1458333332499999,0.31853136,0.57958984375,0.36850253,0.2963105,0.33518693,0.38519536699334506,UIQD
D:\uwiqa_dataset\UIQD\images\5594.jpg,uiqd,3.5,0.625,0.57573575,0.8017578125,0.48905683,0.21659362,0.2943496,0.5440502549602508,UIQD
D:\uwiqa_dataset\UIQD\images\2663.jpg,uiqd,2.166666667,0.2916666667499999,0.2009542,0.418701171875,0.6708185,0.13541791,0.19376361,0.2701564975755528,UIQD
D:\uwiqa_dataset\UIQD\images\4441.jpg,uiqd,2.083333333,0.27083333325,0.23597325,0.2108154296875,0.42961827,0.27240568,0.29797602,0.12151370954937668,UIQD
D:\uwiqa_dataset\UIQD\images\409.jpg,uiqd,4.25,0.8125,0.8051551,0.9599609375,0.54909265,0.11144538,0.33946192,0.657168900457564,UIQD
D:\uwiqa_dataset\UIQD\images\5549.jpg,uiqd,3.666666667,0.66666666675,0.5664868,0.91796875,0.50942737,0.2511938,0.23937882,0.6271435809737093,UIQD
D:\uwiqa_dataset\UIQD\images\326.jpg,uiqd,1.416666667,0.10416666675,0.19803979,0.1339111328125,0.41096422,0.33624595,0.25278986,0.0665254790992939,UIQD
D:\uwiqa_dataset\UIQD\images\3951.jpg,uiqd,1.833333333,0.2083333332499999,0.19813389,0.1634521484375,0.46451923,0.31500545,0.22047535,0.08764794222456379,UIQD
D:\uwiqa_dataset\UIQD\images\2339.jpg,uiqd,2.583333333,0.39583333325,0.36663038,0.56201171875,0.3744695,0.29534414,0.33018637,0.3726266286047547,UIQD
D:\uwiqa_dataset\UIQD\images\2916.jpg,uiqd,1.416666667,0.10416666675,0.067020215,0.16455078125,0.33002505,0.40565127,0.26432365,0.08843348837385068,UIQD
D:\uwiqa_dataset\UIQD\images\997.jpg,uiqd,1.166666667,0.04166666675,0.03754212,0.4765625,0.34387386,0.5044147,0.15171148,0.3115285947713294,UIQD
D:\uwiqa_dataset\UIQD\images\3383.jpg,uiqd,2.166666667,0.2916666667499999,0.24202202,0.5546875,0.3434268,0.34148148,0.31509176,0.3673896542761754,UIQD
D:\uwiqa_dataset\UIQD\images\1500.jpg,uiqd,1.833333333,0.2083333332499999,0.15045957,0.2081298828125,0.3188597,0.3265284,0.35461187,0.1195934856288976,UIQD
D:\uwiqa_dataset\UIQD\images\1671.jpg,uiqd,4.166666667,0.7916666667500001,0.78560174,0.98876953125,0.51627564,0.16722092,0.3165034,0.677767666149976,UIQD
D:\uwiqa_dataset\UIQD\images\2883.jpg,uiqd,3.916666667,0.72916666675,0.76271963,0.9599609375,0.5023574,0.16957048,0.32807216,0.657168900457564,UIQD
D:\uwiqa_dataset\UIQD\images\965.jpg,uiqd,1.666666667,0.16666666675,0.19416523,0.299072265625,0.4284253,0.24726273,0.3243119,0.18461925020875739,UIQD
D:\uwiqa_dataset\UIQD\images\1372.jpg,uiqd,1.916666667,0.22916666675,0.30248648,0.439697265625,0.46808654,0.22135565,0.31055775,0.2851691573174802,UIQD
D:\uwiqa_dataset\UIQD\images\3329.jpg,uiqd,4.75,0.9375,0.9572467,0.97265625,0.5835704,0.06691695,0.3495126,0.6662463226271015,UIQD
D:\uwiqa_dataset\UIQD\images\2601.jpg,uiqd,1.583333333,0.1458333332499999,0.15107663,0.525390625,0.36885193,0.17467329,0.45647478,0.34644175696185814,UIQD
D:\uwiqa_dataset\UIQD\images\3502.jpg,uiqd,3.25,0.5625,0.6149441,0.155029296875,0.4857623,0.21566081,0.29857695,0.08162542174669757,UIQD
D:\uwiqa_dataset\UIQD\images\5657.jpg,uiqd,1.75,0.1875,0.215762,0.310791015625,0.38221094,0.32253462,0.2952544,0.1929984091344843,UIQD
D:\uwiqa_dataset\UIQD\images\372.jpg,uiqd,1.166666667,0.04166666675,0.08873895,0.4130859375,0.37710893,0.09830728,0.52458376,0.266141483923642,UIQD
D:\uwiqa_dataset\UIQD\images\1353.jpg,uiqd,3.833333333,0.70833333325,0.6906585,0.94189453125,0.45157185,0.21425624,0.3341719,0.6442510304470683,UIQD
D:\uwiqa_dataset\UIQD\images\4919.jpg,uiqd,2.5,0.375,0.3813793,0.458984375,0.42140266,0.30307958,0.27551776,0.29895985638273903,UIQD
D:\uwiqa_dataset\UIQD\images\5175.jpg,uiqd,2.333333333,0.33333333325,0.37404534,0.556640625,0.40318674,0.34523928,0.25157404,0.36878618076379655,UIQD
D:\uwiqa_dataset\UIQD\images\978.jpg,uiqd,1.25,0.0625,0.12748007,0.49609375,0.3114308,0.1705222,0.518047,0.3254938596475409,UIQD
D:\uwiqa_dataset\UIQD\images\1407.jpg,uiqd,1.666666667,0.16666666675,0.19622509,0.1357421875,0.6569733,0.1873822,0.15564445,0.06783472268143872,UIQD
D:\uwiqa_dataset\UIQD\images\5934.jpg,uiqd,3.75,0.6875,0.66598344,0.97119140625,0.4305281,0.07352753,0.4959443,0.6651989277613857,UIQD
D:\uwiqa_dataset\UIQD\images\2174.jpg,uiqd,3.25,0.5625,0.6937034,0.9736328125,0.43641248,0.26599923,0.2975883,0.6669445858709121,UIQD
D:\uwiqa_dataset\UIQD\images\4261.jpg,uiqd,1.25,0.0625,0.06732515,0.525390625,0.48843503,0.3245941,0.18697082,0.34644175696185814,UIQD
D:\uwiqa_dataset\UIQD\images\2618.jpg,uiqd,1.083333333,0.0208333332499999,0.028598867,0.57568359375,0.37097785,0.19943906,0.42958313,0.38240231401810276,UIQD
D:\uwiqa_dataset\UIQD\images\4061.jpg,uiqd,4.5,0.875,0.9540815,0.990234375,0.5719686,0.13427205,0.29375938,0.6788150610156919,UIQD
D:\uwiqa_dataset\UIQD\images\3159.jpg,uiqd,1.416666667,0.10416666675,0.16885227,0.1778564453125,0.38752836,0.30254638,0.30992532,0.09794732507076978,UIQD
D:\uwiqa_dataset\UIQD\images\5484.jpg,uiqd,4.416666667,0.8541666667500001,0.8398618,0.96728515625,0.46296296,0.1748419,0.3621951,0.6624058747861433,UIQD
D:\uwiqa_dataset\UIQD\images\3438.jpg,uiqd,2.416666667,0.3541666667499999,0.34936377,0.56396484375,0.41164488,0.2669827,0.32137248,0.3740231550923759,UIQD
D:\uwiqa_dataset\UIQD\images\1952.jpg,uiqd,2.416666667,0.3541666667499999,0.3631094,0.169921875,0.46876732,0.2686571,0.26257557,0.09227393621480884,UIQD
D:\uwiqa_dataset\UIQD\images\4986.jpg,uiqd,2.583333333,0.39583333325,0.3838515,0.422607421875,0.40781766,0.28452194,0.30766043,0.2729495505507951,UIQD
D:\uwiqa_dataset\UIQD\images\4504.jpg,uiqd,2.583333333,0.39583333325,0.47304675,0.4072265625,0.44491193,0.2491785,0.30590948,0.2619519044607786,UIQD
D:\uwiqa_dataset\UIQD\images\1177.jpg,uiqd,2.583333333,0.39583333325,0.34698373,0.4921875,0.39599776,0.30737945,0.2966228,0.3227008066722986,UIQD
D:\uwiqa_dataset\UIQD\images\4773.jpg,uiqd,1.833333333,0.2083333332499999,0.16987047,0.5,0.49216327,0.34278846,0.16504818,0.3282869126227832,UIQD
D:\uwiqa_dataset\UIQD\images\1427.jpg,uiqd,1.833333333,0.2083333332499999,0.22668703,0.1357421875,0.39959195,0.35825136,0.24215674,0.06783472268143872,UIQD
D:\uwiqa_dataset\UIQD\images\123.jpg,uiqd,2.25,0.3125,0.33897552,0.458984375,0.38258815,0.27933073,0.33808115,0.29895985638273903,UIQD
D:\uwiqa_dataset\UIQD\images\1729.jpg,uiqd,3.25,0.5625,0.5984967,0.91943359375,0.44453776,0.24807519,0.30738702,0.6281909758394252,UIQD
D:\uwiqa_dataset\UIQD\images\1624.jpg,uiqd,2.416666667,0.3541666667499999,0.39179483,0.5849609375,0.39269274,0.28492826,0.32237902,0.3890358148343032,UIQD
D:\uwiqa_dataset\UIQD\images\3115.jpg,uiqd,1.416666667,0.10416666675,0.11568414,0.73583984375,0.2933434,0.29482967,0.4118269,0.4969174860030371,UIQD
D:\uwiqa_dataset\UIQD\images\5499.jpg,uiqd,4.0,0.75,0.8070716,0.99609375,0.4981973,0.20593506,0.29586765,0.6830046404785552,UIQD
D:\uwiqa_dataset\UIQD\images\2198.jpg,uiqd,1.666666667,0.16666666675,0.18923675,0.1561279296875,0.60461575,0.22686023,0.16852404,0.08241096789598448,UIQD
D:\uwiqa_dataset\UIQD\images\2869.jpg,uiqd,2.833333333,0.45833333325,0.5872136,0.0869140625,0.5130818,0.2129361,0.2739821,0.03292156049090997,UIQD
D:\uwiqa_dataset\UIQD\images\4251.jpg,uiqd,4.416666667,0.8541666667500001,0.7790366,0.9541015625,0.62021303,0.08613155,0.2936554,0.6529793209947006,UIQD
D:\uwiqa_dataset\UIQD\images\757.jpg,uiqd,3.5,0.625,0.72626966,0.83349609375,0.48188296,0.14696795,0.37114915,0.5667438103840946,UIQD
D:\uwiqa_dataset\UIQD\images\440.jpg,uiqd,2.5,0.375,0.37811944,0.47265625,0.4248805,0.2679838,0.3071358,0.3087355417960871,UIQD
D:\uwiqa_dataset\UIQD\images\6134.jpg,uiqd,1.583333333,0.1458333332499999,0.08990503,0.28466796875,0.35694456,0.4172154,0.22584006,0.17431986736255142,UIQD
D:\uwiqa_dataset\UIQD\images\4263.jpg,uiqd,2.25,0.3125,0.2499431,0.517578125,0.35830814,0.29103243,0.3506595,0.34085565101137355,UIQD
D:\uwiqa_dataset\UIQD\images\1872.jpg,uiqd,2.083333333,0.27083333325,0.28338477,0.325927734375,0.39893055,0.33776155,0.26330784,0.20382148941354822,UIQD
D:\uwiqa_dataset\UIQD\images\4884.jpg,uiqd,2.583333333,0.39583333325,0.37481314,0.319091796875,0.4665587,0.28632802,0.24711323,0.1989336467068742,UIQD
D:\uwiqa_dataset\UIQD\images\4088.jpg,uiqd,1.166666667,0.04166666675,0.0878831,0.449462890625,0.33974722,0.52949256,0.13076021,0.2921517897555859,UIQD
D:\uwiqa_dataset\UIQD\images\5688.jpg,uiqd,1.166666667,0.04166666675,0.020514434,0.611328125,0.39403215,0.10839274,0.49757507,0.40788892241718877,UIQD
D:\uwiqa_dataset\UIQD\images\4400.jpg,uiqd,1.833333333,0.2083333332499999,0.20683455,0.368408203125,0.43013272,0.2916876,0.27817968,0.2341959405193082,UIQD
D:\uwiqa_dataset\UIQD\images\2877.jpg,uiqd,1.666666667,0.16666666675,0.087184735,0.453369140625,0.29712176,0.16229038,0.5405879,0.29494484273082827,UIQD
D:\uwiqa_dataset\UIQD\images\4126.jpg,uiqd,3.25,0.5625,0.60360223,0.95263671875,0.49745563,0.16413708,0.33840734,0.6519319261289848,UIQD
D:\uwiqa_dataset\UIQD\images\3078.jpg,uiqd,3.083333333,0.52083333325,0.5902738,0.9365234375,0.5072611,0.23079892,0.26193997,0.6404105826061102,UIQD
D:\uwiqa_dataset\UIQD\images\6017.jpg,uiqd,2.916666667,0.4791666667499999,0.6115802,0.80908203125,0.5155214,0.21796416,0.26651448,0.5492872292888302,UIQD
D:\uwiqa_dataset\UIQD\images\6138.jpg,uiqd,2.75,0.4375,0.5296256,0.42431640625,0.48339224,0.32644764,0.19016014,0.27417151122746364,UIQD
D:\uwiqa_dataset\UIQD\images\1262.jpg,uiqd,2.166666667,0.2916666667499999,0.30728,0.57568359375,0.3763381,0.2828704,0.34079146,0.38240231401810276,UIQD
D:\uwiqa_dataset\UIQD\images\1050.jpg,uiqd,3.25,0.5625,0.59176034,0.60400390625,0.4366597,0.30228594,0.2610543,0.40265194808860943,UIQD
D:\uwiqa_dataset\UIQD\images\5568.jpg,uiqd,2.333333333,0.33333333325,0.32244924,0.291015625,0.46258435,0.33721936,0.20019625,0.17885857844732014,UIQD
D:\uwiqa_dataset\UIQD\images\280.jpg,uiqd,1.666666667,0.16666666675,0.1113653,0.53515625,0.26880214,0.13160844,0.59958947,0.3534243893999639,UIQD
D:\uwiqa_dataset\UIQD\images\4240.jpg,uiqd,1.916666667,0.22916666675,0.14939645,0.30078125,0.37648687,0.34826583,0.27524722,0.1858412108854259,UIQD
D:\uwiqa_dataset\UIQD\images\1563.jpg,uiqd,1.916666667,0.22916666675,0.25509205,0.552734375,0.3699383,0.27043197,0.35962975,0.36599312778855425,UIQD
D:\uwiqa_dataset\UIQD\images\1345.jpg,uiqd,1.416666667,0.10416666675,0.17034422,0.34326171875,0.42253438,0.27965888,0.2978067,0.21621566199118591,UIQD
D:\uwiqa_dataset\UIQD\images\4273.jpg,uiqd,1.666666667,0.16666666675,0.084688656,0.2281494140625,0.3623325,0.40103716,0.23663034,0.13390788212701438,UIQD
D:\uwiqa_dataset\UIQD\images\5449.jpg,uiqd,1.833333333,0.2083333332499999,0.15758976,0.403564453125,0.32907808,0.31910935,0.35181254,0.2593334172964889,UIQD
D:\uwiqa_dataset\UIQD\images\5974.jpg,uiqd,2.333333333,0.33333333325,0.19512442,0.57568359375,0.36592025,0.28914434,0.34493545,0.38240231401810276,UIQD
D:\uwiqa_dataset\UIQD\images\5836.jpg,uiqd,3.583333333,0.64583333325,0.6777387,0.984375,0.54499686,0.11980608,0.33519706,0.6746254815528284,UIQD
D:\uwiqa_dataset\UIQD\images\5690.jpg,uiqd,3.166666667,0.54166666675,0.58400416,0.927734375,0.5181992,0.19059175,0.29120907,0.6341262134118151,UIQD
D:\uwiqa_dataset\UIQD\images\2288.jpg,uiqd,3.833333333,0.70833333325,0.8180658,0.78515625,0.6662363,0.048007544,0.2857562,0.532179779815471,UIQD
D:\uwiqa_dataset\UIQD\images\2233.jpg,uiqd,1.25,0.0625,0.12782933,0.56787109375,0.29899007,0.1490675,0.55194247,0.3768162080676182,UIQD
D:\uwiqa_dataset\UIQD\images\4293.jpg,uiqd,2.0,0.25,0.22079319,0.390380859375,0.5289001,0.26887405,0.2022259,0.24990686350504615,UIQD
D:\uwiqa_dataset\UIQD\images\961.jpg,uiqd,4.083333333,0.7708333332499999,0.73835605,0.96875,0.49074283,0.23334228,0.2759149,0.6634532696518592,UIQD
D:\uwiqa_dataset\UIQD\images\5926.jpg,uiqd,1.75,0.1875,0.075357966,0.36669921875,0.40236336,0.4226372,0.1749994,0.23297397984263973,UIQD
D:\uwiqa_dataset\UIQD\images\5747.jpg,uiqd,1.416666667,0.10416666675,0.1021387,0.51953125,0.45559993,0.3360391,0.20836104,0.3422521774989947,UIQD
D:\uwiqa_dataset\UIQD\images\5866.jpg,uiqd,1.583333333,0.1458333332499999,0.17866044,0.19677734375,0.39223355,0.35034624,0.25742015,0.11147617541959967,UIQD
D:\uwiqa_dataset\UIQD\images\3691.jpg,uiqd,1.333333333,0.0833333332499999,0.03594654,0.287841796875,0.33052656,0.4085358,0.26093763,0.17658922290493578,UIQD
D:\uwiqa_dataset\UIQD\images\1508.jpg,uiqd,1.75,0.1875,0.17448771,0.388671875,0.3249498,0.34151396,0.33353624,0.24868490282837763,UIQD
D:\uwiqa_dataset\UIQD\images\578.jpg,uiqd,2.583333333,0.39583333325,0.35412857,0.83203125,0.46361408,0.27547863,0.26090723,0.5656964155183787,UIQD
D:\uwiqa_dataset\UIQD\images\3753.jpg,uiqd,3.75,0.6875,0.6048364,0.982421875,0.49288487,0.32564494,0.18147019,0.6732289550652073,UIQD
D:\uwiqa_dataset\UIQD\images\5914.jpg,uiqd,2.0,0.25,0.27838793,0.383056640625,0.37576798,0.28284785,0.34138414,0.24466988917646687,UIQD
D:\uwiqa_dataset\UIQD\images\1618.jpg,uiqd,2.666666667,0.4166666667499999,0.47416,0.375732421875,0.45736888,0.2407983,0.30183285,0.23943291484788753,UIQD
D:\uwiqa_dataset\UIQD\images\4193.jpg,uiqd,3.416666667,0.60416666675,0.63128865,0.24658203125,0.44600546,0.23909412,0.31490043,0.147087600853939,UIQD
D:\uwiqa_dataset\UIQD\images\3939.jpg,uiqd,2.416666667,0.3541666667499999,0.42161566,0.498046875,0.4330796,0.2766634,0.29025698,0.326890386135162,UIQD
D:\uwiqa_dataset\UIQD\images\3219.jpg,uiqd,3.416666667,0.60416666675,0.7749414,0.97900390625,0.5474588,0.17239144,0.28014973,0.6707850337118703,UIQD
D:\uwiqa_dataset\UIQD\images\4568.jpg,uiqd,1.166666667,0.04166666675,0.040853705,0.357666015625,0.36686128,0.43003675,0.2031019,0.22651504483739188,UIQD
D:\uwiqa_dataset\UIQD\images\2155.jpg,uiqd,1.5,0.125,0.14411366,0.6806640625,0.37024754,0.3525209,0.2772316,0.45746561272773956,UIQD
D:\uwiqa_dataset\UIQD\images\4305.jpg,uiqd,2.916666667,0.4791666667499999,0.56016475,0.884765625,0.569028,0.19283767,0.2381343,0.6034026306841498,UIQD
D:\uwiqa_dataset\UIQD\images\6080.jpg,uiqd,1.833333333,0.2083333332499999,0.15401638,0.498046875,0.34533206,0.28210047,0.37256747,0.326890386135162,UIQD
D:\uwiqa_dataset\UIQD\images\322.jpg,uiqd,1.666666667,0.16666666675,0.23973463,0.4130859375,0.41215253,0.3418591,0.24598837,0.266141483923642,UIQD
D:\uwiqa_dataset\UIQD\images\4937.jpg,uiqd,1.583333333,0.1458333332499999,0.13522363,0.54296875,0.32367823,0.20275123,0.47357062,0.3590104953504485,UIQD
D:\uwiqa_dataset\UIQD\images\4594.jpg,uiqd,4.166666667,0.7916666667500001,0.8052863,0.97607421875,0.540212,0.14526376,0.31452435,0.6686902439804385,UIQD
D:\uwiqa_dataset\UIQD\images\5827.jpg,uiqd,2.25,0.3125,0.37079635,0.392333984375,0.4021698,0.28364447,0.31418574,0.2513033899926673,UIQD
D:\uwiqa_dataset\UIQD\images\3132.jpg,uiqd,1.916666667,0.22916666675,0.18313059,0.363037109375,0.3617502,0.31732318,0.3209266,0.23035549267835004,UIQD
D:\uwiqa_dataset\UIQD\images\1927.jpg,uiqd,1.583333333,0.1458333332499999,0.1582979,0.2861328125,0.3782476,0.36708412,0.25466824,0.1753672622282673,UIQD
D:\uwiqa_dataset\UIQD\images\3126.jpg,uiqd,4.416666667,0.8541666667500001,0.8382913,0.91943359375,0.58855957,0.08000684,0.3314335,0.6281909758394252,UIQD
D:\uwiqa_dataset\UIQD\images\2865.jpg,uiqd,2.25,0.3125,0.27609748,0.548828125,0.3558391,0.2929206,0.35124034,0.36320007481331196,UIQD
D:\uwiqa_dataset\UIQD\images\6114.jpg,uiqd,1.916666667,0.22916666675,0.2128394,0.57373046875,0.42080647,0.28773624,0.29145727,0.3810057875304816,UIQD
D:\uwiqa_dataset\UIQD\images\3465.jpg,uiqd,1.583333333,0.1458333332499999,0.06632212,0.5078125,0.34718853,0.27067932,0.38213208,0.3338730185732678,UIQD
D:\uwiqa_dataset\UIQD\images\1386.jpg,uiqd,3.416666667,0.60416666675,0.59674937,0.83740234375,0.5106691,0.24363774,0.24569318,0.5695368633593368,UIQD
D:\uwiqa_dataset\UIQD\images\4199.jpg,uiqd,4.0,0.75,0.7919345,0.88232421875,0.6389285,0.10359704,0.25747454,0.6016569725746234,UIQD
D:\uwiqa_dataset\UIQD\images\3980.jpg,uiqd,1.666666667,0.16666666675,0.19577214,0.178955078125,0.4941895,0.25026926,0.25554118,0.09873287122005667,UIQD
D:\uwiqa_dataset\UIQD\images\5185.jpg,uiqd,1.416666667,0.10416666675,0.04434871,0.533203125,0.3291188,0.5258971,0.1449841,0.3520278629123427,UIQD
D:\uwiqa_dataset\UIQD\images\246.jpg,uiqd,4.0,0.75,0.63681763,0.97265625,0.51023185,0.2434891,0.24627903,0.6662463226271015,UIQD
D:\uwiqa_dataset\UIQD\images\421.jpg,uiqd,3.833333333,0.70833333325,0.720675,0.9892578125,0.49363813,0.16636421,0.3399976,0.6781167977718813,UIQD
D:\uwiqa_dataset\UIQD\images\4395.jpg,uiqd,3.083333333,0.52083333325,0.6503624,0.943359375,0.5416218,0.206778,0.2516002,0.6452984253127843,UIQD
D:\uwiqa_dataset\UIQD\images\554.jpg,uiqd,1.916666667,0.22916666675,0.22673512,0.443603515625,0.42076865,0.33703402,0.2421973,0.2879622102927225,UIQD
D:\uwiqa_dataset\UIQD\images\374.jpg,uiqd,2.25,0.3125,0.30513757,0.4921875,0.39060715,0.2700631,0.33932972,0.3227008066722986,UIQD
D:\uwiqa_dataset\UIQD\images\2234.jpg,uiqd,4.416666667,0.8541666667500001,0.7815277,0.96923828125,0.55375874,0.19211811,0.25412318,0.6638024012737644,UIQD
D:\uwiqa_dataset\UIQD\images\737.jpg,uiqd,2.5,0.375,0.34137225,0.4765625,0.4078922,0.30677056,0.28533724,0.3115285947713294,UIQD
D:\uwiqa_dataset\UIQD\images\927.jpg,uiqd,1.583333333,0.1458333332499999,0.13164537,0.24658203125,0.38005805,0.41641587,0.20352606,0.147087600853939,UIQD
D:\uwiqa_dataset\UIQD\images\1426.jpg,uiqd,1.833333333,0.2083333332499999,0.15677491,0.355712890625,0.32574078,0.33196583,0.34229332,0.22511851834977076,UIQD
D:\uwiqa_dataset\UIQD\images\1189.jpg,uiqd,4.083333333,0.7708333332499999,0.84130234,0.92431640625,0.5196113,0.1328564,0.34753236,0.631682292058478,UIQD
D:\uwiqa_dataset\UIQD\images\4818.jpg,uiqd,4.0,0.75,0.75175446,0.7646484375,0.65843284,0.1365088,0.20505835,0.517516251695449,UIQD
D:\uwiqa_dataset\UIQD\images\3589.jpg,uiqd,1.75,0.1875,0.21301019,0.161376953125,0.47907883,0.23358653,0.28733462,0.08616413283146632,UIQD
D:\uwiqa_dataset\UIQD\images\6009.jpg,uiqd,2.25,0.3125,0.3986414,0.2783203125,0.48194316,0.26783052,0.25022635,0.16978115627778267,UIQD
D:\uwiqa_dataset\UIQD\images\4904.jpg,uiqd,2.916666667,0.4791666667499999,0.5147036,0.8955078125,0.4482672,0.23719677,0.31453606,0.6110835263660661,UIQD
D:\uwiqa_dataset\UIQD\images\4155.jpg,uiqd,1.416666667,0.10416666675,0.062407386,0.2337646484375,0.3514099,0.46339893,0.18519115,0.1379228957789252,UIQD
D:\uwiqa_dataset\UIQD\images\1488.jpg,uiqd,1.75,0.1875,0.1861366,0.486328125,0.32913983,0.2662179,0.40464222,0.31851122720943514,UIQD
D:\uwiqa_dataset\UIQD\images\3271.jpg,uiqd,1.333333333,0.0833333332499999,0.09729966,0.42822265625,0.31882438,0.4275707,0.25360492,0.27696456420270593,UIQD
D:\uwiqa_dataset\UIQD\images\182.jpg,uiqd,2.916666667,0.4791666667499999,0.38736302,0.48046875,0.41212633,0.27392936,0.31394434,0.3143216477465717,UIQD
D:\uwiqa_dataset\UIQD\images\3440.jpg,uiqd,1.583333333,0.1458333332499999,0.20394456,0.1744384765625,0.41607955,0.32251096,0.2614095,0.09550340371743277,UIQD
D:\uwiqa_dataset\UIQD\images\4886.jpg,uiqd,2.166666667,0.2916666667499999,0.24414709,0.3173828125,0.3805677,0.34160838,0.27782398,0.19771168603020567,UIQD
D:\uwiqa_dataset\UIQD\images\2914.jpg,uiqd,3.75,0.6875,0.7196538,0.9423828125,0.5649544,0.11970869,0.31533694,0.6446001620689736,UIQD
D:\uwiqa_dataset\UIQD\images\2367.jpg,uiqd,1.833333333,0.2083333332499999,0.26387653,0.25390625,0.49689692,0.3325123,0.17059076,0.1523245751825183,UIQD
D:\uwiqa_dataset\UIQD\images\3371.jpg,uiqd,3.583333333,0.64583333325,0.6631542,0.9443359375,0.4663459,0.25366727,0.27998686,0.6459966885565949,UIQD
D:\uwiqa_dataset\UIQD\images\1559.jpg,uiqd,1.666666667,0.16666666675,0.18651909,0.2081298828125,0.3548248,0.3357981,0.30937707,0.1195934856288976,UIQD
D:\uwiqa_dataset\UIQD\images\1045.jpg,uiqd,1.916666667,0.22916666675,0.19881955,0.42431640625,0.36615857,0.2887765,0.34506494,0.27417151122746364,UIQD
D:\uwiqa_dataset\UIQD\images\1567.jpg,uiqd,2.166666667,0.2916666667499999,0.21397205,0.439697265625,0.36349082,0.30123618,0.33527297,0.2851691573174802,UIQD
D:\uwiqa_dataset\UIQD\images\4853.jpg,uiqd,5.0,1.0,0.87313575,0.99072265625,0.517797,0.09669701,0.385506,0.6791641926375971,UIQD
D:\uwiqa_dataset\UIQD\images\531.jpg,uiqd,3.5,0.625,0.55663353,0.8857421875,0.51421994,0.19739825,0.2883818,0.6041008939279603,UIQD
D:\uwiqa_dataset\UIQD\images\1154.jpg,uiqd,1.25,0.0625,0.0635095,0.08270263671875,0.37302712,0.43373704,0.19323584,0.029910300251976864,UIQD
D:\uwiqa_dataset\UIQD\images\3188.jpg,uiqd,1.416666667,0.10416666675,0.14843307,0.4091796875,0.46305245,0.28433076,0.25261676,0.2633484309483997,UIQD
D:\uwiqa_dataset\UIQD\images\5804.jpg,uiqd,3.0,0.5,0.61809367,0.67041015625,0.4418278,0.2686742,0.289498,0.45013384866772854,UIQD
D:\uwiqa_dataset\UIQD\images\1790.jpg,uiqd,4.0,0.75,0.75901306,0.94189453125,0.5394008,0.1898774,0.27072176,0.6442510304470683,UIQD
D:\uwiqa_dataset\UIQD\images\711.jpg,uiqd,3.25,0.5625,0.4553191,0.70556640625,0.47043708,0.354516,0.17504701,0.47527132544490924,UIQD
D:\uwiqa_dataset\UIQD\images\2088.jpg,uiqd,4.416666667,0.8541666667500001,0.8770992,0.9375,0.63722557,0.083118066,0.27965635,0.6411088458499208,UIQD
D:\uwiqa_dataset\UIQD\images\2143.jpg,uiqd,3.166666667,0.54166666675,0.55962414,0.91845703125,0.47239712,0.22374524,0.30385762,0.6274927125956146,UIQD
D:\uwiqa_dataset\UIQD\images\3631.jpg,uiqd,1.666666667,0.16666666675,0.17033273,0.1312255859375,0.47936958,0.25586852,0.26476187,0.06460525517881482,UIQD
D:\uwiqa_dataset\UIQD\images\5313.jpg,uiqd,2.416666667,0.3541666667499999,0.31327656,0.484375,0.36628807,0.30288735,0.33082455,0.317114700721814,UIQD
D:\uwiqa_dataset\UIQD\images\5289.jpg,uiqd,2.583333333,0.39583333325,0.38991168,0.74609375,0.4529579,0.25148576,0.29555634,0.5042492500630481,UIQD
D:\uwiqa_dataset\UIQD\images\6093.jpg,uiqd,2.083333333,0.27083333325,0.22053133,0.556640625,0.3261119,0.2814428,0.39244524,0.36878618076379655,UIQD
D:\uwiqa_dataset\UIQD\images\1868.jpg,uiqd,4.416666667,0.8541666667500001,0.87274826,0.98486328125,0.49964815,0.13591544,0.3644364,0.6749746131747337,UIQD
D:\uwiqa_dataset\UIQD\images\5820.jpg,uiqd,3.25,0.5625,0.5196924,0.490234375,0.49952212,0.25239846,0.24807936,0.32130428018467744,UIQD
D:\uwiqa_dataset\UIQD\images\2352.jpg,uiqd,3.583333333,0.64583333325,0.7074936,0.970703125,0.53084815,0.24229449,0.22685738,0.6648497961394804,UIQD
D:\uwiqa_dataset\UIQD\images\5983.jpg,uiqd,2.25,0.3125,0.36441287,0.515625,0.40573502,0.30701807,0.28724694,0.3394591245237524,UIQD
D:\uwiqa_dataset\UIQD\images\2442.jpg,uiqd,3.5,0.625,0.71284825,0.87060546875,0.65380174,0.115435444,0.23076285,0.5932778136488964,UIQD
D:\uwiqa_dataset\UIQD\images\5672.jpg,uiqd,2.75,0.4375,0.4364694,0.56396484375,0.41993347,0.36759853,0.21246794,0.3740231550923759,UIQD
D:\uwiqa_dataset\UIQD\images\2927.jpg,uiqd,1.75,0.1875,0.20807104,0.29736328125,0.40187204,0.32498106,0.2731469,0.1833972895320889,UIQD
D:\uwiqa_dataset\UIQD\images\6212.jpg,uiqd,4.0,0.75,0.7327277,0.98388671875,0.4504101,0.1810586,0.3685313,0.6742763499309231,UIQD
D:\uwiqa_dataset\UIQD\images\2506.jpg,uiqd,3.25,0.5625,0.76518786,0.9853515625,0.5369049,0.18182021,0.2812749,0.6753237447966389,UIQD
D:\uwiqa_dataset\UIQD\images\1298.jpg,uiqd,2.166666667,0.2916666667499999,0.22726755,0.2017822265625,0.5556538,0.21474977,0.22959645,0.11505477454412885,UIQD
D:\uwiqa_dataset\UIQD\images\4978.jpg,uiqd,1.833333333,0.2083333332499999,0.19869968,0.62451171875,0.38114476,0.31676823,0.302087,0.4173154762086315,UIQD
D:\uwiqa_dataset\UIQD\images\1047.jpg,uiqd,2.416666667,0.3541666667499999,0.35521564,0.57568359375,0.40330043,0.31586826,0.28083125,0.38240231401810276,UIQD
D:\uwiqa_dataset\UIQD\images\5489.jpg,uiqd,1.916666667,0.22916666675,0.16944996,0.18359375,0.5834014,0.19930767,0.2172909,0.1020496216281569,UIQD
D:\uwiqa_dataset\UIQD\images\16.jpg,uiqd,1.916666667,0.22916666675,0.23865262,0.498046875,0.45411527,0.32266337,0.22322138,0.326890386135162,UIQD
D:\uwiqa_dataset\UIQD\images\5710.jpg,uiqd,1.75,0.1875,0.15277463,0.07977294921875,0.52108884,0.26231036,0.21660079,0.027815510520545143,UIQD
D:\uwiqa_dataset\UIQD\images\1224.jpg,uiqd,4.166666667,0.7916666667500001,0.74950665,0.89404296875,0.591749,0.18663092,0.22162001,0.6100361315003502,UIQD
D:\uwiqa_dataset\UIQD\images\5080.jpg,uiqd,1.833333333,0.2083333332499999,0.20484841,0.515625,0.34604996,0.29930675,0.3546433,0.3394591245237524,UIQD
D:\uwiqa_dataset\UIQD\images\3489.jpg,uiqd,3.916666667,0.72916666675,0.7221526,0.8447265625,0.6261938,0.13935633,0.23444991,0.5747738376879161,UIQD
D:\uwiqa_dataset\UIQD\images\4481.jpg,uiqd,1.25,0.0625,0.08046491,0.537109375,0.27726102,0.13411765,0.5886214,0.3548209158875851,UIQD
D:\uwiqa_dataset\UIQD\images\4141.jpg,uiqd,2.083333333,0.27083333325,0.27234736,0.56396484375,0.4251936,0.30189392,0.2729125,0.3740231550923759,UIQD
D:\uwiqa_dataset\UIQD\images\1696.jpg,uiqd,1.166666667,0.04166666675,0.06622458,0.50390625,0.3124346,0.14005756,0.5475078,0.3310799655980255,UIQD
D:\uwiqa_dataset\UIQD\images\5214.jpg,uiqd,3.416666667,0.60416666675,0.6165753,0.95263671875,0.5028322,0.18381523,0.31335258,0.6519319261289848,UIQD
D:\uwiqa_dataset\UIQD\images\1455.jpg,uiqd,1.833333333,0.2083333332499999,0.18160927,0.420654296875,0.31414136,0.277219,0.4086396,0.271553024063174,UIQD
D:\uwiqa_dataset\UIQD\images\1376.jpg,uiqd,2.5,0.375,0.43421397,0.38671875,0.47738233,0.31345287,0.2091648,0.2472883763407565,UIQD
D:\uwiqa_dataset\UIQD\images\3019.jpg,uiqd,3.75,0.6875,0.79125726,0.94873046875,0.5339087,0.10606649,0.36002475,0.6491388731537424,UIQD
D:\uwiqa_dataset\UIQD\images\5477.jpg,uiqd,3.583333333,0.64583333325,0.6733981,0.95556640625,0.4822884,0.22743076,0.29028082,0.6540267158604164,UIQD
D:\uwiqa_dataset\UIQD\images\5334.jpg,uiqd,2.166666667,0.2916666667499999,0.3165833,0.394287109375,0.40942842,0.27326736,0.31730425,0.25269991648028844,UIQD
D:\uwiqa_dataset\UIQD\images\2487.jpg,uiqd,1.5,0.125,0.071654856,0.46875,0.35100606,0.11377887,0.5352151,0.3059424888208448,UIQD
D:\uwiqa_dataset\UIQD\images\2307.jpg,uiqd,3.5,0.625,0.8012333,0.9384765625,0.5697031,0.1453857,0.28491125,0.6418071090937314,UIQD
D:\uwiqa_dataset\UIQD\images\1093.jpg,uiqd,2.75,0.4375,0.37512037,0.5,0.42558387,0.32862163,0.24579452,0.3282869126227832,UIQD
D:\uwiqa_dataset\UIQD\images\6161.jpg,uiqd,4.5,0.875,0.9273809,0.9833984375,0.5081526,0.05900364,0.43284371,0.6739272183090178,UIQD
D:\uwiqa_dataset\UIQD\images\5247.jpg,uiqd,1.5,0.125,0.058494806,0.21728515625,0.29117545,0.13979201,0.56903255,0.12613970353962173,UIQD
D:\uwiqa_dataset\UIQD\images\2755.jpg,uiqd,1.0,0.0,0.0016264063,0.708984375,0.4271899,0.19343355,0.3793766,0.4777152467982463,UIQD
D:\uwiqa_dataset\UIQD\images\4723.jpg,uiqd,1.833333333,0.2083333332499999,0.24600829,0.31396484375,0.5085255,0.2761315,0.21534298,0.19526776467686865,UIQD
D:\uwiqa_dataset\UIQD\images\3832.jpg,uiqd,1.0,0.0,0.07038893,0.54296875,0.35491207,0.43615502,0.2089329,0.3590104953504485,UIQD
D:\uwiqa_dataset\UIQD\images\3833.jpg,uiqd,1.083333333,0.0208333332499999,0.047524117,0.67578125,0.40541074,0.23745805,0.35713124,0.4539742965086867,UIQD
D:\uwiqa_dataset\UIQD\images\2821.jpg,uiqd,2.333333333,0.33333333325,0.36313993,0.34521484375,0.38023284,0.30824757,0.31151956,0.21761218847880706,UIQD
D:\uwiqa_dataset\UIQD\images\4996.jpg,uiqd,2.0,0.25,0.1777015,0.1365966796875,0.36370388,0.31008595,0.3262101,0.06844570301977299,UIQD
D:\uwiqa_dataset\UIQD\images\4991.jpg,uiqd,2.583333333,0.39583333325,0.38768935,0.544921875,0.46361095,0.2885994,0.2477897,0.36040702183806966,UIQD
D:\uwiqa_dataset\UIQD\images\1551.jpg,uiqd,1.833333333,0.2083333332499999,0.27388623,0.2239990234375,0.426803,0.3503433,0.22285378,0.13094026334081943,UIQD
D:\uwiqa_dataset\UIQD\images\4733.jpg,uiqd,2.333333333,0.33333333325,0.364642,0.517578125,0.46359783,0.3319837,0.20441845,0.34085565101137355,UIQD
D:\uwiqa_dataset\UIQD\images\3662.jpg,uiqd,2.0,0.25,0.24073528,0.39794921875,0.47464412,0.28071716,0.24463864,0.25531840364457814,UIQD
D:\uwiqa_dataset\UIQD\images\6287.jpg,uiqd,1.833333333,0.2083333332499999,0.17401211,0.50390625,0.348391,0.37464935,0.27695966,0.3310799655980255,UIQD
D:\uwiqa_dataset\UIQD\images\2154.jpg,uiqd,1.666666667,0.16666666675,0.22700128,0.3056640625,0.41837448,0.26190022,0.3197253,0.1893325271044788,UIQD
D:\uwiqa_dataset\UIQD\images\677.jpg,uiqd,1.75,0.1875,0.26902327,0.51171875,0.42232093,0.30742246,0.27025667,0.3366660715485101,UIQD
D:\uwiqa_dataset\UIQD\images\587.jpg,uiqd,1.666666667,0.16666666675,0.24532165,0.501953125,0.35980204,0.25741863,0.38277936,0.3296834391104044,UIQD
D:\uwiqa_dataset\UIQD\images\2030.jpg,uiqd,1.75,0.1875,0.2837101,0.462890625,0.34721255,0.29325777,0.35952964,0.3017529093579813,UIQD
D:\uwiqa_dataset\UIQD\images\2252.jpg,uiqd,4.25,0.8125,0.905708,0.98681640625,0.5708001,0.13308519,0.2961147,0.6763711396623548,UIQD
D:\uwiqa_dataset\UIQD\images\1514.jpg,uiqd,1.666666667,0.16666666675,0.09070903,0.57177734375,0.36270627,0.35090744,0.28638637,0.37960926104286047,UIQD
D:\uwiqa_dataset\UIQD\images\4276.jpg,uiqd,3.833333333,0.70833333325,0.72871107,0.7431640625,0.60510784,0.13199045,0.26290175,0.5021544603316164,UIQD
D:\uwiqa_dataset\UIQD\images\3516.jpg,uiqd,2.333333333,0.33333333325,0.30605605,0.43408203125,0.39475974,0.28819093,0.31704935,0.2811541436655694,UIQD
D:\uwiqa_dataset\UIQD\images\9.jpg,uiqd,4.166666667,0.7916666667500001,0.7885813,0.884765625,0.5963315,0.14316233,0.2605062,0.6034026306841498,UIQD
D:\uwiqa_dataset\UIQD\images\4507.jpg,uiqd,3.583333333,0.64583333325,0.5293037,0.5927734375,0.59502614,0.17185766,0.23311621,0.3946219207847878,UIQD
D:\uwiqa_dataset\UIQD\images\3165.jpg,uiqd,2.166666667,0.2916666667499999,0.3984082,0.34521484375,0.43773434,0.28200498,0.28026065,0.21761218847880706,UIQD
D:\uwiqa_dataset\UIQD\images\1882.jpg,uiqd,1.416666667,0.10416666675,0.14867523,0.1871337890625,0.38445458,0.3211837,0.29436177,0.10458082588697024,UIQD
D:\uwiqa_dataset\UIQD\images\4792.jpg,uiqd,2.75,0.4375,0.537077,0.830078125,0.47166413,0.34930646,0.17902938,0.5642998890307576,UIQD
D:\uwiqa_dataset\UIQD\images\4236.jpg,uiqd,4.583333333,0.8958333332499999,0.88109654,0.947265625,0.5584727,0.15176423,0.28976306,0.6480914782880266,UIQD
D:\uwiqa_dataset\UIQD\images\2967.jpg,uiqd,2.25,0.3125,0.30417082,0.52734375,0.3783975,0.29968336,0.32191917,0.3478382834494793,UIQD
D:\uwiqa_dataset\UIQD\images\550.jpg,uiqd,4.5,0.875,0.86702937,0.8974609375,0.5917723,0.12203782,0.28618985,0.6124800528536872,UIQD
D:\uwiqa_dataset\UIQD\images\743.jpg,uiqd,3.75,0.6875,0.6869138,0.97021484375,0.44300744,0.3011388,0.25585374,0.6645006645175751,UIQD
D:\uwiqa_dataset\UIQD\images\995.jpg,uiqd,2.333333333,0.33333333325,0.32792106,0.611328125,0.45675865,0.29240966,0.25083172,0.40788892241718877,UIQD
D:\uwiqa_dataset\UIQD\images\1236.jpg,uiqd,2.25,0.3125,0.36970323,0.5,0.47558102,0.29812175,0.22629721,0.3282869126227832,UIQD
D:\uwiqa_dataset\UIQD\images\692.jpg,uiqd,1.083333333,0.0208333332499999,0.101864636,0.338134765625,0.43466794,0.32620683,0.2391252,0.2125497799611804,UIQD
D:\uwiqa_dataset\UIQD\images\5713.jpg,uiqd,2.0,0.25,0.25300407,0.22265625,0.3957863,0.2671686,0.33704507,0.1299801513805799,UIQD
D:\uwiqa_dataset\UIQD\images\1880.jpg,uiqd,2.166666667,0.2916666667499999,0.33734003,0.498046875,0.3846063,0.29796377,0.31743,0.326890386135162,UIQD
D:\uwiqa_dataset\UIQD\images\2772.jpg,uiqd,3.416666667,0.60416666675,0.6911178,0.94873046875,0.50970817,0.15637994,0.33391193,0.6491388731537424,UIQD
D:\uwiqa_dataset\UIQD\images\427.jpg,uiqd,3.5,0.625,0.6221546,0.9580078125,0.53656054,0.14592275,0.31751668,0.6557723739699429,UIQD
D:\uwiqa_dataset\UIQD\images\653.jpg,uiqd,1.833333333,0.2083333332499999,0.20742959,0.57568359375,0.41947633,0.29044017,0.29008353,0.38240231401810276,UIQD
D:\uwiqa_dataset\UIQD\images\34.jpg,uiqd,4.583333333,0.8958333332499999,0.75673,0.984375,0.43265387,0.26624328,0.30110288,0.6746254815528284,UIQD
D:\uwiqa_dataset\UIQD\images\2690.jpg,uiqd,1.25,0.0625,0.123573095,0.611328125,0.3044742,0.28672266,0.40880308,0.40788892241718877,UIQD
D:\uwiqa_dataset\UIQD\images\1182.jpg,uiqd,2.416666667,0.3541666667499999,0.29323617,0.42626953125,0.43593657,0.28402048,0.28004298,0.2755680377150848,UIQD
D:\uwiqa_dataset\UIQD\images\45.jpg,uiqd,1.083333333,0.0208333332499999,-0.0025114575,0.32763671875,0.3554182,0.49289843,0.15168335,0.2050434500902167,UIQD
D:\uwiqa_dataset\UIQD\images\1401.jpg,uiqd,4.166666667,0.7916666667500001,0.95300764,0.98876953125,0.74144125,0.06310424,0.19545452,0.677767666149976,UIQD
D:\uwiqa_dataset\UIQD\images\1098.jpg,uiqd,1.416666667,0.10416666675,0.08727041,0.355712890625,0.35755768,0.39114186,0.2513005,0.22511851834977076,UIQD
D:\uwiqa_dataset\UIQD\images\3775.jpg,uiqd,2.333333333,0.33333333325,0.3055108,0.57763671875,0.37470007,0.30063993,0.32466006,0.38379884050572394,UIQD
D:\uwiqa_dataset\UIQD\images\3821.jpg,uiqd,2.5,0.375,0.3127715,0.5888671875,0.3628705,0.30188668,0.33524278,0.3918288678095455,UIQD
D:\uwiqa_dataset\UIQD\images\4096.jpg,uiqd,3.25,0.5625,0.6222443,0.85595703125,0.5024305,0.1980514,0.29951817,0.5828038649917378,UIQD
D:\uwiqa_dataset\UIQD\images\3382.jpg,uiqd,2.583333333,0.39583333325,0.3479155,0.544921875,0.42760584,0.25836417,0.31403002,0.36040702183806966,UIQD
D:\uwiqa_dataset\UIQD\images\1744.jpg,uiqd,1.666666667,0.16666666675,0.15031576,0.07476806640625,0.433342,0.362645,0.20401296,0.024236911396015942,UIQD
D:\uwiqa_dataset\UIQD\images\983.jpg,uiqd,2.333333333,0.33333333325,0.4645046,0.455078125,0.45658565,0.2071647,0.3362496,0.29616680340749674,UIQD
D:\uwiqa_dataset\UIQD\images\2349.jpg,uiqd,3.25,0.5625,0.62973267,0.67236328125,0.48608634,0.14695136,0.36696222,0.45153037515534966,UIQD
D:\uwiqa_dataset\UIQD\images\4698.jpg,uiqd,3.916666667,0.72916666675,0.68437606,0.947265625,0.4935432,0.22924547,0.27721128,0.6480914782880266,UIQD
D:\uwiqa_dataset\UIQD\images\1164.jpg,uiqd,2.5,0.375,0.4374852,0.453369140625,0.4270867,0.2711655,0.3017478,0.29494484273082827,UIQD
D:\uwiqa_dataset\UIQD\images\3956.jpg,uiqd,4.75,0.9375,0.9010953,0.97998046875,0.5783276,0.12127373,0.3003987,0.6714832969556808,UIQD
D:\uwiqa_dataset\UIQD\images\3549.jpg,uiqd,1.916666667,0.22916666675,0.18357925,0.478515625,0.40091595,0.36111328,0.23797077,0.31292512125895056,UIQD
D:\uwiqa_dataset\UIQD\images\64.jpg,uiqd,4.583333333,0.8958333332499999,0.92495143,0.96728515625,0.63485426,0.073119655,0.2920261,0.6624058747861433,UIQD
D:\uwiqa_dataset\UIQD\images\4328.jpg,uiqd,3.0,0.5,0.39176017,0.5078125,0.49621078,0.27776748,0.22602169,0.3338730185732678,UIQD
D:\uwiqa_dataset\UIQD\images\2168.jpg,uiqd,2.0,0.25,0.22055122,0.60595703125,0.43752295,0.25840047,0.3040765,0.4040484745762306,UIQD
D:\uwiqa_dataset\UIQD\images\3658.jpg,uiqd,3.833333333,0.70833333325,0.80782145,0.994140625,0.50794744,0.15942599,0.33262658,0.6816081139909341,UIQD
D:\uwiqa_dataset\UIQD\images\3276.jpg,uiqd,2.0,0.25,0.17371508,0.29248046875,0.42695928,0.33375055,0.2392902,0.179905973313036,UIQD
D:\uwiqa_dataset\UIQD\images\4002.jpg,uiqd,2.333333333,0.33333333325,0.28810126,0.478515625,0.42302236,0.3117092,0.2652684,0.31292512125895056,UIQD
D:\uwiqa_dataset\UIQD\images\3536.jpg,uiqd,4.333333333,0.8333333332499999,0.8356753,0.9912109375,0.5242343,0.14541958,0.3303461,0.6795133242595024,UIQD
D:\uwiqa_dataset\UIQD\images\228.jpg,uiqd,1.75,0.1875,0.20380925,0.3056640625,0.35438913,0.3063522,0.3392587,0.1893325271044788,UIQD
D:\uwiqa_dataset\UIQD\images\5845.jpg,uiqd,2.083333333,0.27083333325,0.2950747,0.319091796875,0.3870198,0.29961845,0.3133618,0.1989336467068742,UIQD
D:\uwiqa_dataset\UIQD\images\2481.jpg,uiqd,2.0,0.25,0.27379006,0.31396484375,0.4107184,0.292225,0.29705665,0.19526776467686865,UIQD
D:\uwiqa_dataset\UIQD\images\1966.jpg,uiqd,2.5,0.375,0.3799204,0.405517578125,0.515768,0.32082984,0.16340224,0.2607299437841101,UIQD
D:\uwiqa_dataset\UIQD\images\3548.jpg,uiqd,1.833333333,0.2083333332499999,0.2036649,0.1688232421875,0.48617944,0.24016991,0.27365062,0.09148839006552195,UIQD
D:\uwiqa_dataset\UIQD\images\2956.jpg,uiqd,1.583333333,0.1458333332499999,0.17172863,0.1339111328125,0.4671105,0.28586033,0.24702919,0.0665254790992939,UIQD
D:\uwiqa_dataset\UIQD\images\180.jpg,uiqd,1.416666667,0.10416666675,0.11521076,0.2069091796875,0.33601147,0.39006886,0.27391967,0.11872065657413439,UIQD
D:\uwiqa_dataset\UIQD\images\1964.jpg,uiqd,1.75,0.1875,0.15101787,0.27197265625,0.34581643,0.3200343,0.33414933,0.16524244519301393,UIQD
D:\uwiqa_dataset\UIQD\images\3510.jpg,uiqd,1.666666667,0.16666666675,0.20707937,0.39599609375,0.3880421,0.32601616,0.28594175,0.25392187715695697,UIQD
D:\uwiqa_dataset\UIQD\images\5420.jpg,uiqd,1.5,0.125,0.080285795,0.5830078125,0.26087806,0.15179804,0.58732384,0.3876392883466821,UIQD
D:\uwiqa_dataset\UIQD\images\1043.jpg,uiqd,4.166666667,0.7916666667500001,0.8370274,0.9677734375,0.5972761,0.11510184,0.28762215,0.6627550064080486,UIQD
D:\uwiqa_dataset\UIQD\images\3443.jpg,uiqd,2.333333333,0.33333333325,0.40894577,0.74169921875,0.55990875,0.25600863,0.1840826,0.5011070654659006,UIQD
D:\uwiqa_dataset\UIQD\images\1316.jpg,uiqd,4.166666667,0.7916666667500001,0.770469,0.96240234375,0.4360991,0.25710902,0.3067919,0.6589145585670905,UIQD
D:\uwiqa_dataset\UIQD\images\3396.jpg,uiqd,1.75,0.1875,0.14218645,0.5869140625,0.33407623,0.34986818,0.31605563,0.3904323413219244,UIQD
D:\uwiqa_dataset\UIQD\images\3460.jpg,uiqd,1.083333333,0.0208333332499999,0.06401208,0.62060546875,0.3600108,0.25655082,0.38343838,0.4145224232333892,UIQD
D:\uwiqa_dataset\UIQD\images\1226.jpg,uiqd,2.166666667,0.2916666667499999,0.29251084,0.4111328125,0.36847505,0.2897588,0.34176615,0.2647449574360209,UIQD
D:\uwiqa_dataset\UIQD\images\5262.jpg,uiqd,2.083333333,0.27083333325,0.28616813,0.53515625,0.42061418,0.29283613,0.28654963,0.3534243893999639,UIQD
D:\uwiqa_dataset\UIQD\images\2906.jpg,uiqd,3.75,0.6875,0.74181634,0.9599609375,0.5597926,0.13775599,0.3024514,0.657168900457564,UIQD
D:\uwiqa_dataset\UIQD\images\1394.jpg,uiqd,3.416666667,0.60416666675,0.5000052,0.830078125,0.59378386,0.11583267,0.2903834,0.5642998890307576,UIQD
D:\uwiqa_dataset\UIQD\images\1581.jpg,uiqd,2.666666667,0.4166666667499999,0.42531487,0.57958984375,0.43582857,0.26428735,0.29988408,0.38519536699334506,UIQD
D:\uwiqa_dataset\UIQD\images\3701.jpg,uiqd,1.333333333,0.0833333332499999,0.18043222,0.390380859375,0.30956492,0.2872586,0.40317646,0.24990686350504615,UIQD
D:\uwiqa_dataset\UIQD\images\5065.jpg,uiqd,2.666666667,0.4166666667499999,0.43140152,0.25244140625,0.49008504,0.24335353,0.26656142,0.15127718031680243,UIQD
D:\uwiqa_dataset\UIQD\images\5060.jpg,uiqd,2.25,0.3125,0.24906164,0.462890625,0.4852153,0.2202411,0.29454362,0.3017529093579813,UIQD
D:\uwiqa_dataset\UIQD\images\5786.jpg,uiqd,2.5,0.375,0.29548255,0.7373046875,0.41813812,0.31300434,0.2688575,0.4979648808687529,UIQD
D:\uwiqa_dataset\UIQD\images\2305.jpg,uiqd,4.0,0.75,0.80543107,0.99365234375,0.574215,0.17043304,0.25535196,0.6812589823690288,UIQD
D:\uwiqa_dataset\UIQD\images\5779.jpg,uiqd,1.416666667,0.10416666675,0.08023892,0.54296875,0.44799057,0.13439195,0.41761747,0.3590104953504485,UIQD
D:\uwiqa_dataset\UIQD\images\2095.jpg,uiqd,1.833333333,0.2083333332499999,0.22002555,0.276611328125,0.4844313,0.24024636,0.2753223,0.16855919560111418,UIQD
D:\uwiqa_dataset\UIQD\images\1965.jpg,uiqd,1.333333333,0.0833333332499999,0.14387932,0.1561279296875,0.41190183,0.3805476,0.20755056,0.08241096789598448,UIQD
D:\uwiqa_dataset\UIQD\images\6095.jpg,uiqd,3.833333333,0.70833333325,0.823206,0.94873046875,0.6230529,0.10351176,0.27343535,0.6491388731537424,UIQD
D:\uwiqa_dataset\UIQD\images\1371.jpg,uiqd,4.166666667,0.7916666667500001,0.7804275,0.9921875,0.48573276,0.1861496,0.32811767,0.680211587503313,UIQD
D:\uwiqa_dataset\UIQD\images\4512.jpg,uiqd,3.25,0.5625,0.69274265,0.85791015625,0.45337376,0.24691077,0.2997154,0.584200391479359,UIQD
D:\uwiqa_dataset\UIQD\images\4339.jpg,uiqd,2.333333333,0.33333333325,0.27058542,0.53125,0.3693229,0.34573543,0.28494167,0.3506313364247216,UIQD
D:\uwiqa_dataset\UIQD\images\4371.jpg,uiqd,1.5,0.125,0.17787203,0.609375,0.39987552,0.38839474,0.21172975,0.4064923959295676,UIQD
D:\uwiqa_dataset\UIQD\images\3117.jpg,uiqd,2.166666667,0.2916666667499999,0.27509823,0.541015625,0.42950553,0.28507447,0.28542,0.35761396886282737,UIQD
D:\uwiqa_dataset\UIQD\images\1091.jpg,uiqd,3.5,0.625,0.6948646,0.90869140625,0.4392667,0.14166129,0.419072,0.6205100801575089,UIQD
D:\uwiqa_dataset\UIQD\images\6225.jpg,uiqd,4.333333333,0.8333333332499999,0.73021394,0.95361328125,0.5613455,0.14320396,0.2954505,0.6526301893727953,UIQD
D:\uwiqa_dataset\UIQD\images\3862.jpg,uiqd,3.666666667,0.66666666675,0.7109383,0.9775390625,0.5246094,0.24480279,0.23058783,0.6697376388461543,UIQD
D:\uwiqa_dataset\UIQD\images\6043.jpg,uiqd,2.0,0.25,0.23281942,0.5546875,0.36051348,0.22648817,0.4129983,0.3673896542761754,UIQD
D:\uwiqa_dataset\UIQD\images\2340.jpg,uiqd,1.666666667,0.16666666675,0.1152512,0.05877685546875,0.51103735,0.32131678,0.16764584,0.012802850778617779,UIQD
D:\uwiqa_dataset\UIQD\images\4644.jpg,uiqd,1.75,0.1875,0.17626889,0.4111328125,0.36888793,0.28682122,0.34429085,0.2647449574360209,UIQD
D:\uwiqa_dataset\UIQD\images\3168.jpg,uiqd,2.083333333,0.27083333325,0.29140666,0.56201171875,0.5831276,0.21474506,0.2021274,0.3726266286047547,UIQD
D:\uwiqa_dataset\UIQD\images\5517.jpg,uiqd,2.0,0.25,0.17235023,0.43212890625,0.36497688,0.3509433,0.2840798,0.2797576171779482,UIQD
D:\uwiqa_dataset\UIQD\images\474.jpg,uiqd,1.333333333,0.0833333332499999,0.04557008,0.5546875,0.3667852,0.1272541,0.50596076,0.3673896542761754,UIQD
D:\uwiqa_dataset\UIQD\images\642.jpg,uiqd,1.5,0.125,0.16915876,0.447509765625,0.3429133,0.3670008,0.29008588,0.2907552632679648,UIQD
D:\uwiqa_dataset\UIQD\images\4230.jpg,uiqd,1.416666667,0.10416666675,0.11885598,0.486328125,0.4034092,0.3825565,0.21403429,0.31851122720943514,UIQD
D:\uwiqa_dataset\UIQD\images\3434.jpg,uiqd,2.333333333,0.33333333325,0.32302117,0.54296875,0.3928535,0.28029385,0.32685265,0.3590104953504485,UIQD
D:\uwiqa_dataset\UIQD\images\1884.jpg,uiqd,1.833333333,0.2083333332499999,0.15835845,0.182373046875,0.39728388,0.35338667,0.24932943,0.10117679257339368,UIQD
D:\uwiqa_dataset\UIQD\images\1346.jpg,uiqd,1.833333333,0.2083333332499999,0.24774545,0.458984375,0.31742606,0.30297384,0.3796001,0.29895985638273903,UIQD
D:\uwiqa_dataset\UIQD\images\1003.jpg,uiqd,3.25,0.5625,0.51494735,0.484375,0.43489346,0.2646129,0.3004937,0.317114700721814,UIQD
D:\uwiqa_dataset\UIQD\images\298.jpg,uiqd,3.833333333,0.70833333325,0.75558996,0.84716796875,0.6202163,0.1172388,0.26254487,0.5765194957974427,UIQD
D:\uwiqa_dataset\UIQD\images\304.jpg,uiqd,1.916666667,0.22916666675,0.2896959,0.352294921875,0.3974976,0.29204634,0.31045604,0.22267459699643372,UIQD
D:\uwiqa_dataset\UIQD\images\1766.jpg,uiqd,3.833333333,0.70833333325,0.89803165,0.8916015625,0.724036,0.07802823,0.19793576,0.6082904733908238,UIQD
D:\uwiqa_dataset\UIQD\images\2689.jpg,uiqd,1.916666667,0.22916666675,0.21028978,0.172119140625,0.39586318,0.3124275,0.29170933,0.09384502851338264,UIQD
D:\uwiqa_dataset\UIQD\images\4316.jpg,uiqd,2.333333333,0.33333333325,0.28135407,0.62451171875,0.38549453,0.30312073,0.31138465,0.4173154762086315,UIQD
D:\uwiqa_dataset\UIQD\images\6174.jpg,uiqd,2.416666667,0.3541666667499999,0.35169026,0.73388671875,0.4146917,0.25204355,0.3332648,0.49552095951541586,UIQD
D:\uwiqa_dataset\UIQD\images\5842.jpg,uiqd,3.166666667,0.54166666675,0.6036617,0.437744140625,0.46526548,0.22705783,0.30767676,0.28377263082985904,UIQD
D:\uwiqa_dataset\UIQD\images\656.jpg,uiqd,3.083333333,0.52083333325,0.54382926,0.91650390625,0.4476024,0.22998594,0.32241163,0.6260961861079934,UIQD
D:\uwiqa_dataset\UIQD\images\3003.jpg,uiqd,1.833333333,0.2083333332499999,0.21109655,0.61328125,0.49581507,0.30882475,0.19536023,0.4092854489048099,UIQD
D:\uwiqa_dataset\UIQD\images\5957.jpg,uiqd,2.0,0.25,0.110350385,0.350341796875,0.401775,0.4208034,0.17742157,0.2212780705088126,UIQD
D:\uwiqa_dataset\UIQD\images\5973.jpg,uiqd,4.083333333,0.7708333332499999,0.6710428,0.6943359375,0.6131275,0.08228425,0.3045882,0.4672412981410876,UIQD
D:\uwiqa_dataset\UIQD\images\5104.jpg,uiqd,1.5,0.125,0.03813988,0.4765625,0.4025887,0.3161747,0.28123662,0.3115285947713294,UIQD
D:\uwiqa_dataset\UIQD\images\4530.jpg,uiqd,4.083333333,0.7708333332499999,0.82205147,0.98876953125,0.6188016,0.12120635,0.25999203,0.677767666149976,UIQD
D:\uwiqa_dataset\UIQD\images\241.jpg,uiqd,4.166666667,0.7916666667500001,0.7582552,0.9892578125,0.4709329,0.21056959,0.3184975,0.6781167977718813,UIQD
D:\uwiqa_dataset\UIQD\images\784.jpg,uiqd,2.166666667,0.2916666667499999,0.2746121,0.361083984375,0.41220665,0.32209554,0.26569772,0.22895896619072892,UIQD
D:\uwiqa_dataset\UIQD\images\2851.jpg,uiqd,2.333333333,0.33333333325,0.33000037,0.529296875,0.41212565,0.29349014,0.29438418,0.34923480993710043,UIQD
D:\uwiqa_dataset\UIQD\images\4509.jpg,uiqd,2.5,0.375,0.34864536,0.5908203125,0.3575279,0.3225538,0.31991825,0.3932253942971667,UIQD
D:\uwiqa_dataset\UIQD\images\1833.jpg,uiqd,1.583333333,0.1458333332499999,0.16667566,0.1470947265625,0.46714196,0.28735623,0.24550177,0.07595203289073665,UIQD
D:\uwiqa_dataset\UIQD\images\5271.jpg,uiqd,1.166666667,0.04166666675,0.022648871,0.375732421875,0.43042952,0.39660877,0.1729617,0.23943291484788753,UIQD
D:\uwiqa_dataset\UIQD\images\1761.jpg,uiqd,3.333333333,0.58333333325,0.56860894,0.77978515625,0.4061106,0.3040101,0.28987932,0.5283393319745129,UIQD
D:\uwiqa_dataset\UIQD\images\258.jpg,uiqd,2.0,0.25,0.15931354,0.248046875,0.32279038,0.3251159,0.3520937,0.14813499571965486,UIQD
D:\uwiqa_dataset\UIQD\images\2989.jpg,uiqd,1.166666667,0.04166666675,0.037894823,0.4111328125,0.33437067,0.5035049,0.16212447,0.2647449574360209,UIQD
D:\uwiqa_dataset\UIQD\images\894.jpg,uiqd,3.0,0.5,0.68422407,0.9287109375,0.532323,0.18238357,0.28529337,0.6348244766556256,UIQD
D:\uwiqa_dataset\UIQD\images\448.jpg,uiqd,1.916666667,0.22916666675,0.24834551,0.42822265625,0.3547285,0.27862254,0.36664894,0.27696456420270593,UIQD
D:\uwiqa_dataset\UIQD\images\4185.jpg,uiqd,4.25,0.8125,0.85199434,0.8642578125,0.52415127,0.17232203,0.30352664,0.5887391025641276,UIQD
D:\uwiqa_dataset\UIQD\images\6091.jpg,uiqd,1.25,0.0625,0.047865298,0.68408203125,0.3462841,0.22492768,0.4287882,0.4599095340810766,UIQD
D:\uwiqa_dataset\UIQD\images\1733.jpg,uiqd,2.583333333,0.39583333325,0.46476826,0.65478515625,0.43852097,0.30069456,0.26078448,0.4389616367667593,UIQD
D:\uwiqa_dataset\UIQD\images\5179.jpg,uiqd,3.5,0.625,0.6754146,0.87060546875,0.48398745,0.17880802,0.3372045,0.5932778136488964,UIQD
D:\uwiqa_dataset\UIQD\images\4606.jpg,uiqd,1.083333333,0.0208333332499999,0.018892478,0.611328125,0.5268068,0.18066837,0.2925249,0.40788892241718877,UIQD
D:\uwiqa_dataset\UIQD\images\2407.jpg,uiqd,1.416666667,0.10416666675,0.08911341,0.498046875,0.36807573,0.18989325,0.4420311,0.326890386135162,UIQD
D:\uwiqa_dataset\UIQD\images\2100.jpg,uiqd,3.583333333,0.64583333325,0.7577768,0.99609375,0.5002151,0.21876092,0.28102398,0.6830046404785552,UIQD
D:\uwiqa_dataset\UIQD\images\4994.jpg,uiqd,1.5,0.125,0.07441931,0.49609375,0.3494817,0.26717427,0.38334396,0.3254938596475409,UIQD
D:\uwiqa_dataset\UIQD\images\6299.jpg,uiqd,2.416666667,0.3541666667499999,0.38234583,0.57763671875,0.4398852,0.29202452,0.26809028,0.38379884050572394,UIQD
D:\uwiqa_dataset\UIQD\images\6010.jpg,uiqd,2.0,0.25,0.27471617,0.273681640625,0.50641334,0.28695378,0.20663287,0.16646440586968245,UIQD
D:\uwiqa_dataset\UIQD\images\5519.jpg,uiqd,3.583333333,0.64583333325,0.62814325,0.888671875,0.6516034,0.17741272,0.17098388,0.606195683659392,UIQD
D:\uwiqa_dataset\UIQD\images\1447.jpg,uiqd,2.416666667,0.3541666667499999,0.35299423,0.332763671875,0.46465263,0.3095086,0.22583877,0.20870933212022225,UIQD
D:\uwiqa_dataset\UIQD\images\1422.jpg,uiqd,4.0,0.75,0.82129586,0.98876953125,0.47766274,0.18640058,0.33593664,0.677767666149976,UIQD
D:\uwiqa_dataset\UIQD\images\3546.jpg,uiqd,2.0,0.25,0.34185916,0.33642578125,0.47770855,0.28427413,0.2380173,0.2113278192845119,UIQD
D:\uwiqa_dataset\UIQD\images\2756.jpg,uiqd,3.0,0.5,0.5914027,0.92138671875,0.46700275,0.2300467,0.30295056,0.6295875023270463,UIQD
D:\uwiqa_dataset\UIQD\images\334.jpg,uiqd,2.5,0.375,0.41408232,0.93701171875,0.40378788,0.42197967,0.1742324,0.6407597142280155,UIQD
D:\uwiqa_dataset\UIQD\images\4997.jpg,uiqd,1.75,0.1875,0.19353837,0.2568359375,0.46666384,0.2489962,0.28433996,0.15441936491395003,UIQD
D:\uwiqa_dataset\UIQD\images\5283.jpg,uiqd,3.25,0.5625,0.72952276,0.98486328125,0.5308191,0.20355445,0.26562646,0.6749746131747337,UIQD
D:\uwiqa_dataset\UIQD\images\5767.jpg,uiqd,3.583333333,0.64583333325,0.58637124,0.763671875,0.4880271,0.2641588,0.24781413,0.5168179884516384,UIQD
D:\uwiqa_dataset\UIQD\images\1594.jpg,uiqd,1.5,0.125,0.13033114,0.09136962890625,0.36124247,0.36992005,0.2688375,0.036107386540795726,UIQD
D:\uwiqa_dataset\UIQD\images\5714.jpg,uiqd,2.916666667,0.4791666667499999,0.4662384,0.361083984375,0.48817506,0.28101242,0.23081249,0.22895896619072892,UIQD
D:\uwiqa_dataset\UIQD\images\4302.jpg,uiqd,4.166666667,0.7916666667500001,0.810275,0.9873046875,0.4723701,0.11280421,0.41482568,0.6767202712842602,UIQD
D:\uwiqa_dataset\UIQD\images\1040.jpg,uiqd,1.5,0.125,0.11033062,0.466796875,0.37446907,0.35830745,0.26722354,0.3045459623332237,UIQD
D:\uwiqa_dataset\UIQD\images\2681.jpg,uiqd,1.75,0.1875,0.12056783,0.46875,0.32940707,0.1640637,0.5065292,0.3059424888208448,UIQD
D:\uwiqa_dataset\UIQD\images\1919.jpg,uiqd,1.166666667,0.04166666675,0.10540755,0.48828125,0.25741965,0.17631988,0.5662605,0.3199077536970563,UIQD
D:\uwiqa_dataset\UIQD\images\586.jpg,uiqd,3.5,0.625,0.5135474,0.39990234375,0.45612046,0.25369725,0.29018235,0.25671493013219926,UIQD
D:\uwiqa_dataset\UIQD\images\2943.jpg,uiqd,1.416666667,0.10416666675,0.06386418,0.638671875,0.3971517,0.23122005,0.37162828,0.42744029324388483,UIQD
D:\uwiqa_dataset\UIQD\images\2806.jpg,uiqd,3.416666667,0.60416666675,0.661422,0.9765625,0.4873548,0.2572228,0.25542238,0.6690393756023438,UIQD
D:\uwiqa_dataset\UIQD\images\1322.jpg,uiqd,1.083333333,0.0208333332499999,0.04076438,0.57177734375,0.37693468,0.117484696,0.50558066,0.37960926104286047,UIQD
D:\uwiqa_dataset\UIQD\images\248.jpg,uiqd,4.333333333,0.8333333332499999,0.86723,0.9912109375,0.57458496,0.098961875,0.32645315,0.6795133242595024,UIQD
D:\uwiqa_dataset\UIQD\images\4356.jpg,uiqd,3.916666667,0.72916666675,0.6591881,0.9482421875,0.55348206,0.11808551,0.3284324,0.6487897415318371,UIQD
D:\uwiqa_dataset\UIQD\images\5951.jpg,uiqd,4.0,0.75,0.8211048,0.69775390625,0.631698,0.1293612,0.23894076,0.46968521949442466,UIQD
D:\uwiqa_dataset\UIQD\images\4004.jpg,uiqd,3.916666667,0.72916666675,0.74844146,0.88623046875,0.57286966,0.1290584,0.2980719,0.6044500255498656,UIQD
D:\uwiqa_dataset\UIQD\images\3751.jpg,uiqd,4.5,0.875,0.93741363,0.99267578125,0.626125,0.10005553,0.27381948,0.6805607191252183,UIQD
D:\uwiqa_dataset\UIQD\images\5305.jpg,uiqd,2.333333333,0.33333333325,0.32558364,0.455078125,0.40361413,0.29078084,0.30560502,0.29616680340749674,UIQD
D:\uwiqa_dataset\UIQD\images\2092.jpg,uiqd,3.75,0.6875,0.6285124,0.90673828125,0.4979855,0.2549501,0.24706441,0.6191135536698877,UIQD
D:\uwiqa_dataset\UIQD\images\1196.jpg,uiqd,1.25,0.0625,0.11834803,0.5390625,0.41410968,0.274376,0.3115143,0.3562174423752062,UIQD
D:\uwiqa_dataset\UIQD\images\4924.jpg,uiqd,3.916666667,0.72916666675,0.6519155,0.97412109375,0.5315853,0.14373413,0.32468066,0.6672937174928174,UIQD
D:\uwiqa_dataset\UIQD\images\2073.jpg,uiqd,1.333333333,0.0833333332499999,0.07048289,0.56005859375,0.31160092,0.17104705,0.517352,0.3712301021171336,UIQD
D:\uwiqa_dataset\UIQD\images\4536.jpg,uiqd,1.333333333,0.0833333332499999,0.09684438,0.383056640625,0.38713175,0.20920415,0.40366408,0.24466988917646687,UIQD
D:\uwiqa_dataset\UIQD\images\125.jpg,uiqd,1.583333333,0.1458333332499999,0.1184674,0.458984375,0.32771543,0.21264087,0.45964372,0.29895985638273903,UIQD
D:\uwiqa_dataset\UIQD\images\1254.jpg,uiqd,2.416666667,0.3541666667499999,0.47297838,0.24072265625,0.43876916,0.24738991,0.3138409,0.14289802139107555,UIQD
D:\uwiqa_dataset\UIQD\images\3478.jpg,uiqd,3.916666667,0.72916666675,0.7846908,0.974609375,0.49526906,0.13299888,0.37173206,0.6676428491147226,UIQD
D:\uwiqa_dataset\UIQD\images\1774.jpg,uiqd,2.25,0.3125,0.41881618,0.673828125,0.4429134,0.25017607,0.30691054,0.45257777002106553,UIQD
D:\uwiqa_dataset\UIQD\images\4501.jpg,uiqd,1.083333333,0.0208333332499999,0.056428846,0.39599609375,0.33847508,0.5068678,0.15465711,0.25392187715695697,UIQD
D:\uwiqa_dataset\UIQD\images\2555.jpg,uiqd,1.5,0.125,0.2635332,0.5830078125,0.40830463,0.2631031,0.3285923,0.3876392883466821,UIQD
D:\uwiqa_dataset\UIQD\images\2526.jpg,uiqd,2.416666667,0.3541666667499999,0.39958814,0.48828125,0.41441908,0.28868935,0.29689154,0.3199077536970563,UIQD
D:\uwiqa_dataset\UIQD\images\4602.jpg,uiqd,3.583333333,0.64583333325,0.712514,0.98193359375,0.47361183,0.24181831,0.28456983,0.672879823443302,UIQD
D:\uwiqa_dataset\UIQD\images\6058.jpg,uiqd,1.333333333,0.0833333332499999,0.071959235,0.5869140625,0.2905883,0.48638105,0.22303066,0.3904323413219244,UIQD
D:\uwiqa_dataset\UIQD\images\2578.jpg,uiqd,4.416666667,0.8541666667500001,0.8768427,0.978515625,0.53963464,0.060984123,0.3993812,0.670435902089965,UIQD
D:\uwiqa_dataset\UIQD\images\1408.jpg,uiqd,2.166666667,0.2916666667499999,0.28679016,0.449462890625,0.36845878,0.2650587,0.36648253,0.2921517897555859,UIQD
D:\uwiqa_dataset\UIQD\images\599.jpg,uiqd,3.25,0.5625,0.5359318,0.958984375,0.55198383,0.16971332,0.2783029,0.6564706372137534,UIQD
D:\uwiqa_dataset\UIQD\images\76.jpg,uiqd,4.333333333,0.8333333332499999,0.7880079,0.9658203125,0.53458494,0.18943855,0.2759765,0.6613584799204275,UIQD
D:\uwiqa_dataset\UIQD\images\316.jpg,uiqd,2.416666667,0.3541666667499999,0.32059804,0.352294921875,0.44130328,0.31636944,0.2423273,0.22267459699643372,UIQD
D:\uwiqa_dataset\UIQD\images\5328.jpg,uiqd,1.416666667,0.10416666675,0.073415756,0.48046875,0.22945258,0.12865308,0.64189434,0.3143216477465717,UIQD
D:\uwiqa_dataset\UIQD\images\5850.jpg,uiqd,4.0,0.75,0.6956526,0.92578125,0.4089935,0.31133935,0.27966717,0.6327296869241938,UIQD
D:\uwiqa_dataset\UIQD\images\5833.jpg,uiqd,2.583333333,0.39583333325,0.34977195,0.57763671875,0.38864577,0.3021138,0.30924046,0.38379884050572394,UIQD
D:\uwiqa_dataset\UIQD\images\3183.jpg,uiqd,3.916666667,0.72916666675,0.8375974,0.9697265625,0.51285076,0.14883119,0.33831802,0.6641515328956697,UIQD
D:\uwiqa_dataset\UIQD\images\5230.jpg,uiqd,1.5,0.125,0.07306059,0.52734375,0.37578267,0.36912975,0.25508758,0.3478382834494793,UIQD
D:\uwiqa_dataset\UIQD\images\4382.jpg,uiqd,4.25,0.8125,0.85178494,0.9619140625,0.5346939,0.13499424,0.33031183,0.6585654269451852,UIQD
D:\uwiqa_dataset\UIQD\images\3048.jpg,uiqd,1.666666667,0.16666666675,0.16446663,0.120849609375,0.5565793,0.21706492,0.22635582,0.05718620821332745,UIQD
D:\uwiqa_dataset\UIQD\images\3167.jpg,uiqd,4.25,0.8125,0.78611463,0.955078125,0.64557076,0.098107785,0.25632152,0.6536775842385112,UIQD
D:\uwiqa_dataset\UIQD\images\150.jpg,uiqd,2.416666667,0.3541666667499999,0.23423995,0.64404296875,0.36338356,0.31572056,0.32089582,0.431280741084843,UIQD
D:\uwiqa_dataset\UIQD\images\2441.jpg,uiqd,2.0,0.25,0.33541253,0.55078125,0.38832986,0.28475186,0.32691824,0.3645966013009331,UIQD
D:\uwiqa_dataset\UIQD\images\5717.jpg,uiqd,4.5,0.875,0.89730376,0.97119140625,0.6377175,0.119990595,0.24229191,0.6651989277613857,UIQD
D:\uwiqa_dataset\UIQD\images\3709.jpg,uiqd,2.083333333,0.27083333325,0.40960637,0.689453125,0.39269274,0.36735696,0.23995036,0.46374998192203476,UIQD
D:\uwiqa_dataset\UIQD\images\291.jpg,uiqd,2.25,0.3125,0.31821167,0.31396484375,0.4145744,0.28158522,0.3038404,0.19526776467686865,UIQD
D:\uwiqa_dataset\UIQD\images\454.jpg,uiqd,2.583333333,0.39583333325,0.45444593,0.7880859375,0.4786333,0.2696269,0.2517398,0.5342745695469028,UIQD
D:\uwiqa_dataset\UIQD\images\504.jpg,uiqd,1.5,0.125,0.09911722,0.368408203125,0.36715344,0.23228411,0.40056247,0.2341959405193082,UIQD
D:\uwiqa_dataset\UIQD\images\1175.jpg,uiqd,2.0,0.25,0.21216385,0.282958984375,0.3539319,0.28417465,0.36189345,0.1730979066858829,UIQD
D:\uwiqa_dataset\UIQD\images\3130.jpg,uiqd,1.916666667,0.22916666675,0.24667752,0.32421875,0.5731458,0.2736815,0.15317273,0.2025995287368797,UIQD
D:\uwiqa_dataset\UIQD\images\2084.jpg,uiqd,1.5,0.125,0.1975433,0.2069091796875,0.4573172,0.273245,0.26943785,0.11872065657413439,UIQD
D:\uwiqa_dataset\UIQD\images\3337.jpg,uiqd,1.666666667,0.16666666675,0.21977717,0.1422119140625,0.5458995,0.21441804,0.23968245,0.07246071667168377,UIQD
D:\uwiqa_dataset\UIQD\images\809.jpg,uiqd,1.833333333,0.2083333332499999,0.17791371,0.287841796875,0.3708744,0.29531842,0.33380714,0.17658922290493578,UIQD
D:\uwiqa_dataset\UIQD\images\5742.jpg,uiqd,2.166666667,0.2916666667499999,0.3503773,0.486328125,0.41782358,0.3395028,0.24267365,0.31851122720943514,UIQD
D:\uwiqa_dataset\UIQD\images\6245.jpg,uiqd,2.166666667,0.2916666667499999,0.32389364,0.2493896484375,0.58577365,0.23416413,0.18006225,0.1490951076798944,UIQD
D:\uwiqa_dataset\UIQD\images\811.jpg,uiqd,3.666666667,0.66666666675,0.6181408,0.182373046875,0.43564546,0.24396643,0.32038814,0.10117679257339368,UIQD
D:\uwiqa_dataset\UIQD\images\835.jpg,uiqd,3.916666667,0.72916666675,0.7503413,0.9951171875,0.48827833,0.22434872,0.28737304,0.6823063772347447,UIQD
D:\uwiqa_dataset\UIQD\images\4546.jpg,uiqd,2.166666667,0.2916666667499999,0.20845118,0.3173828125,0.34345707,0.36324123,0.29330167,0.19771168603020567,UIQD
D:\uwiqa_dataset\UIQD\images\4849.jpg,uiqd,1.75,0.1875,0.13881353,0.1044921875,0.39888483,0.3454224,0.25569275,0.045490298879500325,UIQD
D:\uwiqa_dataset\UIQD\images\4079.jpg,uiqd,3.666666667,0.66666666675,0.6193245,0.91748046875,0.47578198,0.22429879,0.29991925,0.6267944493518041,UIQD
D:\uwiqa_dataset\UIQD\images\4708.jpg,uiqd,1.666666667,0.16666666675,0.14060563,0.394287109375,0.36962023,0.36493587,0.26544392,0.25269991648028844,UIQD
D:\uwiqa_dataset\UIQD\images\3659.jpg,uiqd,3.5,0.625,0.61420876,0.57373046875,0.44405958,0.30363098,0.25230938,0.3810057875304816,UIQD
D:\uwiqa_dataset\UIQD\images\2064.jpg,uiqd,2.083333333,0.27083333325,0.18279298,0.161376953125,0.5221582,0.20115842,0.2766834,0.08616413283146632,UIQD
D:\uwiqa_dataset\UIQD\images\1946.jpg,uiqd,1.083333333,0.0208333332499999,0.0281738,0.689453125,0.39796776,0.20828748,0.39374474,0.46374998192203476,UIQD
D:\uwiqa_dataset\UIQD\images\1109.jpg,uiqd,1.25,0.0625,0.06877896,0.4111328125,0.30045232,0.18774895,0.51179874,0.2647449574360209,UIQD
D:\uwiqa_dataset\UIQD\images\4868.jpg,uiqd,2.333333333,0.33333333325,0.34131816,0.46875,0.39575976,0.280047,0.32419318,0.3059424888208448,UIQD
D:\uwiqa_dataset\UIQD\images\1028.jpg,uiqd,1.75,0.1875,0.17012453,0.275146484375,0.34446535,0.37273583,0.28279877,0.16751180073539831,UIQD
D:\uwiqa_dataset\UIQD\images\5502.jpg,uiqd,3.083333333,0.52083333325,0.6305471,0.315673828125,0.5258861,0.2557598,0.21835406,0.19648972535353718,UIQD
D:\uwiqa_dataset\UIQD\images\1521.jpg,uiqd,2.25,0.3125,0.33472988,0.437744140625,0.40045244,0.29125988,0.30828762,0.28377263082985904,UIQD
D:\uwiqa_dataset\UIQD\images\350.jpg,uiqd,1.75,0.1875,0.28812495,0.60009765625,0.36028147,0.301926,0.33779255,0.39985889511336714,UIQD
D:\uwiqa_dataset\UIQD\images\1472.jpg,uiqd,1.666666667,0.16666666675,0.23867358,0.37744140625,0.46933797,0.20474353,0.32591853,0.24065487552455606,UIQD
D:\uwiqa_dataset\UIQD\images\3896.jpg,uiqd,3.416666667,0.60416666675,0.675119,0.87158203125,0.43090007,0.29892096,0.270179,0.593976076892707,UIQD
D:\uwiqa_dataset\UIQD\images\173.jpg,uiqd,2.166666667,0.2916666667499999,0.27588508,0.322509765625,0.39202002,0.2937362,0.3142438,0.2013775680602112,UIQD
D:\uwiqa_dataset\UIQD\images\5953.jpg,uiqd,1.583333333,0.1458333332499999,0.1056121,0.282958984375,0.35729563,0.3976569,0.24504748,0.1730979066858829,UIQD
D:\uwiqa_dataset\UIQD\images\4056.jpg,uiqd,1.833333333,0.2083333332499999,0.15887475,0.47265625,0.3816201,0.4395299,0.17885,0.3087355417960871,UIQD
D:\uwiqa_dataset\UIQD\images\423.jpg,uiqd,2.166666667,0.2916666667499999,0.26242447,0.437744140625,0.42267528,0.3256154,0.25170925,0.28377263082985904,UIQD
D:\uwiqa_dataset\UIQD\images\1545.jpg,uiqd,2.916666667,0.4791666667499999,0.47684443,0.56201171875,0.46241623,0.26712593,0.27045786,0.3726266286047547,UIQD
D:\uwiqa_dataset\UIQD\images\882.jpg,uiqd,2.25,0.3125,0.29486862,0.4609375,0.387951,0.2958854,0.31616363,0.3003563828703602,UIQD
D:\uwiqa_dataset\UIQD\images\2228.jpg,uiqd,3.916666667,0.72916666675,0.7724777,0.994140625,0.51357543,0.1754205,0.3110041,0.6816081139909341,UIQD
D:\uwiqa_dataset\UIQD\images\5567.jpg,uiqd,1.333333333,0.0833333332499999,0.075775996,0.439697265625,0.3136278,0.21572278,0.47064948,0.2851691573174802,UIQD
D:\uwiqa_dataset\UIQD\images\5050.jpg,uiqd,2.916666667,0.4791666667499999,0.5031349,0.60009765625,0.47209457,0.22776741,0.30013803,0.39985889511336714,UIQD
D:\uwiqa_dataset\UIQD\images\1323.jpg,uiqd,3.083333333,0.52083333325,0.6008572,0.86962890625,0.5849187,0.16966465,0.24541667,0.5925795504050858,UIQD
D:\uwiqa_dataset\UIQD\images\103.jpg,uiqd,2.166666667,0.2916666667499999,0.24213254,0.36669921875,0.39643818,0.3058013,0.29776052,0.23297397984263973,UIQD
D:\uwiqa_dataset\UIQD\images\4367.jpg,uiqd,1.666666667,0.16666666675,0.19766918,0.443603515625,0.5073678,0.32591352,0.16671874,0.2879622102927225,UIQD
D:\uwiqa_dataset\UIQD\images\5317.jpg,uiqd,1.75,0.1875,0.16899252,0.3310546875,0.4445741,0.3519171,0.20350878,0.20748737144355373,UIQD
D:\uwiqa_dataset\UIQD\images\4337.jpg,uiqd,3.333333333,0.58333333325,0.4563997,0.73876953125,0.42156774,0.3022005,0.2762318,0.4990122757344688,UIQD
D:\uwiqa_dataset\UIQD\images\3886.jpg,uiqd,1.25,0.0625,0.041539535,0.56201171875,0.3501756,0.14681087,0.5030135,0.3726266286047547,UIQD
D:\uwiqa_dataset\UIQD\images\5034.jpg,uiqd,3.333333333,0.58333333325,0.62078065,0.97314453125,0.45759153,0.24894221,0.29346633,0.6665954542490068,UIQD
D:\uwiqa_dataset\UIQD\images\2537.jpg,uiqd,3.333333333,0.58333333325,0.64840585,0.9443359375,0.46316105,0.2749159,0.26192307,0.6459966885565949,UIQD
D:\uwiqa_dataset\UIQD\images\4897.jpg,uiqd,2.0,0.25,0.23616587,0.50390625,0.36985886,0.31939414,0.31074703,0.3310799655980255,UIQD
D:\uwiqa_dataset\UIQD\images\4653.jpg,uiqd,1.75,0.1875,0.1696373,0.106689453125,0.39600888,0.3088876,0.29510355,0.04706139117807411,UIQD
D:\uwiqa_dataset\UIQD\images\136.jpg,uiqd,3.666666667,0.66666666675,0.59330946,0.69580078125,0.44023666,0.26311705,0.2966464,0.4682886930068035,UIQD
D:\uwiqa_dataset\UIQD\images\2852.jpg,uiqd,1.416666667,0.10416666675,0.10353507,0.55078125,0.30958778,0.14337161,0.54704064,0.3645966013009331,UIQD
D:\uwiqa_dataset\UIQD\images\5703.jpg,uiqd,4.5,0.875,0.8192689,0.97705078125,0.5456587,0.1468793,0.307462,0.669388507224249,UIQD
D:\uwiqa_dataset\UIQD\images\4201.jpg,uiqd,3.666666667,0.66666666675,0.6131697,0.92138671875,0.433184,0.29005644,0.27675948,0.6295875023270463,UIQD
D:\uwiqa_dataset\UIQD\images\3083.jpg,uiqd,1.916666667,0.22916666675,0.3002645,0.2451171875,0.44936427,0.29621425,0.25442144,0.14604020598822312,UIQD
D:\uwiqa_dataset\UIQD\images\1120.jpg,uiqd,3.5,0.625,0.6786526,0.8173828125,0.4418398,0.28458226,0.27357793,0.5552224668612201,UIQD
D:\uwiqa_dataset\UIQD\images\5511.jpg,uiqd,1.916666667,0.22916666675,0.24740669,0.276611328125,0.36738884,0.3159599,0.31665123,0.16855919560111418,UIQD
D:\uwiqa_dataset\UIQD\images\3400.jpg,uiqd,1.0,0.0,0.028693907,0.57568359375,0.502243,0.16678648,0.33097056,0.38240231401810276,UIQD
D:\uwiqa_dataset\UIQD\images\808.jpg,uiqd,3.666666667,0.66666666675,0.5510753,0.9638671875,0.54198414,0.13140516,0.32661068,0.6599619534328063,UIQD
D:\uwiqa_dataset\UIQD\images\3879.jpg,uiqd,1.416666667,0.10416666675,0.032804746,0.49609375,0.260921,0.18575959,0.55331945,0.3254938596475409,UIQD
D:\uwiqa_dataset\UIQD\images\880.jpg,uiqd,1.833333333,0.2083333332499999,0.2723568,0.1451416015625,0.5720731,0.22541887,0.20250806,0.0745555064031155,UIQD
D:\uwiqa_dataset\UIQD\images\3935.jpg,uiqd,2.0,0.25,0.2586153,0.4130859375,0.32940322,0.3031103,0.36748642,0.266141483923642,UIQD
D:\uwiqa_dataset\UIQD\images\4744.jpg,uiqd,1.25,0.0625,0.045289125,0.359375,0.3300942,0.4579334,0.2119724,0.2277370055140604,UIQD
D:\uwiqa_dataset\UIQD\images\800.jpg,uiqd,3.333333333,0.58333333325,0.3925195,0.75048828125,0.5571273,0.13035771,0.312515,0.5073914346601957,UIQD
D:\uwiqa_dataset\UIQD\images\355.jpg,uiqd,2.916666667,0.4791666667499999,0.6120383,0.515625,0.4953925,0.19483633,0.3097712,0.3394591245237524,UIQD
D:\uwiqa_dataset\UIQD\images\1074.jpg,uiqd,1.166666667,0.04166666675,0.0905461,0.381103515625,0.36745661,0.4876533,0.14489013,0.2432733626888457,UIQD
D:\uwiqa_dataset\UIQD\images\5544.jpg,uiqd,4.75,0.9375,0.9019497,0.97265625,0.62284976,0.08573962,0.29141065,0.6662463226271015,UIQD
D:\uwiqa_dataset\UIQD\images\145.jpg,uiqd,2.75,0.4375,0.38159356,0.505859375,0.40819708,0.30851075,0.28329217,0.33247649208564667,UIQD
D:\uwiqa_dataset\UIQD\images\381.jpg,uiqd,3.5,0.625,0.5825209,0.92041015625,0.58874553,0.16254963,0.24870476,0.6288892390832357,UIQD
D:\uwiqa_dataset\UIQD\images\5656.jpg,uiqd,2.083333333,0.27083333325,0.14756986,0.2421875,0.42314866,0.38899317,0.18785816,0.14394541625679141,UIQD
D:\uwiqa_dataset\UIQD\images\5890.jpg,uiqd,4.083333333,0.7708333332499999,0.75192827,0.96435546875,0.48759916,0.22601305,0.28638783,0.6603110850547116,UIQD
D:\uwiqa_dataset\UIQD\images\122.jpg,uiqd,1.25,0.0625,0.06400486,0.315673828125,0.3458988,0.34463936,0.3094618,0.19648972535353718,UIQD
D:\uwiqa_dataset\UIQD\images\4306.jpg,uiqd,1.75,0.1875,0.18810847,0.26904296875,0.5219593,0.29990977,0.17813088,0.16314765546158222,UIQD
D:\uwiqa_dataset\UIQD\images\419.jpg,uiqd,3.333333333,0.58333333325,0.56023425,0.8623046875,0.45664337,0.23592919,0.30742747,0.5873425760765065,UIQD
D:\uwiqa_dataset\UIQD\images\3459.jpg,uiqd,2.0,0.25,0.2735818,0.45703125,0.44355312,0.2651046,0.29134226,0.2975633298951179,UIQD
D:\uwiqa_dataset\UIQD\images\1895.jpg,uiqd,2.25,0.3125,0.33513978,0.6943359375,0.48097113,0.24891078,0.27011803,0.4672412981410876,UIQD
D:\uwiqa_dataset\UIQD\images\6057.jpg,uiqd,3.916666667,0.72916666675,0.7855181,0.98388671875,0.4883838,0.20484266,0.3067735,0.6742763499309231,UIQD
D:\uwiqa_dataset\UIQD\images\4619.jpg,uiqd,1.666666667,0.16666666675,0.18315537,0.34326171875,0.5367242,0.22779077,0.23548502,0.21621566199118591,UIQD
D:\uwiqa_dataset\UIQD\images\5405.jpg,uiqd,4.0,0.75,0.82249486,0.97802734375,0.5031956,0.12685226,0.3699521,0.6700867704680596,UIQD
D:\uwiqa_dataset\UIQD\images\556.jpg,uiqd,3.583333333,0.64583333325,0.58979005,0.990234375,0.5107218,0.21393622,0.27534196,0.6788150610156919,UIQD
D:\uwiqa_dataset\UIQD\images\5094.jpg,uiqd,2.5,0.375,0.4125249,0.6875,0.40911984,0.2382747,0.3526055,0.4623534554344136,UIQD
D:\uwiqa_dataset\UIQD\images\6216.jpg,uiqd,2.0,0.25,0.23268804,0.1666259765625,0.50758225,0.2785447,0.21387309,0.08991729776694815,UIQD
D:\uwiqa_dataset\UIQD\images\1336.jpg,uiqd,1.666666667,0.16666666675,0.29711285,0.267333984375,0.36311445,0.2813496,0.35553595,0.1619256947849137,UIQD
D:\uwiqa_dataset\UIQD\images\3768.jpg,uiqd,1.75,0.1875,0.23287211,0.204345703125,0.41278076,0.28708985,0.30012938,0.11688771555913163,UIQD
D:\uwiqa_dataset\UIQD\images\5918.jpg,uiqd,1.416666667,0.10416666675,0.1365853,0.56787109375,0.4179947,0.16632387,0.41568145,0.3768162080676182,UIQD
D:\uwiqa_dataset\UIQD\images\5073.jpg,uiqd,2.0,0.25,0.22726794,0.28466796875,0.42811128,0.25929207,0.31259665,0.17431986736255142,UIQD
D:\uwiqa_dataset\UIQD\images\5768.jpg,uiqd,1.25,0.0625,0.08594171,0.607421875,0.30136487,0.20734045,0.49129468,0.4050958694419465,UIQD
D:\uwiqa_dataset\UIQD\images\1617.jpg,uiqd,3.416666667,0.60416666675,0.55521643,0.908203125,0.49308643,0.22974473,0.27716887,0.6201609485356036,UIQD
D:\uwiqa_dataset\UIQD\images\4929.jpg,uiqd,1.416666667,0.10416666675,0.1194053,0.373779296875,0.34200126,0.36749008,0.29050863,0.23803638836026636,UIQD
D:\uwiqa_dataset\UIQD\images\5140.jpg,uiqd,1.833333333,0.2083333332499999,0.14627287,0.281494140625,0.5041627,0.25348845,0.24234888,0.17205051182016703,UIQD
D:\uwiqa_dataset\UIQD\images\6115.jpg,uiqd,2.916666667,0.4791666667499999,0.50646484,0.5869140625,0.5130493,0.21407335,0.27287737,0.3904323413219244,UIQD
D:\uwiqa_dataset\UIQD\images\1220.jpg,uiqd,2.833333333,0.45833333325,0.39944467,0.451416015625,0.40840244,0.31688926,0.27470836,0.2935483162432071,UIQD
D:\uwiqa_dataset\UIQD\images\2550.jpg,uiqd,2.25,0.3125,0.413311,0.388671875,0.5019049,0.21708079,0.28101432,0.24868490282837763,UIQD
D:\uwiqa_dataset\UIQD\images\2319.jpg,uiqd,1.916666667,0.22916666675,0.32608137,0.449462890625,0.38093153,0.285787,0.3332815,0.2921517897555859,UIQD
D:\uwiqa_dataset\UIQD\images\2150.jpg,uiqd,1.25,0.0625,0.057295594,0.65478515625,0.42977655,0.17453597,0.3956875,0.4389616367667593,UIQD
D:\uwiqa_dataset\UIQD\images\5290.jpg,uiqd,2.333333333,0.33333333325,0.38186625,0.609375,0.44733188,0.30613118,0.24653696,0.4064923959295676,UIQD
D:\uwiqa_dataset\UIQD\images\3177.jpg,uiqd,1.25,0.0625,0.120617695,0.368408203125,0.4274935,0.40336245,0.16914397,0.2341959405193082,UIQD
D:\uwiqa_dataset\UIQD\images\1806.jpg,uiqd,3.583333333,0.64583333325,0.67732924,0.89306640625,0.49075422,0.18373325,0.3255125,0.6093378682565397,UIQD
D:\uwiqa_dataset\UIQD\images\3814.jpg,uiqd,2.416666667,0.3541666667499999,0.28688434,0.451416015625,0.4196473,0.29776773,0.282585,0.2935483162432071,UIQD
D:\uwiqa_dataset\UIQD\images\5564.jpg,uiqd,4.0,0.75,0.7161501,0.98876953125,0.47334993,0.19056152,0.33608854,0.677767666149976,UIQD
D:\uwiqa_dataset\UIQD\images\415.jpg,uiqd,2.0,0.25,0.27000955,0.4765625,0.38016582,0.2947878,0.32504645,0.3115285947713294,UIQD
D:\uwiqa_dataset\UIQD\images\3989.jpg,uiqd,4.166666667,0.7916666667500001,0.7303342,0.990234375,0.476208,0.22520822,0.29858378,0.6788150610156919,UIQD
D:\uwiqa_dataset\UIQD\images\655.jpg,uiqd,3.583333333,0.64583333325,0.62205297,0.95654296875,0.5327994,0.1968086,0.27039197,0.654724979104227,UIQD
D:\uwiqa_dataset\UIQD\images\4292.jpg,uiqd,2.333333333,0.33333333325,0.4605101,0.60009765625,0.45859385,0.29514346,0.24626271,0.39985889511336714,UIQD
D:\uwiqa_dataset\UIQD\images\1865.jpg,uiqd,1.666666667,0.16666666675,0.082399145,0.25537109375,0.38920823,0.3912831,0.21950865,0.15337197004823416,UIQD
D:\uwiqa_dataset\UIQD\images\2846.jpg,uiqd,2.416666667,0.3541666667499999,0.4860553,0.8818359375,0.38345292,0.35833693,0.2582101,0.601307840952718,UIQD
D:\uwiqa_dataset\UIQD\images\3493.jpg,uiqd,4.833333333,0.95833333325,0.86526406,0.939453125,0.47686616,0.18604979,0.337084,0.6425053723375419,UIQD
D:\uwiqa_dataset\UIQD\images\5188.jpg,uiqd,1.083333333,0.0208333332499999,0.02519951,0.275146484375,0.32696882,0.15663163,0.5163995,0.16751180073539831,UIQD
D:\uwiqa_dataset\UIQD\images\590.jpg,uiqd,3.666666667,0.66666666675,0.7493364,0.97265625,0.5446649,0.14906149,0.30627367,0.6662463226271015,UIQD
D:\uwiqa_dataset\UIQD\images\2347.jpg,uiqd,3.666666667,0.66666666675,0.7164551,0.9248046875,0.5366319,0.11520139,0.34816667,0.6320314236803833,UIQD
D:\uwiqa_dataset\UIQD\images\3723.jpg,uiqd,2.166666667,0.2916666667499999,0.30236408,0.25830078125,0.44104323,0.3171061,0.24185064,0.1554667597796659,UIQD
D:\uwiqa_dataset\UIQD\images\2269.jpg,uiqd,2.666666667,0.4166666667499999,0.4521792,0.359375,0.48804903,0.21653304,0.2954179,0.2277370055140604,UIQD
D:\uwiqa_dataset\UIQD\images\4669.jpg,uiqd,2.25,0.3125,0.29597017,0.55078125,0.3942626,0.3363421,0.26939532,0.3645966013009331,UIQD
D:\uwiqa_dataset\UIQD\images\3140.jpg,uiqd,2.25,0.3125,0.35340062,0.48828125,0.41543147,0.2901513,0.2944172,0.3199077536970563,UIQD
D:\uwiqa_dataset\UIQD\images\4592.jpg,uiqd,2.166666667,0.2916666667499999,0.31573066,0.38671875,0.37370434,0.3154961,0.31079957,0.2472883763407565,UIQD
D:\uwiqa_dataset\UIQD\images\702.jpg,uiqd,1.416666667,0.10416666675,0.20794535,0.552734375,0.3848328,0.29188088,0.32328635,0.36599312778855425,UIQD
D:\uwiqa_dataset\UIQD\images\3561.jpg,uiqd,3.416666667,0.60416666675,0.6689953,0.927734375,0.4716012,0.23759457,0.29080427,0.6341262134118151,UIQD
D:\uwiqa_dataset\UIQD\images\5186.jpg,uiqd,2.333333333,0.33333333325,0.3487171,0.5849609375,0.429891,0.3013356,0.26877338,0.3890358148343032,UIQD
D:\uwiqa_dataset\UIQD\images\4629.jpg,uiqd,1.25,0.0625,0.09870654,0.56201171875,0.3326721,0.3694931,0.29783475,0.3726266286047547,UIQD
D:\uwiqa_dataset\UIQD\images\2211.jpg,uiqd,3.416666667,0.60416666675,0.744705,0.93408203125,0.4687889,0.22816886,0.30304226,0.6386649244965837,UIQD
D:\uwiqa_dataset\UIQD\images\1731.jpg,uiqd,3.75,0.6875,0.7143321,0.86962890625,0.51587605,0.19172622,0.2923977,0.5925795504050858,UIQD
D:\uwiqa_dataset\UIQD\images\4691.jpg,uiqd,3.0,0.5,0.5338754,0.751953125,0.44561586,0.25337562,0.30100855,0.5084388295259116,UIQD
D:\uwiqa_dataset\UIQD\images\4727.jpg,uiqd,1.333333333,0.0833333332499999,0.16104585,0.204345703125,0.327146,0.32287502,0.34997892,0.11688771555913163,UIQD
D:\uwiqa_dataset\UIQD\images\5548.jpg,uiqd,1.25,0.0625,0.009523576,0.6513671875,0.42210487,0.23277926,0.34511587,0.4365177154134223,UIQD
D:\uwiqa_dataset\UIQD\images\111.jpg,uiqd,1.166666667,0.04166666675,0.010789627,0.66015625,0.433146,0.26292723,0.3039267,0.44280208460771747,UIQD
D:\uwiqa_dataset\UIQD\images\3413.jpg,uiqd,3.333333333,0.58333333325,0.57501173,0.6689453125,0.4698333,0.26526573,0.2649009,0.4490864538020127,UIQD
D:\uwiqa_dataset\UIQD\images\4621.jpg,uiqd,3.166666667,0.54166666675,0.46168393,0.1800537109375,0.47340924,0.2772731,0.24931765,0.09951841736934358,UIQD
D:\uwiqa_dataset\UIQD\images\4078.jpg,uiqd,3.916666667,0.72916666675,0.6660339,0.951171875,0.4966992,0.23238243,0.2709184,0.6508845312632688,UIQD
D:\uwiqa_dataset\UIQD\images\2639.jpg,uiqd,3.583333333,0.64583333325,0.6656034,0.90380859375,0.47263646,0.2829982,0.2443653,0.617018763938456,UIQD
D:\uwiqa_dataset\UIQD\images\5869.jpg,uiqd,2.25,0.3125,0.3272244,0.07696533203125,0.47176456,0.27051023,0.25772515,0.025808003694589736,UIQD
D:\uwiqa_dataset\UIQD\images\2019.jpg,uiqd,3.333333333,0.58333333325,0.545575,0.955078125,0.50049955,0.23394175,0.2655587,0.6536775842385112,UIQD
D:\uwiqa_dataset\UIQD\images\5183.jpg,uiqd,3.666666667,0.66666666675,0.7259231,0.8115234375,0.5768319,0.15154932,0.27161884,0.5510328873983567,UIQD
D:\uwiqa_dataset\UIQD\images\2115.jpg,uiqd,1.333333333,0.0833333332499999,0.111807466,0.556640625,0.34797877,0.4723179,0.17970338,0.36878618076379655,UIQD
D:\uwiqa_dataset\UIQD\images\3198.jpg,uiqd,2.583333333,0.39583333325,0.51095825,0.1993408203125,0.45490685,0.29797962,0.24711354,0.11330911643460242,UIQD
D:\uwiqa_dataset\UIQD\images\1329.jpg,uiqd,1.333333333,0.0833333332499999,0.093232125,0.19189453125,0.3219529,0.4590931,0.21895394,0.10798485920054679,UIQD
D:\uwiqa_dataset\UIQD\images\2500.jpg,uiqd,2.25,0.3125,0.283427,0.2186279296875,0.42669266,0.32496437,0.24834299,0.12709981549986127,UIQD
D:\uwiqa_dataset\UIQD\images\2887.jpg,uiqd,2.083333333,0.27083333325,0.3621234,0.482421875,0.40894267,0.25427756,0.3367798,0.31571817423419285,UIQD
D:\uwiqa_dataset\UIQD\images\3529.jpg,uiqd,3.583333333,0.64583333325,0.63814205,0.95849609375,0.49216154,0.21723583,0.29060265,0.6561215055918481,UIQD
D:\uwiqa_dataset\UIQD\images\3253.jpg,uiqd,2.666666667,0.4166666667499999,0.30623168,0.443603515625,0.47173786,0.26582986,0.2624323,0.2879622102927225,UIQD
D:\uwiqa_dataset\UIQD\images\1361.jpg,uiqd,2.5,0.375,0.35198,0.69287109375,0.43280596,0.28922576,0.2779683,0.46619390327537175,UIQD
D:\uwiqa_dataset\UIQD\images\6048.jpg,uiqd,1.916666667,0.22916666675,0.1787596,0.34326171875,0.49199152,0.31160992,0.19639857,0.21621566199118591,UIQD
D:\uwiqa_dataset\UIQD\images\108.jpg,uiqd,1.416666667,0.10416666675,0.13144213,0.416748046875,0.35700843,0.29468435,0.34830722,0.2687599710879317,UIQD
D:\uwiqa_dataset\UIQD\images\30.jpg,uiqd,4.5,0.875,0.8040778,0.9677734375,0.61064214,0.13633049,0.25302738,0.6627550064080486,UIQD
D:\uwiqa_dataset\UIQD\images\5899.jpg,uiqd,3.916666667,0.72916666675,0.71853364,0.96435546875,0.546676,0.1274266,0.32589746,0.6603110850547116,UIQD
D:\uwiqa_dataset\UIQD\images\4907.jpg,uiqd,4.75,0.9375,0.86808056,0.93896484375,0.53856707,0.13720901,0.3242239,0.6421562407156367,UIQD
D:\uwiqa_dataset\UIQD\images\752.jpg,uiqd,3.0,0.5,0.5384614,0.85107421875,0.41647014,0.3167196,0.26681033,0.5793125487726849,UIQD
D:\uwiqa_dataset\UIQD\images\585.jpg,uiqd,4.166666667,0.7916666667500001,0.7918553,0.8974609375,0.50008947,0.09459428,0.40531623,0.6124800528536872,UIQD
D:\uwiqa_dataset\UIQD\images\2119.jpg,uiqd,2.166666667,0.2916666667499999,0.30459657,0.37744140625,0.40367955,0.30909353,0.28722697,0.24065487552455606,UIQD
D:\uwiqa_dataset\UIQD\images\2338.jpg,uiqd,3.583333333,0.64583333325,0.7295223,0.91259765625,0.51558495,0.16313586,0.32127923,0.6233031331327511,UIQD
D:\uwiqa_dataset\UIQD\images\1502.jpg,uiqd,2.583333333,0.39583333325,0.5520184,0.95263671875,0.449337,0.23413666,0.31652635,0.6519319261289848,UIQD
D:\uwiqa_dataset\UIQD\images\549.jpg,uiqd,4.0,0.75,0.85378224,0.900390625,0.5438357,0.13384458,0.32231975,0.614574842585119,UIQD
D:\uwiqa_dataset\UIQD\images\4882.jpg,uiqd,3.25,0.5625,0.6584967,0.642578125,0.56043226,0.15276554,0.28680226,0.4302333462191271,UIQD
D:\uwiqa_dataset\UIQD\images\5875.jpg,uiqd,2.25,0.3125,0.24171832,0.62451171875,0.3183705,0.30360907,0.37802038,0.4173154762086315,UIQD
D:\uwiqa_dataset\UIQD\images\1273.jpg,uiqd,3.0,0.5,0.46080986,0.8056640625,0.47640935,0.26944563,0.25414506,0.5468433079354932,UIQD
D:\uwiqa_dataset\UIQD\images\3456.jpg,uiqd,1.166666667,0.04166666675,0.068756,0.312255859375,0.2858665,0.48129284,0.23284061,0.19404580400020016,UIQD
D:\uwiqa_dataset\UIQD\images\6084.jpg,uiqd,2.083333333,0.27083333325,0.2141742,0.57373046875,0.31312075,0.16428429,0.5225949,0.3810057875304816,UIQD
D:\uwiqa_dataset\UIQD\images\6179.jpg,uiqd,4.666666667,0.91666666675,0.8989982,0.98681640625,0.5388363,0.13692175,0.324242,0.6763711396623548,UIQD
D:\uwiqa_dataset\UIQD\images\6306.jpg,uiqd,3.166666667,0.54166666675,0.46572706,0.8115234375,0.46420234,0.2764602,0.2593375,0.5510328873983567,UIQD
D:\uwiqa_dataset\UIQD\images\2549.jpg,uiqd,1.833333333,0.2083333332499999,0.21847329,0.2568359375,0.3954294,0.31626242,0.2883082,0.15441936491395003,UIQD
D:\uwiqa_dataset\UIQD\images\5637.jpg,uiqd,2.333333333,0.33333333325,0.28147867,0.466796875,0.38201156,0.30425742,0.31373098,0.3045459623332237,UIQD
D:\uwiqa_dataset\UIQD\images\4458.jpg,uiqd,2.666666667,0.4166666667499999,0.3731183,0.458984375,0.41660547,0.24290389,0.3404906,0.29895985638273903,UIQD
D:\uwiqa_dataset\UIQD\images\2863.jpg,uiqd,1.583333333,0.1458333332499999,0.1409924,0.441650390625,0.34190872,0.38076192,0.2773294,0.28656568380510133,UIQD
D:\uwiqa_dataset\UIQD\images\2245.jpg,uiqd,1.5,0.125,0.1509153,0.34326171875,0.4133871,0.34223446,0.24437846,0.21621566199118591,UIQD
D:\uwiqa_dataset\UIQD\images\5838.jpg,uiqd,1.5,0.125,0.02561804,0.390380859375,0.34705305,0.5237209,0.12922603,0.24990686350504615,UIQD
D:\uwiqa_dataset\UIQD\images\2779.jpg,uiqd,2.416666667,0.3541666667499999,0.48540035,0.3056640625,0.44265935,0.29363883,0.26370177,0.1893325271044788,UIQD
D:\uwiqa_dataset\UIQD\images\1468.jpg,uiqd,2.75,0.4375,0.36173004,0.6298828125,0.47511637,0.27264932,0.2522343,0.4211559240495897,UIQD
D:\uwiqa_dataset\UIQD\images\91.jpg,uiqd,3.166666667,0.54166666675,0.4777247,0.458984375,0.44845513,0.22382319,0.3277217,0.29895985638273903,UIQD
D:\uwiqa_dataset\UIQD\images\3537.jpg,uiqd,2.0,0.25,0.2438917,0.470703125,0.36818644,0.28724846,0.3445651,0.30733901530846597,UIQD
D:\uwiqa_dataset\UIQD\images\5472.jpg,uiqd,4.25,0.8125,0.7236649,0.96630859375,0.5197098,0.1514673,0.3288229,0.6617076115423327,UIQD
D:\uwiqa_dataset\UIQD\images\5013.jpg,uiqd,2.833333333,0.45833333325,0.48832712,0.82568359375,0.49113664,0.32921812,0.17964523,0.5611577044336099,UIQD
D:\uwiqa_dataset\UIQD\images\625.jpg,uiqd,1.75,0.1875,0.15860379,0.276611328125,0.31960756,0.34383842,0.33655405,0.16855919560111418,UIQD
D:\uwiqa_dataset\UIQD\images\70.jpg,uiqd,1.083333333,0.0208333332499999,0.0906042,0.2861328125,0.40208513,0.31300306,0.2849118,0.1753672622282673,UIQD
D:\uwiqa_dataset\UIQD\images\890.jpg,uiqd,3.583333333,0.64583333325,0.6809731,0.90673828125,0.49137232,0.14842387,0.36020374,0.6191135536698877,UIQD
D:\uwiqa_dataset\UIQD\images\3059.jpg,uiqd,3.666666667,0.66666666675,0.6924319,0.9462890625,0.4406136,0.26472998,0.2946564,0.647393215044216,UIQD
D:\uwiqa_dataset\UIQD\images\4782.jpg,uiqd,3.333333333,0.58333333325,0.58598423,0.54296875,0.4259264,0.30534142,0.26873225,0.3590104953504485,UIQD
D:\uwiqa_dataset\UIQD\images\4047.jpg,uiqd,1.5,0.125,0.13474847,0.4921875,0.41135436,0.4045657,0.18407997,0.3227008066722986,UIQD
D:\uwiqa_dataset\UIQD\images\4150.jpg,uiqd,1.75,0.1875,0.16051891,0.085693359375,0.4744904,0.293766,0.23174359,0.032048731436146755,UIQD
D:\uwiqa_dataset\UIQD\images\3923.jpg,uiqd,1.25,0.0625,0.091634154,0.5234375,0.27687478,0.1683678,0.5547574,0.345045230474237,UIQD
D:\uwiqa_dataset\UIQD\images\948.jpg,uiqd,1.416666667,0.10416666675,0.07142411,0.2281494140625,0.4015057,0.38198116,0.21651313,0.13390788212701438,UIQD
D:\uwiqa_dataset\UIQD\images\878.jpg,uiqd,2.25,0.3125,0.2892363,0.322509765625,0.4392681,0.2912244,0.26950753,0.2013775680602112,UIQD
D:\uwiqa_dataset\UIQD\images\1840.jpg,uiqd,4.25,0.8125,0.82434696,0.97412109375,0.5055762,0.17877129,0.31565258,0.6672937174928174,UIQD
D:\uwiqa_dataset\UIQD\images\5897.jpg,uiqd,1.833333333,0.2083333332499999,0.093934506,0.36474609375,0.3813735,0.4064448,0.21218176,0.23157745335501856,UIQD
D:\uwiqa_dataset\UIQD\images\294.jpg,uiqd,4.5,0.875,0.81212455,0.9833984375,0.504271,0.13372809,0.3620009,0.6739272183090178,UIQD
D:\uwiqa_dataset\UIQD\images\2610.jpg,uiqd,3.083333333,0.52083333325,0.4709985,0.515625,0.4434662,0.2473059,0.30922794,0.3394591245237524,UIQD
D:\uwiqa_dataset\UIQD\images\446.jpg,uiqd,3.25,0.5625,0.54916364,0.33447265625,0.6407288,0.16116983,0.19810142,0.20993129279689074,UIQD
D:\uwiqa_dataset\UIQD\images\4768.jpg,uiqd,3.25,0.5625,0.6123377,0.986328125,0.4622283,0.27259773,0.26517397,0.6760220080404495,UIQD
D:\uwiqa_dataset\UIQD\images\5331.jpg,uiqd,1.5,0.125,0.15045375,0.39990234375,0.31728977,0.26031217,0.42239803,0.25671493013219926,UIQD
D:\uwiqa_dataset\UIQD\images\3648.jpg,uiqd,1.916666667,0.22916666675,0.24452718,0.4111328125,0.33448705,0.31152666,0.3539863,0.2647449574360209,UIQD
D:\uwiqa_dataset\UIQD\images\4195.jpg,uiqd,2.666666667,0.4166666667499999,0.5665429,0.299072265625,0.59236,0.16324475,0.24439529,0.18461925020875739,UIQD
D:\uwiqa_dataset\UIQD\images\3425.jpg,uiqd,2.333333333,0.33333333325,0.33493277,0.498046875,0.5136577,0.32511815,0.16122417,0.326890386135162,UIQD
D:\uwiqa_dataset\UIQD\images\4406.jpg,uiqd,1.75,0.1875,0.22939333,0.443603515625,0.337263,0.28492048,0.37781656,0.2879622102927225,UIQD
D:\uwiqa_dataset\UIQD\images\368.jpg,uiqd,3.25,0.5625,0.5382512,0.5,0.4849115,0.21004091,0.30504754,0.3282869126227832,UIQD
D:\uwiqa_dataset\UIQD\images\2752.jpg,uiqd,2.166666667,0.2916666667499999,0.28446212,0.482421875,0.449775,0.26168206,0.28854296,0.31571817423419285,UIQD
D:\uwiqa_dataset\UIQD\images\5023.jpg,uiqd,2.083333333,0.27083333325,0.18431504,0.19189453125,0.36692983,0.32717252,0.30589762,0.10798485920054679,UIQD
D:\uwiqa_dataset\UIQD\images\2005.jpg,uiqd,1.25,0.0625,0.0062591303,0.642578125,0.34868142,0.25371048,0.3976081,0.4302333462191271,UIQD
D:\uwiqa_dataset\UIQD\images\3906.jpg,uiqd,2.833333333,0.45833333325,0.406215,0.533203125,0.4029243,0.28776416,0.30931148,0.3520278629123427,UIQD
D:\uwiqa_dataset\UIQD\images\5791.jpg,uiqd,2.25,0.3125,0.2901527,0.462890625,0.38235712,0.24264987,0.374993,0.3017529093579813,UIQD
D:\uwiqa_dataset\UIQD\images\2844.jpg,uiqd,3.083333333,0.52083333325,0.51346105,0.437744140625,0.46075505,0.24493566,0.29430932,0.28377263082985904,UIQD
D:\uwiqa_dataset\UIQD\images\2230.jpg,uiqd,2.166666667,0.2916666667499999,0.31776363,0.341552734375,0.43609884,0.28421006,0.27969104,0.21499370131451742,UIQD
D:\uwiqa_dataset\UIQD\images\2642.jpg,uiqd,2.416666667,0.3541666667499999,0.3241177,0.54296875,0.40858483,0.29310516,0.29831004,0.3590104953504485,UIQD
D:\uwiqa_dataset\UIQD\images\3949.jpg,uiqd,2.0,0.25,0.2934976,0.515625,0.36116537,0.29328218,0.34555247,0.3394591245237524,UIQD
D:\uwiqa_dataset\UIQD\images\1243.jpg,uiqd,1.666666667,0.16666666675,0.15639359,0.350341796875,0.41068414,0.39812082,0.19119501,0.2212780705088126,UIQD
D:\uwiqa_dataset\UIQD\images\1187.jpg,uiqd,2.0,0.25,0.21945326,0.24365234375,0.38509482,0.26788825,0.347017,0.14499281112250725,UIQD
D:\uwiqa_dataset\UIQD\images\5674.jpg,uiqd,3.166666667,0.54166666675,0.62767833,0.732421875,0.47634467,0.2543579,0.2692974,0.49447356464970005,UIQD
D:\uwiqa_dataset\UIQD\images\3558.jpg,uiqd,1.5,0.125,0.14109714,0.401611328125,0.3614413,0.21185619,0.42670253,0.2579368908088678,UIQD
D:\uwiqa_dataset\UIQD\images\5955.jpg,uiqd,1.333333333,0.0833333332499999,0.07431336,0.363037109375,0.388583,0.38631588,0.22510113,0.23035549267835004,UIQD
D:\uwiqa_dataset\UIQD\images\4790.jpg,uiqd,3.916666667,0.72916666675,0.6913379,0.96875,0.41906527,0.2915971,0.28933758,0.6634532696518592,UIQD
D:\uwiqa_dataset\UIQD\images\6180.jpg,uiqd,4.416666667,0.8541666667500001,0.7592066,0.98046875,0.4523821,0.219028,0.32858992,0.6718324285775861,UIQD
D:\uwiqa_dataset\UIQD\images\152.jpg,uiqd,3.583333333,0.64583333325,0.6037545,0.81982421875,0.45990056,0.2113995,0.3286999,0.5569681249707465,UIQD
D:\uwiqa_dataset\UIQD\images\1034.jpg,uiqd,3.916666667,0.72916666675,0.77875036,0.9794921875,0.54627347,0.22837263,0.22535391,0.6711341653337756,UIQD
D:\uwiqa_dataset\UIQD\images\916.jpg,uiqd,4.25,0.8125,0.9717117,0.98095703125,0.6172293,0.045554645,0.33721608,0.6721815601994914,UIQD
D:\uwiqa_dataset\UIQD\images\6004.jpg,uiqd,3.416666667,0.60416666675,0.5504697,0.394287109375,0.54614633,0.19373392,0.26011977,0.25269991648028844,UIQD
D:\uwiqa_dataset\UIQD\images\3208.jpg,uiqd,2.833333333,0.45833333325,0.52777153,0.66552734375,0.4730992,0.20019922,0.32670164,0.4466425324486757,UIQD
D:\uwiqa_dataset\UIQD\images\1922.jpg,uiqd,3.333333333,0.58333333325,0.60592175,0.81298828125,0.5454947,0.22514421,0.22936112,0.5520802822640725,UIQD
D:\uwiqa_dataset\UIQD\images\510.jpg,uiqd,4.333333333,0.8333333332499999,0.7592242,0.97998046875,0.54982454,0.18399596,0.26617947,0.6714832969556808,UIQD
D:\uwiqa_dataset\UIQD\images\2023.jpg,uiqd,2.083333333,0.27083333325,0.1935916,0.2509765625,0.349661,0.3629204,0.28741863,0.1502297854510866,UIQD
D:\uwiqa_dataset\UIQD\images\2136.jpg,uiqd,3.25,0.5625,0.70002234,0.97119140625,0.49054024,0.19887425,0.31058553,0.6651989277613857,UIQD
D:\uwiqa_dataset\UIQD\images\2329.jpg,uiqd,2.25,0.3125,0.29530403,0.5,0.43578497,0.27546883,0.28874627,0.3282869126227832,UIQD
D:\uwiqa_dataset\UIQD\images\749.jpg,uiqd,2.0,0.25,0.34643507,0.449462890625,0.43161035,0.25329188,0.31509775,0.2921517897555859,UIQD
D:\uwiqa_dataset\UIQD\images\2464.jpg,uiqd,2.25,0.3125,0.4241611,0.7373046875,0.4069544,0.25223207,0.34081358,0.4979648808687529,UIQD
D:\uwiqa_dataset\UIQD\images\1721.jpg,uiqd,1.583333333,0.1458333332499999,0.16977468,0.445556640625,0.46367142,0.2820684,0.25426018,0.28935873678034363,UIQD
D:\uwiqa_dataset\UIQD\images\1264.jpg,uiqd,3.416666667,0.60416666675,0.67791677,0.57177734375,0.5616884,0.1692913,0.26902032,0.37960926104286047,UIQD
D:\uwiqa_dataset\UIQD\images\1420.jpg,uiqd,1.833333333,0.2083333332499999,0.17095515,0.2108154296875,0.42575997,0.37351477,0.20072527,0.12151370954937668,UIQD
D:\uwiqa_dataset\UIQD\images\2300.jpg,uiqd,1.75,0.1875,0.14741634,0.54296875,0.41568255,0.38459644,0.19972101,0.3590104953504485,UIQD
D:\uwiqa_dataset\UIQD\images\3046.jpg,uiqd,2.166666667,0.2916666667499999,0.31148395,0.4765625,0.488022,0.31546962,0.19650841,0.3115285947713294,UIQD
D:\uwiqa_dataset\UIQD\images\3827.jpg,uiqd,1.166666667,0.04166666675,0.07006871,0.29736328125,0.41803616,0.32166335,0.26030046,0.1833972895320889,UIQD
D:\uwiqa_dataset\UIQD\images\4560.jpg,uiqd,1.166666667,0.04166666675,0.10255106,0.5908203125,0.32117453,0.21902862,0.4597968,0.3932253942971667,UIQD
D:\uwiqa_dataset\UIQD\images\2164.jpg,uiqd,1.666666667,0.16666666675,0.16393068,0.22265625,0.3499838,0.30908433,0.34093192,0.1299801513805799,UIQD
D:\uwiqa_dataset\UIQD\images\472.jpg,uiqd,1.833333333,0.2083333332499999,0.18710923,0.45703125,0.3108918,0.31110898,0.3779992,0.2975633298951179,UIQD
D:\uwiqa_dataset\UIQD\images\5839.jpg,uiqd,3.75,0.6875,0.698825,0.84375,0.48802033,0.17367065,0.33830896,0.5740755744441056,UIQD
D:\uwiqa_dataset\UIQD\images\3327.jpg,uiqd,2.166666667,0.2916666667499999,0.23684959,0.276611328125,0.4364679,0.39450163,0.1690305,0.16855919560111418,UIQD
D:\uwiqa_dataset\UIQD\images\3830.jpg,uiqd,4.25,0.8125,0.8899011,0.98583984375,0.5688982,0.14133234,0.28976944,0.6756728764185442,UIQD
D:\uwiqa_dataset\UIQD\images\4123.jpg,uiqd,2.5,0.375,0.23258153,0.281494140625,0.51343554,0.23625769,0.25030681,0.17205051182016703,UIQD
D:\uwiqa_dataset\UIQD\images\5966.jpg,uiqd,2.083333333,0.27083333325,0.2340166,0.352294921875,0.4038724,0.30084184,0.29528576,0.22267459699643372,UIQD
D:\uwiqa_dataset\UIQD\images\3574.jpg,uiqd,1.833333333,0.2083333332499999,0.17348874,0.04638671875,0.43044975,0.2916697,0.27788052,0.003943635872771106,UIQD
D:\uwiqa_dataset\UIQD\images\897.jpg,uiqd,1.583333333,0.1458333332499999,0.14792007,0.368408203125,0.34599406,0.37480566,0.2792003,0.2341959405193082,UIQD
D:\uwiqa_dataset\UIQD\images\4772.jpg,uiqd,3.833333333,0.70833333325,0.73863035,0.9833984375,0.48921028,0.20644689,0.30434275,0.6739272183090178,UIQD
D:\uwiqa_dataset\UIQD\images\252.jpg,uiqd,1.25,0.0625,0.07044879,0.46484375,0.30108076,0.15784317,0.541076,0.3031494358456025,UIQD
D:\uwiqa_dataset\UIQD\images\1210.jpg,uiqd,3.166666667,0.54166666675,0.58637136,0.32763671875,0.49465868,0.21013643,0.29520485,0.2050434500902167,UIQD
D:\uwiqa_dataset\UIQD\images\2171.jpg,uiqd,2.25,0.3125,0.39404294,0.3720703125,0.45556083,0.26373655,0.28070268,0.2368144276835979,UIQD
D:\uwiqa_dataset\UIQD\images\2371.jpg,uiqd,2.416666667,0.3541666667499999,0.3847048,0.5234375,0.43624356,0.23319666,0.33055973,0.345045230474237,UIQD
D:\uwiqa_dataset\UIQD\images\2866.jpg,uiqd,3.333333333,0.58333333325,0.5660251,0.65478515625,0.463348,0.2715068,0.26514524,0.4389616367667593,UIQD
D:\uwiqa_dataset\UIQD\images\1129.jpg,uiqd,2.25,0.3125,0.3772761,0.546875,0.47831768,0.32092738,0.20075496,0.3618035483256908,UIQD
D:\uwiqa_dataset\UIQD\images\2334.jpg,uiqd,1.583333333,0.1458333332499999,0.24585094,0.34326171875,0.4659212,0.19929536,0.33478343,0.21621566199118591,UIQD
D:\uwiqa_dataset\UIQD\images\4335.jpg,uiqd,4.0,0.75,0.7063455,0.96875,0.5123585,0.19686694,0.29077458,0.6634532696518592,UIQD
D:\uwiqa_dataset\UIQD\images\58.jpg,uiqd,3.583333333,0.64583333325,0.6094702,0.7490234375,0.4437735,0.25160187,0.30462462,0.5063440397944798,UIQD
D:\uwiqa_dataset\UIQD\images\3560.jpg,uiqd,1.166666667,0.04166666675,0.025910884,0.498046875,0.45694986,0.16998652,0.37306365,0.326890386135162,UIQD
D:\uwiqa_dataset\UIQD\images\1434.jpg,uiqd,1.5,0.125,0.074234456,0.363037109375,0.4130713,0.39278704,0.1941417,0.23035549267835004,UIQD
D:\uwiqa_dataset\UIQD\images\293.jpg,uiqd,1.333333333,0.0833333332499999,0.068527535,0.57568359375,0.37573346,0.38400602,0.24026054,0.38240231401810276,UIQD
D:\uwiqa_dataset\UIQD\images\1143.jpg,uiqd,1.583333333,0.1458333332499999,0.12855549,0.2239990234375,0.42690682,0.3316216,0.24147157,0.13094026334081943,UIQD
D:\uwiqa_dataset\UIQD\images\4309.jpg,uiqd,1.666666667,0.16666666675,0.1718784,0.30908203125,0.3017776,0.36998227,0.3282401,0.1917764484578158,UIQD
