image_path,dataset,mos,mos_norm,split,pred,r_clip,r_attr,r_phys,gate_attr_artifact,gate_attr_color,gate_attr_illumination,gate_attr_naturalness,gate_attr_sharpness,gate_attr_turbidity,gate_attr_visibility
D:\uwiqa_dataset\SOTA\SOTA_Dataset\fusion18\345.bmp,sota,65.82141059,0.7580249359679487,test,0.71345186,0.47574586,0.18874234,0.33551183,0.49346593,0.46666586,0.51666427,0.5604407,0.4739167,0.46314707,0.49069962
D:\uwiqa_dataset\SOTA\SOTA_Dataset\fusion18\282.bmp,sota,66.33248242,0.7664740178576226,test,0.58462274,0.46751815,0.190781,0.34170088,0.38065788,0.7616764,0.45421344,0.45073354,0.5910548,0.5461952,0.6157027
D:\uwiqa_dataset\SOTA\SOTA_Dataset\dive\453.bmp,sota,44.79847085,0.41047195222213084,test,0.29261288,0.6495117,0.0343949,0.3160934,0.53643316,0.39536634,0.52271575,0.5733003,0.56027555,0.50820637,0.53920203
D:\uwiqa_dataset\SOTA\SOTA_Dataset\waternet\144.bmp,sota,64.22520984,0.7316364127556471,test,0.73313653,0.30574927,0.31843472,0.37581605,0.4327293,0.5226913,0.43887195,0.56642914,0.54788494,0.4153837,0.5671776
D:\uwiqa_dataset\SOTA\SOTA_Dataset\fusion18\283.bmp,sota,72.17479602,0.8630596309436623,test,0.68289256,0.4630233,0.17252411,0.3644526,0.5145197,0.36095792,0.54613256,0.65554595,0.55253327,0.36787686,0.5392294
D:\uwiqa_dataset\SOTA\SOTA_Dataset\fusion18\30.bmp,sota,61.87811577,0.6928340588865293,test,0.8016925,0.2926451,0.22061612,0.4867387,0.49190503,0.47175226,0.4637596,0.55379903,0.4973104,0.4359377,0.5010149
D:\uwiqa_dataset\SOTA\SOTA_Dataset\dive\681.bmp,sota,53.59051324,0.5558227263600684,test,0.59479153,0.5954546,0.13243288,0.2721125,0.45136482,0.7176678,0.4771502,0.46029618,0.50499165,0.5933836,0.5023347
D:\uwiqa_dataset\SOTA\SOTA_Dataset\waternet\272.bmp,sota,56.37498856,0.6018559033372759,test,0.6498963,0.28851703,0.31183764,0.39964533,0.36197984,0.6724588,0.42074332,0.45901632,0.63377863,0.50352633,0.67572284
D:\uwiqa_dataset\SOTA\SOTA_Dataset\HP\417.bmp,sota,52.29771237,0.5344500351325527,test,0.559993,0.5037869,0.08057234,0.4156408,0.5411949,0.43754932,0.5106709,0.5813713,0.5062457,0.43237305,0.46154132
D:\uwiqa_dataset\SOTA\SOTA_Dataset\fusion18\134.bmp,sota,73.87467922,0.8911622410203723,test,0.8163105,0.39749557,0.23742674,0.36507767,0.48344573,0.51475674,0.45079908,0.55151176,0.50377995,0.4353679,0.49388972
D:\uwiqa_dataset\SOTA\SOTA_Dataset\dive\205.bmp,sota,47.73591014,0.4590339422405495,test,0.25413537,0.487876,0.20208806,0.31003594,0.36144188,0.5883827,0.42554635,0.5097036,0.67063123,0.53811884,0.60868484
D:\uwiqa_dataset\SOTA\SOTA_Dataset\ACPAB\225.bmp,sota,67.60758537,0.787554125603562,test,0.54615027,0.71499604,0.06255127,0.22245261,0.5406125,0.6244668,0.46018007,0.5048761,0.5145657,0.48942858,0.47179142
D:\uwiqa_dataset\SOTA\SOTA_Dataset\dive\248.bmp,sota,55.30438501,0.5841565966364441,test,0.825945,0.5755997,0.04290711,0.38149318,0.5030417,0.3750298,0.5204767,0.60993105,0.57666117,0.4597978,0.5350013
D:\uwiqa_dataset\SOTA\SOTA_Dataset\HP\327.bmp,sota,25.69340721,0.09462545525948783,test,0.0022872938,0.47964874,0.030740572,0.4896107,0.5472418,0.43372077,0.5217437,0.5731482,0.510852,0.4479444,0.46636343
D:\uwiqa_dataset\SOTA\SOTA_Dataset\HP\405.bmp,sota,21.11908464,0.019002375067976144,test,0.002539604,0.26696947,0.091075785,0.6419547,0.53839403,0.44612074,0.49993134,0.5635778,0.49972996,0.44890565,0.487169
D:\uwiqa_dataset\SOTA\SOTA_Dataset\funiegan\247.bmp,sota,44.27391628,0.4017999725563125,test,0.5257578,0.2898598,0.35317487,0.35696536,0.616055,0.5753525,0.47240695,0.43106705,0.48955134,0.51681155,0.49968952
D:\uwiqa_dataset\SOTA\SOTA_Dataset\fusion18\789.bmp,sota,61.3482661,0.6840745401882542,test,0.6929164,0.49719733,0.16060793,0.3421948,0.46189672,0.39274812,0.5191532,0.58822215,0.5806856,0.44308785,0.53255504
D:\uwiqa_dataset\SOTA\SOTA_Dataset\twostep\111.bmp,sota,61.29452488,0.6831860858810958,test,0.67414916,0.5015331,0.09531827,0.40314865,0.50830644,0.4604054,0.43340525,0.5140923,0.4606763,0.36247367,0.3866437
D:\uwiqa_dataset\SOTA\SOTA_Dataset\twostep\115.bmp,sota,57.19075164,0.6153421662477019,test,0.75703657,0.6288739,0.03225283,0.33887333,0.60643774,0.51052314,0.4172946,0.38698012,0.43981108,0.3114079,0.2731796
D:\uwiqa_dataset\SOTA\SOTA_Dataset\funiegan\323.bmp,sota,45.79714188,0.42698206453513926,test,0.36772,0.30080462,0.26358664,0.43560874,0.3583233,0.8169647,0.37889278,0.30129355,0.7231263,0.62372595,0.5942064
D:\uwiqa_dataset\SOTA\SOTA_Dataset\dive\306.bmp,sota,51.78284079,0.5259381354606697,test,0.3403983,0.3821087,0.34738615,0.27050516,0.37153396,0.4589855,0.65900767,0.5094709,0.4752446,0.5577514,0.44962984
D:\uwiqa_dataset\SOTA\SOTA_Dataset\funiegan\455.bmp,sota,55.93216917,0.5945351764475835,test,0.7025725,0.4383686,0.13345717,0.42817423,0.41998523,0.37123787,0.5081929,0.596922,0.6500942,0.42110726,0.6065654
D:\uwiqa_dataset\SOTA\SOTA_Dataset\fusion18\348.bmp,sota,46.51272248,0.4388121023755381,test,0.48248512,0.49547243,0.19531867,0.3092089,0.36925974,0.56156737,0.4139242,0.53743845,0.6368396,0.45733732,0.66493
D:\uwiqa_dataset\SOTA\SOTA_Dataset\fusion12\282.bmp,sota,49.74519256,0.49225156588860247,test,0.5187032,0.54981315,0.17278486,0.2774019,0.35512584,0.68778646,0.4424444,0.4677088,0.59948164,0.5262746,0.63886255
D:\uwiqa_dataset\SOTA\SOTA_Dataset\HP\704.bmp,sota,67.99422641,0.793946107350763,test,0.44370538,0.68011886,0.09505594,0.22482516,0.5396712,0.43211976,0.5133693,0.58612376,0.5124972,0.43150255,0.4664853
D:\uwiqa_dataset\SOTA\SOTA_Dataset\HP\282.bmp,sota,21.95575181,0.03283422612838682,test,0.018824145,0.4271009,0.09587827,0.47702083,0.54969674,0.44775176,0.533557,0.5599048,0.523088,0.48876572,0.45209166
D:\uwiqa_dataset\SOTA\SOTA_Dataset\dive\72.bmp,sota,60.71645994,0.6736294683394688,test,0.71870965,0.57503927,0.1595116,0.26544917,0.48566422,0.5271445,0.46345395,0.53547287,0.5237405,0.4683288,0.5083344
D:\uwiqa_dataset\SOTA\SOTA_Dataset\funiegan\676.bmp,sota,55.68007746,0.5903675753855216,test,0.6310495,0.5655176,0.16863208,0.26585034,0.640777,0.6754556,0.4074252,0.38648665,0.49535447,0.5453096,0.38667515
D:\uwiqa_dataset\SOTA\SOTA_Dataset\twostep\506.bmp,sota,49.54205503,0.48889327939130905,test,0.2755639,0.6268305,0.072741695,0.30042782,0.5405503,0.45992202,0.48094115,0.5491829,0.48947108,0.45571616,0.47136226
D:\uwiqa_dataset\SOTA\SOTA_Dataset\waternet\237.bmp,sota,53.45403709,0.5535664913268493,test,0.49237126,0.37185445,0.2667633,0.3613823,0.4350605,0.6222121,0.4482435,0.45535776,0.56693053,0.56904423,0.54633766
D:\uwiqa_dataset\SOTA\SOTA_Dataset\ACPAB\618.bmp,sota,63.66388987,0.7223566244471439,test,0.750293,0.4259229,0.20211883,0.37195835,0.5360016,0.40061817,0.5278374,0.61257184,0.5071419,0.40220913,0.49986652
D:\uwiqa_dataset\SOTA\SOTA_Dataset\waternet\334.bmp,sota,50.5637674,0.5057843130485987,test,0.6062691,0.3786007,0.24229757,0.37910175,0.44279864,0.49688882,0.4402136,0.56936073,0.50364316,0.39896646,0.54648924
D:\uwiqa_dataset\SOTA\SOTA_Dataset\HP\261.bmp,sota,22.16245594,0.03625147595274865,test,0.034762718,0.41151455,0.0618878,0.5265977,0.5157676,0.47442874,0.5090493,0.54655397,0.48457682,0.48066318,0.49540585
D:\uwiqa_dataset\SOTA\SOTA_Dataset\ACPAB\242.bmp,sota,50.42988748,0.5035709991051106,test,0.56982064,0.5517781,0.1621344,0.28608754,0.528263,0.6447521,0.4815367,0.49415177,0.52695626,0.5172306,0.4552884
D:\uwiqa_dataset\SOTA\SOTA_Dataset\dive\794.bmp,sota,49.39720214,0.486498559397515,test,0.47510374,0.54089415,0.149308,0.30979788,0.45770207,0.47808525,0.42068624,0.5257679,0.6191932,0.5245476,0.5467598
D:\uwiqa_dataset\SOTA\SOTA_Dataset\dive\269.bmp,sota,58.14742857,0.6311580286158774,test,0.6338465,0.519218,0.17947745,0.30130455,0.40716812,0.44308934,0.52440614,0.5427919,0.5440888,0.46976382,0.5510524
D:\uwiqa_dataset\SOTA\SOTA_Dataset\ACPAB\114.bmp,sota,47.25335819,0.45105635337291083,test,0.54973024,0.65453166,0.09106944,0.25439888,0.42320284,0.67323345,0.45090646,0.47303468,0.6016973,0.51901454,0.6134422
D:\uwiqa_dataset\SOTA\SOTA_Dataset\IBLA\15.bmp,sota,49.69095222,0.4913548600881992,test,0.64402306,0.5508374,0.044197645,0.40496498,0.536501,0.4305389,0.47443986,0.5101871,0.50072336,0.46063924,0.4121557
D:\uwiqa_dataset\SOTA\SOTA_Dataset\IBLA\300.bmp,sota,45.07901611,0.4151099497331652,test,0.3661203,0.41133437,0.22003564,0.36863002,0.5351366,0.8282923,0.48568863,0.32302704,0.538775,0.61199427,0.50464714
D:\uwiqa_dataset\SOTA\SOTA_Dataset\ACPAB\606.bmp,sota,40.42271937,0.3381316657630222,test,0.34270543,0.6157533,0.07120353,0.31304315,0.5670557,0.43648046,0.55480635,0.608247,0.4817661,0.40074816,0.44775862
D:\uwiqa_dataset\SOTA\SOTA_Dataset\fusion12\407.bmp,sota,54.50542187,0.5709480717277423,test,0.6522071,0.38566104,0.19413963,0.4201994,0.50135756,0.47761133,0.48558617,0.5439119,0.52927935,0.4950223,0.45933342
D:\uwiqa_dataset\SOTA\SOTA_Dataset\fusion18\395.bmp,sota,59.63655894,0.6557764554239645,test,0.67446893,0.4273948,0.18128304,0.39132208,0.4197262,0.47693577,0.4256454,0.5447523,0.6314021,0.5005293,0.5551412
D:\uwiqa_dataset\SOTA\SOTA_Dataset\waternet\499.bmp,sota,45.44688253,0.42119154790507213,test,0.4591213,0.3101358,0.30823272,0.3816315,0.22554663,0.7677478,0.418109,0.4629169,0.5891156,0.64283794,0.418141
D:\uwiqa_dataset\SOTA\SOTA_Dataset\waternet\451.bmp,sota,52.25284401,0.5337082676829646,test,0.5303806,0.4835602,0.22166926,0.29477054,0.46171206,0.553803,0.4711564,0.52769524,0.52669024,0.4956113,0.5032264
D:\uwiqa_dataset\SOTA\SOTA_Dataset\HP\348.bmp,sota,21.26887073,0.021478651133405198,test,0.017165631,0.24024448,0.0921074,0.6676482,0.5323127,0.44930178,0.50288683,0.5536397,0.49463642,0.46365133,0.47035456
D:\uwiqa_dataset\SOTA\SOTA_Dataset\IBLA\569.bmp,sota,41.59893016,0.35757688011621364,test,0.31755722,0.489917,0.11611656,0.39396644,0.577847,0.48165712,0.6530909,0.6100933,0.4801737,0.48185366,0.30718148
D:\uwiqa_dataset\SOTA\SOTA_Dataset\fusion12\487.bmp,sota,35.16290974,0.2511760566308103,test,0.31129265,0.6595028,0.06622372,0.27427343,0.4719314,0.55923635,0.4487169,0.4803421,0.53024995,0.53741425,0.51859826
D:\uwiqa_dataset\SOTA\SOTA_Dataset\funiegan\322.bmp,sota,52.92499695,0.5448203558456891,test,0.5314692,0.4099572,0.2815143,0.30852857,0.47155422,0.44979942,0.53282887,0.5678004,0.5539719,0.49756274,0.48972163
D:\uwiqa_dataset\SOTA\SOTA_Dataset\ACPAB\300.bmp,sota,51.43460949,0.5201811467214399,test,0.5816736,0.80023396,0.029395854,0.17037009,0.6135417,0.6671872,0.48619413,0.45888284,0.5161421,0.5267825,0.32313573
D:\uwiqa_dataset\SOTA\SOTA_Dataset\twostep\453.bmp,sota,47.70087786,0.4584547856814764,test,0.3840114,0.48338237,0.13556093,0.3810567,0.45332623,0.6511267,0.44796878,0.3818655,0.5945167,0.56093156,0.61262697
D:\uwiqa_dataset\SOTA\SOTA_Dataset\IBLA\116.bmp,sota,55.05907386,0.5801010923547858,test,0.59144354,0.55461437,0.111878015,0.33350763,0.5408226,0.6422561,0.49280363,0.464926,0.48271495,0.5601647,0.29777968
D:\uwiqa_dataset\SOTA\SOTA_Dataset\IBLA\652.bmp,sota,32.85114931,0.212957841429285,test,0.34214216,0.474545,0.19541974,0.3300353,0.4728685,0.55214316,0.4798378,0.52807355,0.47351965,0.4355871,0.43583506
D:\uwiqa_dataset\SOTA\SOTA_Dataset\funiegan\696.bmp,sota,42.46255152,0.371854340081697,test,0.48527777,0.47703347,0.15816481,0.3648017,0.3497685,0.8735199,0.44004557,0.2954809,0.6531426,0.6203575,0.70395756
D:\uwiqa_dataset\SOTA\SOTA_Dataset\IBLA\269.bmp,sota,48.72847288,0.4754430717965629,test,0.41245246,0.5940578,0.15919189,0.24675028,0.4237198,0.65649956,0.46498117,0.46102145,0.54934675,0.5913431,0.4772574
D:\uwiqa_dataset\SOTA\SOTA_Dataset\funiegan\668.bmp,sota,56.23424398,0.5995291022652082,test,0.5546414,0.46829063,0.20331672,0.32839262,0.43243083,0.9210102,0.48326463,0.275131,0.605037,0.736653,0.47417772
D:\uwiqa_dataset\SOTA\SOTA_Dataset\twostep\57.bmp,sota,41.09104703,0.34918051407945944,test,0.43970448,0.5193114,0.14341366,0.33727494,0.39954907,0.61274153,0.4427019,0.460615,0.58578527,0.4757,0.6352374
D:\uwiqa_dataset\SOTA\SOTA_Dataset\fusion18\555.bmp,sota,45.874532,0.42826148441889944,test,0.5605675,0.62662137,0.09349504,0.27988356,0.6507206,0.5564174,0.42236677,0.53898484,0.4787487,0.44574836,0.4201363
D:\uwiqa_dataset\SOTA\SOTA_Dataset\ACPAB\279.bmp,sota,43.51147976,0.3891953087595271,test,0.4568147,0.5640667,0.1486127,0.28732055,0.42437392,0.8242694,0.4589769,0.4186868,0.6061199,0.5665233,0.59195435
D:\uwiqa_dataset\SOTA\SOTA_Dataset\dive\236.bmp,sota,64.7243714,0.7398885930736606,test,0.75290257,0.48807368,0.115502246,0.39642406,0.48963696,0.4457178,0.45501938,0.55321556,0.51380855,0.43491805,0.51998025
D:\uwiqa_dataset\SOTA\SOTA_Dataset\fusion12\607.bmp,sota,67.52120481,0.7861260750199174,test,0.58240664,0.44226274,0.18860024,0.36913708,0.50842446,0.8820132,0.49345687,0.3626665,0.5776827,0.6403402,0.5059367
D:\uwiqa_dataset\SOTA\SOTA_Dataset\dive\49.bmp,sota,58.79333247,0.641836165471825,test,0.6118995,0.57857096,0.09015092,0.33127812,0.5155053,0.45807707,0.49038815,0.5423788,0.50563246,0.5080844,0.45518643
D:\uwiqa_dataset\SOTA\SOTA_Dataset\ACPAB\559.bmp,sota,54.3735913,0.5687686378084589,test,0.44416946,0.5019853,0.17887373,0.31914103,0.5525388,0.72263896,0.4795414,0.42744926,0.530869,0.54948467,0.3457932
D:\uwiqa_dataset\SOTA\SOTA_Dataset\dive\182.bmp,sota,43.69309514,0.39219778928764426,test,0.46394378,0.6685986,0.12435992,0.20704147,0.48344857,0.6797385,0.42362797,0.5227804,0.5299602,0.46296474,0.5361967
D:\uwiqa_dataset\SOTA\SOTA_Dataset\ACPAB\85.bmp,sota,33.76367694,0.22804382390744254,test,0.42777887,0.6843706,0.063724376,0.25190496,0.48423058,0.74448156,0.47359124,0.43592313,0.5770914,0.55165994,0.5542538
D:\uwiqa_dataset\SOTA\SOTA_Dataset\fusion18\318.bmp,sota,46.15520582,0.43290160729451854,test,0.5626973,0.53135955,0.18964557,0.27899492,0.5492697,0.5665713,0.46602416,0.5127679,0.48560867,0.47708845,0.49331614
D:\uwiqa_dataset\SOTA\SOTA_Dataset\fusion18\496.bmp,sota,54.90695422,0.5775862378471764,test,0.52846307,0.39765573,0.24016255,0.36218172,0.40877166,0.52449006,0.44409227,0.5392776,0.5640421,0.43945625,0.61455244
D:\uwiqa_dataset\SOTA\SOTA_Dataset\IBLA\52.bmp,sota,33.08127906,0.21676236554676603,test,0.22393829,0.62128586,0.057814304,0.32089984,0.66744155,0.25657895,0.50907475,0.65878415,0.70655626,0.5559398,0.51483375
D:\uwiqa_dataset\SOTA\SOTA_Dataset\twostep\237.bmp,sota,40.48010327,0.33908034115812047,test,0.37351298,0.537821,0.13040859,0.33177042,0.50689065,0.5425113,0.4705502,0.49074847,0.5531713,0.5885862,0.5015362
D:\uwiqa_dataset\SOTA\SOTA_Dataset\dive\166.bmp,sota,59.66025,0.6561681179931832,test,0.57056725,0.48289964,0.19910672,0.31799364,0.547953,0.61226094,0.4455036,0.53787506,0.5012377,0.45137855,0.4734203
D:\uwiqa_dataset\SOTA\SOTA_Dataset\fusion12\565.bmp,sota,65.9596497,0.7603103164021348,test,0.7787044,0.5499738,0.0466725,0.40335366,0.5194445,0.4387912,0.44489375,0.54273593,0.45623884,0.36246142,0.4478009
D:\uwiqa_dataset\SOTA\SOTA_Dataset\IBLA\145.bmp,sota,22.38426944,0.039918515135352654,test,0.25497055,0.78205967,0.036765333,0.18117504,0.60117745,0.50127524,0.50664485,0.52962935,0.49645546,0.48477405,0.41582033
D:\uwiqa_dataset\SOTA\SOTA_Dataset\waternet\188.bmp,sota,51.0045291,0.5130710220365149,test,0.55628663,0.32688168,0.26042238,0.41269585,0.4554296,0.6028715,0.4695197,0.46118498,0.53109336,0.4894064,0.56943154
D:\uwiqa_dataset\SOTA\SOTA_Dataset\IBLA\393.bmp,sota,52.45423377,0.5370376599016314,test,0.3906261,0.49559972,0.25548035,0.24891996,0.53245884,0.6700961,0.46224982,0.40256116,0.5089684,0.53494096,0.49449587
D:\uwiqa_dataset\SOTA\SOTA_Dataset\dive\237.bmp,sota,55.46136862,0.5867518626995858,test,0.6040398,0.5284027,0.16990244,0.30169487,0.4820084,0.47140315,0.46928257,0.52568674,0.5609316,0.502685,0.5182169
D:\uwiqa_dataset\SOTA\SOTA_Dataset\HP\184.bmp,sota,37.51827307,0.2901151185922267,test,0.27770695,0.5595004,0.12136989,0.3191297,0.5321625,0.42664948,0.51303625,0.59552866,0.5105252,0.42054692,0.48244873
D:\uwiqa_dataset\SOTA\SOTA_Dataset\fusion12\680.bmp,sota,54.24406101,0.5666272323089555,test,0.4442324,0.5211398,0.20003603,0.27882412,0.548572,0.6010649,0.46955135,0.45245388,0.49578607,0.5322085,0.40650287
D:\uwiqa_dataset\SOTA\SOTA_Dataset\IBLA\775.bmp,sota,59.59637474,0.6551121268960723,test,0.6599072,0.40091506,0.26175702,0.3373279,0.45220354,0.46323717,0.4998863,0.5660502,0.53445464,0.46984175,0.5349243
D:\uwiqa_dataset\SOTA\SOTA_Dataset\ACPAB\115.bmp,sota,60.68284775,0.6730737888260797,test,0.49251747,0.7434187,0.017031724,0.2395496,0.58582526,0.4335612,0.45547813,0.52424896,0.45875478,0.37807122,0.3582442
D:\uwiqa_dataset\SOTA\SOTA_Dataset\HP\757.bmp,sota,52.54290424,0.5385035674673563,test,0.39540893,0.6540496,0.063813314,0.28213713,0.5468442,0.43413118,0.51588416,0.58232844,0.5098753,0.43004486,0.45041344
D:\uwiqa_dataset\SOTA\SOTA_Dataset\ACPAB\501.bmp,sota,25.68175039,0.09443274374425292,test,0.10187531,0.62831134,0.060742605,0.31094605,0.4481957,0.69015384,0.47260377,0.47045708,0.57554734,0.53544945,0.54110694
D:\uwiqa_dataset\SOTA\SOTA_Dataset\fusion12\466.bmp,sota,56.98389636,0.6119224175990015,test,0.6602618,0.3563003,0.15901877,0.48468095,0.48838213,0.43592945,0.4846299,0.54948986,0.5095148,0.43489808,0.5036224
D:\uwiqa_dataset\SOTA\SOTA_Dataset\fusion18\12.bmp,sota,69.16179646,0.8132484722734794,test,0.6115676,0.4395771,0.19721659,0.36320633,0.5019774,0.44632182,0.46340412,0.5665841,0.49772963,0.413207,0.54079455
D:\uwiqa_dataset\SOTA\SOTA_Dataset\HP\622.bmp,sota,39.38059373,0.3209031582327038,test,0.5427258,0.64444923,0.077802055,0.27774873,0.5588615,0.43954265,0.48725417,0.55778474,0.4828273,0.41541737,0.43413144
D:\uwiqa_dataset\SOTA\SOTA_Dataset\funiegan\208.bmp,sota,57.29596894,0.6170816273796338,test,0.6552305,0.6284524,0.0766771,0.2948705,0.5555346,0.4410973,0.46428266,0.5867255,0.47629076,0.3976595,0.50736046
D:\uwiqa_dataset\SOTA\SOTA_Dataset\twostep\680.bmp,sota,33.45667195,0.22296839194507342,test,0.32441652,0.30064422,0.18662678,0.51272905,0.43823534,0.54921806,0.4639254,0.48950168,0.5466243,0.4468602,0.5982405
D:\uwiqa_dataset\SOTA\SOTA_Dataset\ACPAB\409.bmp,sota,30.93427167,0.18126786126965772,test,0.17787233,0.6977906,0.085558094,0.21665128,0.37901816,0.8917421,0.48311213,0.34483853,0.6432741,0.65454805,0.6198051
D:\uwiqa_dataset\SOTA\SOTA_Dataset\fusion12\277.bmp,sota,47.02996943,0.44736327186131064,test,0.3808474,0.46321684,0.23671998,0.3000632,0.5535253,0.4910736,0.49434316,0.54347974,0.5068999,0.45505896,0.47444206
D:\uwiqa_dataset\SOTA\SOTA_Dataset\twostep\279.bmp,sota,44.93158268,0.4126725680380217,test,0.55911565,0.43271884,0.22905935,0.33822176,0.4150126,0.51059675,0.43457127,0.5584902,0.6006534,0.46449316,0.60621345
D:\uwiqa_dataset\SOTA\SOTA_Dataset\HP\575.bmp,sota,40.58382414,0.3407950631851556,test,0.2644748,0.47474337,0.058463387,0.4667933,0.5504822,0.46059552,0.50771177,0.5486947,0.49912646,0.4634629,0.43328342
D:\uwiqa_dataset\SOTA\SOTA_Dataset\ACPAB\337.bmp,sota,40.27355938,0.33566574043473146,test,0.21962345,0.615912,0.02222221,0.3618658,0.5828284,0.45366907,0.5167053,0.57922274,0.50642866,0.41214144,0.41828963
D:\uwiqa_dataset\SOTA\SOTA_Dataset\funiegan\652.bmp,sota,56.69651495,0.607171404289072,test,0.5736046,0.52267927,0.14680132,0.3305195,0.52456224,0.8118578,0.53089654,0.36913812,0.51411223,0.6403105,0.28190228
D:\uwiqa_dataset\SOTA\SOTA_Dataset\HP\27.bmp,sota,23.70987087,0.06183346794176842,test,0.007535695,0.29041344,0.024126783,0.68545973,0.56076175,0.447998,0.49837753,0.51889056,0.49526796,0.47051987,0.435654
D:\uwiqa_dataset\SOTA\SOTA_Dataset\fusion12\333.bmp,sota,50.08209069,0.4978211937212458,test,0.50200385,0.36995286,0.20669547,0.42335165,0.4963006,0.5423966,0.44753784,0.42371947,0.5069243,0.41564807,0.44076204
D:\uwiqa_dataset\SOTA\SOTA_Dataset\fusion12\711.bmp,sota,55.84558563,0.5931037701817407,test,0.5401587,0.6007238,0.11704822,0.28222796,0.5573876,0.6381572,0.46093968,0.44618717,0.48524567,0.55995965,0.38377947
D:\uwiqa_dataset\SOTA\SOTA_Dataset\HP\568.bmp,sota,35.92035715,0.2636982400472025,test,0.22768266,0.6127527,0.07524158,0.31200576,0.54912704,0.4667318,0.517404,0.53785884,0.5053375,0.48697755,0.42203638
D:\uwiqa_dataset\SOTA\SOTA_Dataset\twostep\82.bmp,sota,51.06741557,0.5141106663753205,test,0.3879726,0.3845767,0.21644561,0.3989777,0.43242484,0.6404321,0.45506993,0.3937846,0.60280097,0.5126575,0.6401306
D:\uwiqa_dataset\SOTA\SOTA_Dataset\dive\451.bmp,sota,48.19143781,0.466564763469421,test,0.5412379,0.47041985,0.2212447,0.30833545,0.47936392,0.533268,0.4702994,0.53924626,0.5238427,0.4834051,0.49942648
D:\uwiqa_dataset\SOTA\SOTA_Dataset\twostep\740.bmp,sota,66.64356674,0.7716168896419535,test,0.74013543,0.588831,0.12611948,0.2850495,0.52439094,0.4825393,0.45674938,0.50641936,0.5258049,0.54516155,0.52458537
D:\uwiqa_dataset\SOTA\SOTA_Dataset\twostep\9.bmp,sota,44.33016151,0.4027298233645121,test,0.44933802,0.32662296,0.25788757,0.41548944,0.42870405,0.6780824,0.45313078,0.37856618,0.610124,0.549327,0.63713515
D:\uwiqa_dataset\SOTA\SOTA_Dataset\waternet\610.bmp,sota,45.8286877,0.4275035826482721,test,0.43411243,0.3868633,0.13974117,0.4733955,0.5383489,0.73693544,0.46369055,0.37811637,0.53178936,0.6094409,0.47391054
D:\uwiqa_dataset\SOTA\SOTA_Dataset\HP\578.bmp,sota,21.71617034,0.02887344539179569,test,0.017877024,0.21943101,0.05336066,0.7272084,0.5348178,0.42741293,0.4913326,0.5492325,0.50616205,0.4777337,0.5017117
D:\uwiqa_dataset\SOTA\SOTA_Dataset\waternet\769.bmp,sota,45.87778389,0.42831524493414097,test,0.37504497,0.4816832,0.25467402,0.26364282,0.4778464,0.45107397,0.46340042,0.55986005,0.558422,0.4995685,0.55166984
D:\uwiqa_dataset\SOTA\SOTA_Dataset\ACPAB\673.bmp,sota,61.57516009,0.687825570452992,test,0.68923384,0.67813903,0.069074094,0.2527869,0.55048585,0.4727008,0.47661197,0.56121475,0.5151497,0.4425403,0.42817467
D:\uwiqa_dataset\SOTA\SOTA_Dataset\fusion12\131.bmp,sota,57.79777952,0.6253776015160377,test,0.5788302,0.61989915,0.114348665,0.26575217,0.55743784,0.49884647,0.4551686,0.49797052,0.44442758,0.38729018,0.3939555
D:\uwiqa_dataset\SOTA\SOTA_Dataset\dive\319.bmp,sota,53.07365404,0.5472779671894616,test,0.41205257,0.45890278,0.2575242,0.2835731,0.3421286,0.52913743,0.47939372,0.5274237,0.59886545,0.47230718,0.6157647
D:\uwiqa_dataset\SOTA\SOTA_Dataset\twostep\133.bmp,sota,58.07663854,0.6299877219675095,test,0.60486424,0.33481362,0.28278935,0.382397,0.4038386,0.52582777,0.4271175,0.55049306,0.6030728,0.45477057,0.6144227
D:\uwiqa_dataset\SOTA\SOTA_Dataset\funiegan\452.bmp,sota,47.95319622,0.46262613374014006,test,0.5185557,0.4376302,0.12212834,0.4402414,0.5163257,0.39335704,0.53815556,0.57237077,0.5803862,0.47319153,0.5602257
D:\uwiqa_dataset\SOTA\SOTA_Dataset\waternet\93.bmp,sota,49.20173536,0.48326708637555094,test,0.5448826,0.32963818,0.28041148,0.38995034,0.4082,0.82355756,0.44189408,0.34112015,0.6277197,0.6717616,0.5982747
D:\uwiqa_dataset\SOTA\SOTA_Dataset\ACPAB\722.bmp,sota,65.69596037,0.7559509825241488,test,0.76130843,0.5351117,0.077183545,0.38770476,0.5162308,0.359361,0.5451954,0.60925215,0.5749005,0.45986626,0.5256182
D:\uwiqa_dataset\SOTA\SOTA_Dataset\waternet\277.bmp,sota,45.10596332,0.41555544324429894,test,0.4957086,0.4146212,0.32676405,0.2586147,0.4845131,0.5288883,0.5124005,0.5193201,0.48757148,0.52922386,0.45039874
D:\uwiqa_dataset\SOTA\SOTA_Dataset\fusion12\358.bmp,sota,51.54786362,0.5220534733936295,test,0.6869353,0.41016573,0.3189434,0.2708908,0.40219638,0.48050156,0.48810548,0.55067694,0.5478483,0.45597288,0.56722677
D:\uwiqa_dataset\SOTA\SOTA_Dataset\fusion18\705.bmp,sota,57.88943167,0.6268928024628687,test,0.6243772,0.5632689,0.11024417,0.32648695,0.5020385,0.41096115,0.50298667,0.587168,0.55283785,0.44747356,0.52046955
D:\uwiqa_dataset\SOTA\SOTA_Dataset\waternet\429.bmp,sota,46.66729888,0.44136757224326867,test,0.4889672,0.33872262,0.29272318,0.36855426,0.42932305,0.58290344,0.46471688,0.5089663,0.5470479,0.52290326,0.5379213
D:\uwiqa_dataset\SOTA\SOTA_Dataset\waternet\53.bmp,sota,56.95086201,0.6113762909844271,test,0.52942944,0.3876417,0.24179731,0.37056103,0.45193464,0.7378305,0.46479732,0.41056755,0.55441195,0.5765544,0.55049586
D:\uwiqa_dataset\SOTA\SOTA_Dataset\twostep\778.bmp,sota,48.87232861,0.47782130665851724,test,0.6170417,0.411389,0.2529717,0.33563933,0.39665282,0.51278484,0.42329833,0.56413066,0.6261211,0.43811592,0.63584596
D:\uwiqa_dataset\SOTA\SOTA_Dataset\IBLA\434.bmp,sota,26.93594412,0.11516717853062194,test,0.11431562,0.5260067,0.10384647,0.3701468,0.55098426,0.52573085,0.5171107,0.5702614,0.49583477,0.4599389,0.3264991
D:\uwiqa_dataset\SOTA\SOTA_Dataset\fusion18\190.bmp,sota,36.65048394,0.27576875670736467,test,0.43184704,0.5267272,0.1833843,0.28988853,0.49607968,0.3529296,0.53371984,0.629237,0.57936686,0.41971943,0.5482692
D:\uwiqa_dataset\SOTA\SOTA_Dataset\fusion12\53.bmp,sota,53.02371094,0.5464523037172173,test,0.56741893,0.48964345,0.22850367,0.28185287,0.48926416,0.56247437,0.45975968,0.47758186,0.47922853,0.46209645,0.4561401
D:\uwiqa_dataset\SOTA\SOTA_Dataset\ACPAB\168.bmp,sota,60.48962319,0.6698793843711598,test,0.74749005,0.7258766,0.07426634,0.1998571,0.56771386,0.45041832,0.50440097,0.5979124,0.49151582,0.38671863,0.43162298
D:\uwiqa_dataset\SOTA\SOTA_Dataset\dive\648.bmp,sota,52.83576586,0.5433451800636179,test,0.7164907,0.5636516,0.13017705,0.30617136,0.5106914,0.47744635,0.4782293,0.549261,0.51857007,0.4945225,0.48552984
D:\uwiqa_dataset\SOTA\SOTA_Dataset\HP\252.bmp,sota,22.16245594,0.03625147595274865,test,0.014041414,0.35257736,0.053304967,0.5941177,0.49173647,0.46670616,0.57218164,0.5492656,0.488704,0.4772487,0.4582211
D:\uwiqa_dataset\SOTA\SOTA_Dataset\fusion18\577.bmp,sota,69.13039648,0.8127293651993247,test,0.8071174,0.39710274,0.14198743,0.4609099,0.45255068,0.54471254,0.4470493,0.55956566,0.5247143,0.42836392,0.54584175
D:\uwiqa_dataset\SOTA\SOTA_Dataset\waternet\709.bmp,sota,55.62621094,0.5894770496083687,test,0.54061,0.4955818,0.18544945,0.31896868,0.48380333,0.5740058,0.450589,0.5251458,0.5399944,0.46773666,0.5248197
D:\uwiqa_dataset\SOTA\SOTA_Dataset\twostep\548.bmp,sota,39.38164691,0.3209205694918307,test,0.4813968,0.44512498,0.22414124,0.3307338,0.41367346,0.64003843,0.459772,0.4649325,0.5542195,0.5407927,0.5692472
D:\uwiqa_dataset\SOTA\SOTA_Dataset\fusion12\642.bmp,sota,57.08459493,0.6135871747117208,test,0.60328645,0.3930771,0.26219183,0.34473112,0.48902485,0.43187305,0.5968221,0.5905828,0.5692111,0.47843218,0.5118495
D:\uwiqa_dataset\SOTA\SOTA_Dataset\IBLA\727.bmp,sota,42.66122255,0.37513878603047063,test,0.36725348,0.3545416,0.20700575,0.43845266,0.37980402,0.81052625,0.40950295,0.32997674,0.6766587,0.5871194,0.6216565
D:\uwiqa_dataset\SOTA\SOTA_Dataset\fusion18\558.bmp,sota,48.12570351,0.4654780385688129,test,0.44758612,0.37691867,0.24411052,0.3789707,0.5289634,0.478381,0.474403,0.55620766,0.48518652,0.41841382,0.4893041
D:\uwiqa_dataset\SOTA\SOTA_Dataset\dive\126.bmp,sota,65.08949828,0.7459249009430282,test,0.84417796,0.34439352,0.2521599,0.4034466,0.45321965,0.5081892,0.45230228,0.56098735,0.5428586,0.42878315,0.5450586
D:\uwiqa_dataset\SOTA\SOTA_Dataset\IBLA\10.bmp,sota,37.61052525,0.29164023928479343,test,0.49515903,0.6575184,0.094403155,0.24807845,0.48770183,0.6458565,0.46461716,0.44488022,0.50990826,0.5514942,0.4900387
D:\uwiqa_dataset\SOTA\SOTA_Dataset\funiegan\294.bmp,sota,27.85635681,0.1303835174748069,test,0.33455825,0.46675262,0.26002866,0.27321872,0.3373538,0.9324228,0.44649258,0.3606357,0.57922137,0.7447446,0.46582037
D:\uwiqa_dataset\SOTA\SOTA_Dataset\fusion18\379.bmp,sota,68.46966889,0.8018061618705934,test,0.86253583,0.51823235,0.11719568,0.364572,0.51163155,0.4017685,0.5146162,0.5864086,0.5633432,0.4420934,0.5430654
D:\uwiqa_dataset\SOTA\SOTA_Dataset\HP\352.bmp,sota,21.29088626,0.02184261370166997,test,0.03474443,0.25022992,0.05979269,0.68997735,0.51680195,0.46835873,0.503338,0.53728515,0.49396306,0.5063701,0.4830958
D:\uwiqa_dataset\SOTA\SOTA_Dataset\IBLA\240.bmp,sota,50.93329136,0.5118933138092873,test,0.49321753,0.5820744,0.070977814,0.34694776,0.5191031,0.44455326,0.48874956,0.56290257,0.52328926,0.48542118,0.50043356
D:\uwiqa_dataset\SOTA\SOTA_Dataset\IBLA\20.bmp,sota,36.66369717,0.27598719892183204,test,0.5032449,0.49370262,0.13778116,0.36851615,0.52668947,0.37540984,0.5026716,0.60334826,0.5736419,0.49056882,0.51715326
D:\uwiqa_dataset\SOTA\SOTA_Dataset\dive\748.bmp,sota,65.34862266,0.7502087666889273,test,0.78370035,0.43226016,0.1313297,0.43641022,0.4828088,0.4758659,0.47347128,0.5432283,0.537021,0.5196757,0.46082473
D:\uwiqa_dataset\SOTA\SOTA_Dataset\fusion12\631.bmp,sota,50.72664337,0.5084769920960626,test,0.48153055,0.45677984,0.23252729,0.31069285,0.57091343,0.56305337,0.40931365,0.44575092,0.4367523,0.3400085,0.40839538
D:\uwiqa_dataset\SOTA\SOTA_Dataset\twostep\461.bmp,sota,41.67977545,0.3589134211570384,test,0.35081345,0.4260569,0.20085295,0.37309015,0.32094255,0.74164444,0.4187409,0.42025748,0.66177213,0.5447324,0.69400847
D:\uwiqa_dataset\SOTA\SOTA_Dataset\funiegan\479.bmp,sota,47.60361405,0.45684681230600843,test,0.55118203,0.49704826,0.19713435,0.3058174,0.5429715,0.5719415,0.44672188,0.46580625,0.5267859,0.5249944,0.5187203
D:\uwiqa_dataset\SOTA\SOTA_Dataset\IBLA\489.bmp,sota,44.17394061,0.40014716648636145,test,0.41396934,0.3988395,0.3070978,0.2940627,0.4530083,0.50899476,0.50036097,0.5635839,0.5515692,0.54056937,0.41121736
D:\uwiqa_dataset\SOTA\SOTA_Dataset\HP\57.bmp,sota,32.07727963,0.20016416368293855,test,0.07678323,0.56240714,0.029008856,0.40858394,0.5384127,0.43720615,0.49535647,0.5645617,0.49590337,0.43876374,0.4715506
D:\uwiqa_dataset\SOTA\SOTA_Dataset\IBLA\578.bmp,sota,40.08951161,0.3326230474333547,test,0.47394186,0.3026859,0.28596437,0.41134977,0.52202773,0.7525509,0.46852848,0.35143885,0.5439964,0.6108557,0.5022442
D:\uwiqa_dataset\SOTA\SOTA_Dataset\dive\396.bmp,sota,70.46840051,0.8348493588178018,test,0.68913704,0.56858355,0.09025771,0.34115878,0.46170747,0.3692358,0.44951865,0.59525645,0.6794328,0.4765848,0.579567
D:\uwiqa_dataset\SOTA\SOTA_Dataset\twostep\301.bmp,sota,34.4246295,0.23897074645887617,test,0.14764391,0.4532039,0.105683066,0.44111308,0.5287002,0.4459389,0.51179034,0.55243194,0.5062493,0.45424286,0.52359396
D:\uwiqa_dataset\SOTA\SOTA_Dataset\fusion12\788.bmp,sota,38.1856529,0.30114829730447645,test,0.4008783,0.64277095,0.061239973,0.29598907,0.5400151,0.42315602,0.5198622,0.54165703,0.5368549,0.49524668,0.5080762
D:\uwiqa_dataset\SOTA\SOTA_Dataset\fusion18\184.bmp,sota,66.00004475,0.760978130719718,test,0.72985685,0.45029265,0.18399361,0.36571378,0.52220416,0.36364007,0.538567,0.62226737,0.5611921,0.42210042,0.5238716
D:\uwiqa_dataset\SOTA\SOTA_Dataset\twostep\735.bmp,sota,51.47515632,0.5208514702785741,test,0.53782725,0.40738875,0.15497519,0.43763605,0.5606542,0.45093554,0.5017519,0.5328899,0.5131474,0.49910063,0.51328903
D:\uwiqa_dataset\SOTA\SOTA_Dataset\twostep\153.bmp,sota,69.44594962,0.817946115886608,test,0.7950841,0.32218704,0.2699717,0.40784124,0.43561462,0.44471258,0.44728142,0.58170056,0.5584982,0.39534563,0.5782639
D:\uwiqa_dataset\SOTA\SOTA_Dataset\waternet\771.bmp,sota,46.0891864,0.43181016876641826,test,0.47845384,0.42685974,0.28146365,0.29167658,0.45481628,0.47304398,0.46727237,0.5168289,0.56577015,0.44961706,0.566385
D:\uwiqa_dataset\SOTA\SOTA_Dataset\fusion12\307.bmp,sota,29.58059879,0.15888882892316653,test,0.2901068,0.53665894,0.13525525,0.32808587,0.51986736,0.3615786,0.51894104,0.61337954,0.62196964,0.4673687,0.53347886
D:\uwiqa_dataset\SOTA\SOTA_Dataset\waternet\723.bmp,sota,53.36342291,0.5520684501861635,test,0.46626928,0.45400754,0.2728349,0.27315757,0.39509165,0.47983038,0.49388728,0.5474822,0.5566572,0.5045625,0.4913113
D:\uwiqa_dataset\SOTA\SOTA_Dataset\fusion18\503.bmp,sota,44.21351646,0.4008014377215877,test,0.54962087,0.5127741,0.23260112,0.25462472,0.38702947,0.5694641,0.5811708,0.52888286,0.43669215,0.5999816,0.3628289
D:\uwiqa_dataset\SOTA\SOTA_Dataset\HP\11.bmp,sota,24.87101757,0.0810296415094338,test,0.021484707,0.15808457,0.02170293,0.8202124,0.54632103,0.45481604,0.4920856,0.5306374,0.48691326,0.45602533,0.4495123
D:\uwiqa_dataset\SOTA\SOTA_Dataset\waternet\762.bmp,sota,62.42241231,0.7018324144380886,test,0.6576115,0.63845396,0.16763218,0.19391383,0.48036608,0.570411,0.44841832,0.5404864,0.53012294,0.45262995,0.5327802
D:\uwiqa_dataset\SOTA\SOTA_Dataset\HP\207.bmp,sota,20.61896824,0.010734409255873366,test,0.0132600395,0.24001685,0.08663436,0.6733488,0.52543217,0.43639925,0.49982464,0.57486004,0.50833184,0.45075372,0.48977777
D:\uwiqa_dataset\SOTA\SOTA_Dataset\waternet\565.bmp,sota,65.55221165,0.7535745167603918,test,0.7781656,0.648493,0.043989763,0.30751726,0.47461805,0.53522235,0.43636984,0.53321177,0.5215876,0.4317937,0.5056785
D:\uwiqa_dataset\SOTA\SOTA_Dataset\fusion18\739.bmp,sota,50.18144753,0.4994637692423016,test,0.49041805,0.4898788,0.17739189,0.33272922,0.4987551,0.4074987,0.47333854,0.5521765,0.58344936,0.44957253,0.53565097
D:\uwiqa_dataset\SOTA\SOTA_Dataset\fusion18\781.bmp,sota,73.29506404,0.8815799947824648,test,0.88026357,0.37770465,0.14903975,0.47325554,0.5057421,0.40400314,0.49394396,0.5703189,0.5323835,0.4340067,0.5286036
D:\uwiqa_dataset\SOTA\SOTA_Dataset\dive\410.bmp,sota,61.15889332,0.6809438136798197,test,0.6596271,0.4245072,0.27321094,0.30228192,0.38880205,0.6374249,0.5000437,0.47901827,0.50073874,0.6386609,0.35540703
D:\uwiqa_dataset\SOTA\SOTA_Dataset\IBLA\111.bmp,sota,43.3149508,0.38594627568968953,test,0.35406932,0.51851624,0.12112931,0.3603544,0.4861854,0.46550146,0.48051742,0.48773336,0.5246022,0.44928098,0.39572757
D:\uwiqa_dataset\SOTA\SOTA_Dataset\twostep\108.bmp,sota,60.53825786,0.6706834167701031,test,0.67398554,0.36935124,0.14999291,0.48065582,0.51115036,0.44856498,0.44603524,0.5361006,0.4553189,0.3684506,0.3846949
D:\uwiqa_dataset\SOTA\SOTA_Dataset\HP\21.bmp,sota,24.95458023,0.08241110633651882,test,0.1192489,0.48713586,0.08644014,0.42642397,0.5309315,0.45647252,0.5171859,0.5655524,0.50350773,0.4685282,0.47222963
D:\uwiqa_dataset\SOTA\SOTA_Dataset\twostep\759.bmp,sota,36.96118732,0.2809053307600148,test,0.3287711,0.42748445,0.21164276,0.36087275,0.398237,0.6358726,0.43641287,0.5520672,0.5832532,0.4949482,0.64686745
D:\uwiqa_dataset\SOTA\SOTA_Dataset\HP\299.bmp,sota,21.29088626,0.02184261370166997,test,0.01787189,0.34022084,0.067396805,0.59238243,0.7417995,0.29984337,0.49458075,0.5314244,0.61305094,0.5955699,0.48085365
D:\uwiqa_dataset\SOTA\SOTA_Dataset\HP\307.bmp,sota,23.0843494,0.05149229510941126,test,0.06962827,0.43649292,0.116493866,0.44701326,0.5386874,0.4096606,0.5123642,0.59992486,0.52128845,0.42146465,0.49637416
D:\uwiqa_dataset\SOTA\SOTA_Dataset\dive\46.bmp,sota,49.10677886,0.48169725764040655,test,0.47743133,0.49164146,0.14035219,0.36800632,0.4379967,0.70582813,0.47853056,0.45078647,0.56778973,0.59177196,0.47450897
D:\uwiqa_dataset\SOTA\SOTA_Dataset\twostep\384.bmp,sota,62.72786331,0.7068821557088658,test,0.7032622,0.50610876,0.10105597,0.3928353,0.48076835,0.4237086,0.5125797,0.59527165,0.52480733,0.42955524,0.53126943
D:\uwiqa_dataset\SOTA\SOTA_Dataset\fusion12\61.bmp,sota,57.05979083,0.6131771112728894,test,0.6479417,0.50264716,0.1588839,0.33846894,0.48994735,0.5729094,0.4981161,0.49614117,0.516673,0.58334905,0.401249
D:\uwiqa_dataset\SOTA\SOTA_Dataset\waternet\766.bmp,sota,46.5913716,0.44011233615173895,test,0.5047446,0.42596358,0.21990816,0.3541282,0.4227104,0.5303211,0.42898518,0.4824,0.6090509,0.49007523,0.59042084
D:\uwiqa_dataset\SOTA\SOTA_Dataset\ACPAB\659.bmp,sota,33.27513545,0.2199672154676598,test,0.38516918,0.4521528,0.20109364,0.34675357,0.5170289,0.8837759,0.54039437,0.35944074,0.59121954,0.6766727,0.42239642
D:\uwiqa_dataset\SOTA\SOTA_Dataset\ACPAB\423.bmp,sota,34.42597058,0.2389929173046858,test,0.17644222,0.5350653,0.15634377,0.30859095,0.5543336,0.45423302,0.515051,0.59064054,0.48950204,0.4223,0.44939506
D:\uwiqa_dataset\SOTA\SOTA_Dataset\fusion12\344.bmp,sota,52.40797749,0.5362729472434681,test,0.38314134,0.4610469,0.19495392,0.34399912,0.44876716,0.63863575,0.4668779,0.4515952,0.5312435,0.524428,0.5273673
D:\uwiqa_dataset\SOTA\SOTA_Dataset\fusion18\350.bmp,sota,57.07874758,0.6134905058364521,test,0.71723974,0.43148136,0.17869984,0.38981873,0.41913524,0.6895367,0.45321465,0.4903507,0.55537623,0.50208074,0.56663483
D:\uwiqa_dataset\SOTA\SOTA_Dataset\twostep\415.bmp,sota,51.11978245,0.5149763999795904,test,0.47098714,0.43658683,0.22303605,0.34037712,0.3904674,0.5159455,0.42322102,0.56051385,0.6360382,0.44457886,0.63852257
D:\uwiqa_dataset\SOTA\SOTA_Dataset\ACPAB\515.bmp,sota,38.08853158,0.29954267958550884,test,0.34632865,0.56097865,0.10329039,0.33573097,0.4872119,0.7092071,0.4615765,0.43471384,0.562207,0.54796296,0.4841355
D:\uwiqa_dataset\SOTA\SOTA_Dataset\twostep\295.bmp,sota,46.16867863,0.4331243409070795,test,0.41566402,0.27807966,0.24891761,0.4730028,0.37846446,0.70251346,0.443504,0.40405104,0.62890434,0.51821876,0.68655616
D:\uwiqa_dataset\SOTA\SOTA_Dataset\fusion18\173.bmp,sota,58.19336072,0.6319173827299924,test,0.64247966,0.5237576,0.21321978,0.2630227,0.4856307,0.568836,0.48366097,0.51745725,0.48829493,0.50582016,0.49936542
D:\uwiqa_dataset\SOTA\SOTA_Dataset\fusion18\166.bmp,sota,53.79479418,0.5591999158063338,test,0.72668546,0.44968045,0.15860896,0.39171055,0.5581513,0.63423395,0.44071063,0.5295467,0.483548,0.45960733,0.4785108
D:\uwiqa_dataset\SOTA\SOTA_Dataset\IBLA\582.bmp,sota,24.91416768,0.08174300270748383,test,0.10101794,0.4052222,0.09494532,0.4998325,0.54525626,0.44340655,0.47917038,0.52702296,0.54414606,0.5165353,0.427823
D:\uwiqa_dataset\SOTA\SOTA_Dataset\IBLA\212.bmp,sota,52.71817477,0.5414011544089344,test,0.58238864,0.55836236,0.15110853,0.2905291,0.49598897,0.4294981,0.5039941,0.55390817,0.56346035,0.44192564,0.53318554
D:\uwiqa_dataset\SOTA\SOTA_Dataset\waternet\175.bmp,sota,41.56627122,0.3570369598109016,test,0.2957456,0.5104506,0.19202998,0.29751942,0.40661094,0.464099,0.4396312,0.5516525,0.6202275,0.47091702,0.6049741
D:\uwiqa_dataset\SOTA\SOTA_Dataset\dive\243.bmp,sota,70.72079548,0.8390219733993408,test,0.7513449,0.3578202,0.2548744,0.38730538,0.5171547,0.3889864,0.5397038,0.5992434,0.5295742,0.3900874,0.5571616
D:\uwiqa_dataset\SOTA\SOTA_Dataset\fusion18\427.bmp,sota,69.15712353,0.8131712190070751,test,0.7593949,0.43623233,0.14590617,0.41786155,0.5157393,0.66364604,0.40579662,0.4322905,0.5096225,0.4819826,0.41917738
D:\uwiqa_dataset\SOTA\SOTA_Dataset\funiegan\3.bmp,sota,38.57782939,0.30763179157027226,test,0.5692425,0.48379046,0.09215499,0.42405462,0.47456414,0.5855217,0.45056972,0.49799302,0.5425343,0.49329942,0.558343
D:\uwiqa_dataset\SOTA\SOTA_Dataset\IBLA\335.bmp,sota,46.14731462,0.4327711493215018,test,0.423077,0.31614405,0.1574404,0.5264155,0.44777825,0.60878515,0.4538555,0.4717799,0.59395754,0.5719211,0.4722491
D:\uwiqa_dataset\SOTA\SOTA_Dataset\fusion12\82.bmp,sota,41.90636493,0.36265941723719525,test,0.3078549,0.40769815,0.20726119,0.3850407,0.48785022,0.59500957,0.43823552,0.3976227,0.55609816,0.4699475,0.47688714
D:\uwiqa_dataset\SOTA\SOTA_Dataset\twostep\623.bmp,sota,45.21301297,0.4173251969384341,test,0.24316894,0.61158466,0.13258247,0.25583288,0.4450869,0.6014648,0.49700716,0.5066597,0.4795064,0.502845,0.3456682
D:\uwiqa_dataset\SOTA\SOTA_Dataset\fusion12\359.bmp,sota,44.47560562,0.40513431745639095,test,0.35673112,0.3696427,0.29169878,0.33865854,0.4556809,0.50517845,0.46129358,0.5151274,0.5258878,0.44572,0.546226
D:\uwiqa_dataset\SOTA\SOTA_Dataset\waternet\361.bmp,sota,50.59452347,0.5062927749492174,test,0.4683326,0.48363465,0.25902608,0.25733927,0.32987228,0.5099953,0.6069617,0.49984747,0.51506484,0.5780818,0.39315453
D:\uwiqa_dataset\SOTA\SOTA_Dataset\waternet\740.bmp,sota,56.68180914,0.6069282866182273,test,0.6438586,0.47736716,0.23430447,0.28832835,0.49725085,0.43549806,0.4605359,0.53968996,0.5351015,0.50791556,0.5350974
D:\uwiqa_dataset\SOTA\SOTA_Dataset\twostep\431.bmp,sota,58.85509578,0.6428572416363386,test,0.63323116,0.64507073,0.09522174,0.2597076,0.53141284,0.4270209,0.48724502,0.58677,0.49136898,0.41403878,0.48429748
D:\uwiqa_dataset\SOTA\SOTA_Dataset\fusion18\255.bmp,sota,58.08954785,0.6302011397513254,test,0.6726731,0.46341026,0.18610695,0.35048276,0.4898515,0.4432593,0.530746,0.5907647,0.49597302,0.44853273,0.48708817
D:\uwiqa_dataset\SOTA\SOTA_Dataset\fusion12\475.bmp,sota,48.43274462,0.47055406767001834,test,0.421637,0.413236,0.20461531,0.38214868,0.5146123,0.47191978,0.46030098,0.5557698,0.48356605,0.40842658,0.5004745
D:\uwiqa_dataset\SOTA\SOTA_Dataset\fusion18\566.bmp,sota,71.3454482,0.8493487839846305,test,0.7745278,0.37003323,0.15067539,0.4792913,0.5236078,0.4549448,0.47123718,0.41918772,0.51953673,0.36336118,0.47638857
D:\uwiqa_dataset\SOTA\SOTA_Dataset\fusion12\643.bmp,sota,55.3286977,0.5845585360443905,test,0.6081555,0.6099298,0.02882798,0.36124215,0.5525824,0.44278434,0.57068676,0.6165417,0.519983,0.44151506,0.3726595
D:\uwiqa_dataset\SOTA\SOTA_Dataset\waternet\85.bmp,sota,46.88226062,0.44492133756116287,test,0.38306043,0.4038772,0.23261715,0.3635056,0.4116844,0.5616971,0.45905903,0.5312308,0.5577975,0.4456204,0.62089807
D:\uwiqa_dataset\SOTA\SOTA_Dataset\fusion12\552.bmp,sota,63.49488886,0.7195626857302957,test,0.7012607,0.5250302,0.087523855,0.387446,0.5340559,0.43768057,0.49193734,0.5919233,0.48297137,0.40295425,0.44309744
D:\uwiqa_dataset\SOTA\SOTA_Dataset\waternet\358.bmp,sota,62.0407296,0.6955224042137672,test,0.67092156,0.40789393,0.33492437,0.25718176,0.37823966,0.52095926,0.4850627,0.5363659,0.5596316,0.47861332,0.5681158
D:\uwiqa_dataset\SOTA\SOTA_Dataset\twostep\165.bmp,sota,49.06130256,0.4809454396763068,test,0.40208948,0.2831784,0.32830054,0.3885211,0.49650502,0.6409421,0.4673427,0.41237068,0.553559,0.525435,0.5678959
D:\uwiqa_dataset\SOTA\SOTA_Dataset\IBLA\36.bmp,sota,56.83603087,0.6094778930520963,test,0.6685085,0.60208726,0.14206506,0.25584763,0.58352846,0.60067654,0.45088756,0.44659314,0.46766385,0.4831075,0.40455875
D:\uwiqa_dataset\SOTA\SOTA_Dataset\dive\212.bmp,sota,61.5003029,0.6865880251781117,test,0.7240661,0.5202981,0.089144856,0.39055705,0.50401306,0.36930978,0.5190793,0.60547626,0.5964603,0.47565556,0.55363643
D:\uwiqa_dataset\SOTA\SOTA_Dataset\IBLA\534.bmp,sota,42.88347766,0.3788131259462285,test,0.42591125,0.36871392,0.19398502,0.43730107,0.46135005,0.57940876,0.441731,0.4318726,0.57532644,0.49848244,0.46241656
D:\uwiqa_dataset\SOTA\SOTA_Dataset\waternet\778.bmp,sota,51.58755967,0.522709731785227,test,0.5717242,0.3367688,0.27226797,0.3909632,0.3903133,0.74637616,0.4392573,0.40826452,0.62543076,0.5926766,0.6295437
D:\uwiqa_dataset\SOTA\SOTA_Dataset\waternet\269.bmp,sota,53.0988149,0.5476939286142082,test,0.50794744,0.53726166,0.15575287,0.30698547,0.36774608,0.6507577,0.43791863,0.45456657,0.6169432,0.51061344,0.6474321
D:\uwiqa_dataset\SOTA\SOTA_Dataset\ACPAB\346.bmp,sota,53.48083055,0.5540094430302286,test,0.41036418,0.6959181,0.026005536,0.27807638,0.5934128,0.50481683,0.5106666,0.5677702,0.49572876,0.42367306,0.38537642
D:\uwiqa_dataset\SOTA\SOTA_Dataset\waternet\328.bmp,sota,54.70271495,0.5742097372928079,test,0.50125843,0.2414335,0.2407541,0.51781243,0.39422882,0.5876328,0.43676046,0.480771,0.6071444,0.48267978,0.64331573
D:\uwiqa_dataset\SOTA\SOTA_Dataset\waternet\248.bmp,sota,51.07834174,0.5142912987241441,test,0.4700201,0.39247957,0.15871136,0.44880903,0.352859,0.74890524,0.44489,0.3996404,0.63482785,0.54833376,0.6821748
D:\uwiqa_dataset\SOTA\SOTA_Dataset\HP\721.bmp,sota,22.18493351,0.03662307700462206,test,0.048015155,0.5535242,0.06441871,0.3820571,0.5178729,0.4614087,0.5430827,0.563988,0.49154726,0.4672882,0.48461565
D:\uwiqa_dataset\SOTA\SOTA_Dataset\fusion12\503.bmp,sota,30.93340688,0.18125356448963878,test,0.16952735,0.48389623,0.1533546,0.36274925,0.30297908,0.8864325,0.4130299,0.30940884,0.7059965,0.65300906,0.6840106
D:\uwiqa_dataset\SOTA\SOTA_Dataset\HP\515.bmp,sota,36.00936216,0.2651696782559592,test,0.2039294,0.4357872,0.06645328,0.49775952,0.54808533,0.46747255,0.4871344,0.51048213,0.47744524,0.44382647,0.42528668
D:\uwiqa_dataset\SOTA\SOTA_Dataset\HP\26.bmp,sota,40.14576642,0.33355305661890894,test,0.67485213,0.598085,0.056354407,0.34556064,0.5456859,0.42764905,0.47391135,0.563029,0.47437117,0.39759898,0.46207094
D:\uwiqa_dataset\SOTA\SOTA_Dataset\fusion18\515.bmp,sota,60.09796985,0.663404538864562,test,0.66850257,0.4189907,0.22124986,0.35975942,0.48966387,0.63042414,0.41902897,0.44376928,0.52870107,0.5017966,0.4953709
D:\uwiqa_dataset\SOTA\SOTA_Dataset\HP\62.bmp,sota,40.73094872,0.34322733894647844,test,0.14898515,0.53277045,0.030054286,0.43717533,0.5536469,0.45427936,0.50386107,0.5488376,0.4945579,0.45201996,0.4283165
D:\uwiqa_dataset\SOTA\SOTA_Dataset\ACPAB\642.bmp,sota,45.51769612,0.42236224404931416,test,0.47737575,0.5009817,0.18905209,0.3099662,0.5146425,0.36045724,0.61707175,0.62691987,0.5648865,0.43615773,0.55000377
D:\uwiqa_dataset\SOTA\SOTA_Dataset\fusion12\425.bmp,sota,49.40550841,0.48663587934220415,test,0.6308985,0.446375,0.13854598,0.41507906,0.5177396,0.41991675,0.5412943,0.5978108,0.5338969,0.41394612,0.5126048
D:\uwiqa_dataset\SOTA\SOTA_Dataset\funiegan\487.bmp,sota,50.52598567,0.5051597023540442,test,0.4100073,0.43805358,0.25347313,0.30847332,0.43301642,0.67134076,0.46338323,0.44851494,0.5699454,0.53417915,0.60418034
D:\uwiqa_dataset\SOTA\SOTA_Dataset\HP\114.bmp,sota,37.74257268,0.29382325835158674,test,0.2545794,0.6086537,0.043902606,0.3474437,0.549491,0.47180733,0.53254795,0.55367464,0.518687,0.49362105,0.4258672
D:\uwiqa_dataset\SOTA\SOTA_Dataset\waternet\504.bmp,sota,65.48319339,0.7524335011606417,test,0.7523967,0.40374407,0.15644763,0.43980834,0.4702102,0.34024924,0.546928,0.59186286,0.65680975,0.46206468,0.58090883
D:\uwiqa_dataset\SOTA\SOTA_Dataset\IBLA\44.bmp,sota,48.79547963,0.47655083294612766,test,0.37220418,0.4498242,0.1798696,0.37030625,0.5040934,0.4470855,0.46424323,0.5833198,0.47611904,0.38674673,0.46788576
D:\uwiqa_dataset\SOTA\SOTA_Dataset\waternet\637.bmp,sota,54.99457413,0.5790347774678316,test,0.5966035,0.37590972,0.32327455,0.30081573,0.44234988,0.59794873,0.4633714,0.48950556,0.55752176,0.56431043,0.51288044
D:\uwiqa_dataset\SOTA\SOTA_Dataset\IBLA\770.bmp,sota,48.74649116,0.47574095149623463,test,0.41387266,0.45279178,0.28245673,0.26475146,0.46396554,0.3832813,0.43950763,0.6142707,0.65358967,0.4274896,0.57538193
D:\uwiqa_dataset\SOTA\SOTA_Dataset\funiegan\448.bmp,sota,40.00977944,0.3313049085847091,test,0.40200543,0.36739346,0.20294417,0.42966244,0.34270117,0.8245024,0.44582105,0.33735004,0.65258694,0.5693787,0.7312477
D:\uwiqa_dataset\SOTA\SOTA_Dataset\ACPAB\28.bmp,sota,69.95406956,0.8263463968859268,test,0.58253205,0.3933401,0.19643687,0.41022298,0.56126356,0.57768244,0.47133505,0.5207182,0.5136986,0.49050495,0.40930519
D:\uwiqa_dataset\SOTA\SOTA_Dataset\fusion12\348.bmp,sota,50.14189474,0.4988098792369083,test,0.44911516,0.48375624,0.21184492,0.30439886,0.40304834,0.69880563,0.4551515,0.45409235,0.59872144,0.61137325,0.55398697
D:\uwiqa_dataset\SOTA\SOTA_Dataset\IBLA\186.bmp,sota,49.23786971,0.48386446244728654,test,0.46619,0.58603114,0.108192824,0.30577606,0.52148104,0.33757463,0.5513393,0.64432114,0.5913878,0.42390588,0.55121875
D:\uwiqa_dataset\SOTA\SOTA_Dataset\HP\415.bmp,sota,30.05575785,0.16674419792004583,test,0.14122538,0.50440395,0.114370756,0.3812253,0.537344,0.44180936,0.52114356,0.5770698,0.50174445,0.43999007,0.46364477
D:\uwiqa_dataset\SOTA\SOTA_Dataset\twostep\504.bmp,sota,55.8849317,0.5937542426749454,test,0.57441735,0.465707,0.1298521,0.4044409,0.3881228,0.4989883,0.4351596,0.5644989,0.64385283,0.43689054,0.64608324
D:\uwiqa_dataset\SOTA\SOTA_Dataset\HP\373.bmp,sota,21.29088626,0.02184261370166997,test,-0.014522438,0.23270796,0.039903812,0.7273882,0.5506065,0.44769987,0.4882614,0.5370619,0.49110696,0.45947704,0.47746113
D:\uwiqa_dataset\SOTA\SOTA_Dataset\waternet\635.bmp,sota,57.32624024,0.6175820750223983,test,0.5925597,0.3713638,0.25322488,0.37541136,0.4876688,0.48986128,0.45774683,0.52716327,0.52351934,0.48016697,0.5433062
D:\uwiqa_dataset\SOTA\SOTA_Dataset\ACPAB\372.bmp,sota,61.57956628,0.6878984139515887,test,0.51748514,0.7204616,0.04001723,0.23952119,0.48768452,0.4665148,0.45414206,0.5516334,0.5061612,0.4424965,0.5215498
D:\uwiqa_dataset\SOTA\SOTA_Dataset\ACPAB\157.bmp,sota,43.53382503,0.3895647226168256,test,0.33840308,0.6159197,0.11710844,0.26697192,0.53738344,0.805047,0.4928027,0.39438614,0.5703127,0.6132743,0.4824454
D:\uwiqa_dataset\SOTA\SOTA_Dataset\IBLA\556.bmp,sota,34.3001283,0.23691248229244252,test,0.23373568,0.5366057,0.07536681,0.38802752,0.5483603,0.55600625,0.51357025,0.53050506,0.4757535,0.50574535,0.37723067
D:\uwiqa_dataset\SOTA\SOTA_Dataset\funiegan\192.bmp,sota,53.78206371,0.558989454620234,test,0.71101,0.39086086,0.22916387,0.3799753,0.54404825,0.37074095,0.5332981,0.5876027,0.58882517,0.49588388,0.5566758
D:\uwiqa_dataset\SOTA\SOTA_Dataset\ACPAB\354.bmp,sota,74.39488766,0.899762370104496,test,0.7202122,0.4580969,0.16683856,0.3750645,0.4584663,0.46093148,0.46479484,0.56201977,0.5952248,0.4845008,0.56868535
D:\uwiqa_dataset\SOTA\SOTA_Dataset\fusion18\382.bmp,sota,53.89961106,0.5609327571616088,test,0.6582117,0.43758172,0.111751124,0.45066717,0.50357664,0.40785745,0.53553855,0.6064696,0.5538182,0.44457605,0.5237879
D:\uwiqa_dataset\SOTA\SOTA_Dataset\funiegan\525.bmp,sota,54.6105465,0.572686000831547,test,0.56282496,0.34027115,0.22714545,0.4325834,0.42197868,0.5943074,0.43543538,0.4847199,0.5858636,0.49316695,0.6328495
D:\uwiqa_dataset\SOTA\SOTA_Dataset\HP\123.bmp,sota,59.31209251,0.6504123494869964,test,0.7217791,0.511122,0.0390941,0.4497839,0.54578453,0.4253562,0.4960863,0.5822521,0.48989674,0.40726483,0.45355037
D:\uwiqa_dataset\SOTA\SOTA_Dataset\twostep\116.bmp,sota,39.62371529,0.3249224640308442,test,0.4349176,0.4901459,0.16571473,0.34413934,0.5070129,0.573321,0.46967632,0.41868195,0.53706324,0.5003791,0.53527844
D:\uwiqa_dataset\SOTA\SOTA_Dataset\funiegan\268.bmp,sota,67.76601512,0.7901732993731485,test,0.8179996,0.46060216,0.15692425,0.38247362,0.52975696,0.3768595,0.5437189,0.6084349,0.5640877,0.44428512,0.56118155
D:\uwiqa_dataset\SOTA\SOTA_Dataset\ACPAB\333.bmp,sota,65.03527919,0.7450285464493877,test,0.6587014,0.5668581,0.08003815,0.35310376,0.46129408,0.4692641,0.43924463,0.54017884,0.532341,0.4421008,0.55246866
D:\uwiqa_dataset\SOTA\SOTA_Dataset\waternet\289.bmp,sota,58.12736028,0.6308262579808264,test,0.74248636,0.47027698,0.1277867,0.4019363,0.4631855,0.46409628,0.4377909,0.51577896,0.6138131,0.49185264,0.60053074
D:\uwiqa_dataset\SOTA\SOTA_Dataset\funiegan\496.bmp,sota,62.5207588,0.7034582867691305,test,0.65036017,0.512914,0.12263047,0.36445555,0.4532053,0.44121206,0.44428316,0.5759233,0.584185,0.45782056,0.57331353
D:\uwiqa_dataset\SOTA\SOTA_Dataset\funiegan\245.bmp,sota,48.72700347,0.47541877938854765,test,0.42357203,0.34493956,0.28125992,0.3738005,0.37369305,0.68941957,0.39730987,0.35550982,0.6666429,0.52929604,0.6174559
D:\uwiqa_dataset\SOTA\SOTA_Dataset\funiegan\5.bmp,sota,52.19852673,0.5328102899040988,test,0.6845561,0.59485257,0.04732673,0.35782075,0.49451223,0.4335632,0.48703188,0.58027816,0.5368803,0.45331898,0.5092849
D:\uwiqa_dataset\SOTA\SOTA_Dataset\funiegan\97.bmp,sota,60.84013222,0.6756740287316992,test,0.7143214,0.47145462,0.13687775,0.39166763,0.5325766,0.4731368,0.5077285,0.5485227,0.49378762,0.45194125,0.35964113
D:\uwiqa_dataset\SOTA\SOTA_Dataset\fusion12\120.bmp,sota,53.20559292,0.5494591916986503,test,0.5082794,0.6539402,0.07447829,0.27158153,0.5049682,0.621612,0.459666,0.41114107,0.47345397,0.48460087,0.37140962
D:\uwiqa_dataset\SOTA\SOTA_Dataset\dive\43.bmp,sota,62.02703742,0.6952960439581686,test,0.7221527,0.52058285,0.1336749,0.34574226,0.4572513,0.50572324,0.45468992,0.557197,0.55712867,0.46125117,0.5401114
D:\uwiqa_dataset\SOTA\SOTA_Dataset\fusion18\729.bmp,sota,64.21663083,0.7314945838506527,test,0.70641035,0.4919666,0.17439038,0.3336431,0.49464935,0.5651767,0.46158913,0.50796735,0.50885814,0.5089436,0.44356325
D:\uwiqa_dataset\SOTA\SOTA_Dataset\dive\645.bmp,sota,65.00353441,0.7445037391130301,test,0.7070603,0.3910994,0.28128257,0.327618,0.51366943,0.48157242,0.47099534,0.55064315,0.506587,0.46978343,0.5039778
D:\uwiqa_dataset\SOTA\SOTA_Dataset\HP\683.bmp,sota,41.43059732,0.3547939876412334,test,0.2041525,0.6638769,0.046304826,0.28981823,0.54237455,0.45304683,0.49989644,0.5644693,0.50150806,0.45146978,0.46328628
D:\uwiqa_dataset\SOTA\SOTA_Dataset\twostep\60.bmp,sota,49.17107264,0.48276016774487596,test,0.5536508,0.45054922,0.20271787,0.34673294,0.45340917,0.5412489,0.44281512,0.50414705,0.56744736,0.5399472,0.562811
D:\uwiqa_dataset\SOTA\SOTA_Dataset\IBLA\599.bmp,sota,48.05200887,0.46425971266697247,test,0.52932405,0.322926,0.35472116,0.32235283,0.4813489,0.58002853,0.46239555,0.47261223,0.5526152,0.5779805,0.45333722
D:\uwiqa_dataset\SOTA\SOTA_Dataset\waternet\514.bmp,sota,54.12073998,0.5645884788108633,test,0.631577,0.57792705,0.107445806,0.31462714,0.5417551,0.5879254,0.4665645,0.49268484,0.5118423,0.51791155,0.46488565
D:\uwiqa_dataset\SOTA\SOTA_Dataset\fusion12\433.bmp,sota,52.87778171,0.5440397895812551,test,0.7769664,0.5917969,0.061794687,0.34640843,0.5089635,0.40097243,0.5296373,0.61667943,0.53633523,0.4144159,0.52121764
D:\uwiqa_dataset\SOTA\SOTA_Dataset\dive\420.bmp,sota,42.24441269,0.3682480508483663,test,0.4891755,0.50521004,0.15118247,0.34360746,0.49719015,0.53735334,0.44469664,0.45087284,0.5553909,0.53686476,0.5039729
D:\uwiqa_dataset\SOTA\SOTA_Dataset\fusion18\757.bmp,sota,57.46374891,0.6198553797619104,test,0.7208648,0.6227789,0.084630966,0.29259014,0.49387413,0.5956356,0.4199628,0.53186184,0.49894568,0.42619848,0.5135489
D:\uwiqa_dataset\SOTA\SOTA_Dataset\waternet\649.bmp,sota,65.02302615,0.7448259781756533,test,0.7419667,0.36715508,0.33139768,0.30144718,0.48292097,0.44174647,0.4920023,0.56764627,0.5096101,0.4311087,0.5497818
D:\uwiqa_dataset\SOTA\SOTA_Dataset\fusion18\35.bmp,sota,67.73697391,0.7896931876803064,test,0.7659215,0.40293226,0.19904119,0.3980265,0.50367343,0.45064756,0.47734526,0.5518622,0.5093568,0.43033782,0.509404
D:\uwiqa_dataset\SOTA\SOTA_Dataset\ACPAB\37.bmp,sota,54.9536264,0.5783578261986406,test,0.65068877,0.5353552,0.12492593,0.33971888,0.5028259,0.43420455,0.5130966,0.5818486,0.53499246,0.46417102,0.5085596
D:\uwiqa_dataset\SOTA\SOTA_Dataset\twostep\416.bmp,sota,48.31432809,0.4685963957727803,test,0.37600687,0.35700458,0.16253014,0.48046535,0.4634291,0.5760284,0.46494013,0.46693194,0.5414949,0.5062296,0.55265325
D:\uwiqa_dataset\SOTA\SOTA_Dataset\fusion12\519.bmp,sota,54.77597082,0.57542080941261,test,0.62847567,0.41319236,0.07731065,0.509497,0.5154145,0.4539659,0.4850103,0.5187915,0.5712046,0.47418544,0.48992136
D:\uwiqa_dataset\SOTA\SOTA_Dataset\IBLA\128.bmp,sota,61.07077416,0.679487020416749,test,0.6162611,0.6421338,0.041171435,0.31669483,0.5623312,0.46487933,0.475552,0.5745361,0.47478732,0.39008138,0.39772326
D:\uwiqa_dataset\SOTA\SOTA_Dataset\HP\182.bmp,sota,29.3159837,0.15451419030406405,test,0.19342317,0.6876859,0.10526138,0.20705271,0.5229153,0.45256063,0.5595994,0.5716715,0.5141163,0.46565607,0.46150163
D:\uwiqa_dataset\SOTA\SOTA_Dataset\dive\610.bmp,sota,57.49725076,0.6204092351252664,test,0.6690907,0.51546085,0.16266066,0.32187855,0.5663204,0.58752054,0.45142642,0.45570463,0.48961288,0.5322985,0.43045673
D:\uwiqa_dataset\SOTA\SOTA_Dataset\twostep\471.bmp,sota,52.31068448,0.5346644911311779,test,0.50802827,0.42308146,0.22494803,0.3519705,0.3541241,0.53566074,0.4200525,0.5616184,0.66193396,0.4151486,0.6787128
D:\uwiqa_dataset\SOTA\SOTA_Dataset\twostep\634.bmp,sota,33.90460243,0.23037361579863785,test,0.22910848,0.37810212,0.07068449,0.5512134,0.47393426,0.5653974,0.50740606,0.5337341,0.47449195,0.49239588,0.35037205
D:\uwiqa_dataset\SOTA\SOTA_Dataset\ACPAB\412.bmp,sota,44.46001663,0.40487659898052164,test,0.4297263,0.6527089,0.11996921,0.22732192,0.4277884,0.619894,0.44399917,0.4966107,0.5856224,0.4998894,0.59246826
D:\uwiqa_dataset\SOTA\SOTA_Dataset\twostep\254.bmp,sota,48.80557774,0.47671777573833923,test,0.4985749,0.1204961,0.38727456,0.49222934,0.49333924,0.5624539,0.45970833,0.44848037,0.5352347,0.45266467,0.56822187
D:\uwiqa_dataset\SOTA\SOTA_Dataset\waternet\327.bmp,sota,51.88042621,0.5275514257193369,test,0.50189584,0.32293984,0.28387463,0.3931856,0.28899795,0.8798504,0.43528754,0.34576988,0.678693,0.6464163,0.6953271
D:\uwiqa_dataset\SOTA\SOTA_Dataset\HP\401.bmp,sota,29.4899989,0.15739102402594604,test,0.14025597,0.39471492,0.066186614,0.53909844,0.5438535,0.46757677,0.5066377,0.534707,0.4959271,0.4839431,0.43731794
D:\uwiqa_dataset\SOTA\SOTA_Dataset\HP\84.bmp,sota,45.2335184,0.41766419440822805,test,0.47209474,0.51496035,0.07271047,0.41232917,0.5501826,0.46282822,0.5145445,0.5525289,0.5073135,0.47203928,0.43072385
D:\uwiqa_dataset\SOTA\SOTA_Dataset\twostep\247.bmp,sota,43.54603122,0.38976651636247367,test,0.46971148,0.26168576,0.3356879,0.40262634,0.54719895,0.5622534,0.49567094,0.40034837,0.5552669,0.4273454,0.6073568
D:\uwiqa_dataset\SOTA\SOTA_Dataset\twostep\636.bmp,sota,65.58846218,0.754173813529525,test,0.67696613,0.41171554,0.11594959,0.4723349,0.5381955,0.44690886,0.48561332,0.5453821,0.49324125,0.45923817,0.45681813
D:\uwiqa_dataset\SOTA\SOTA_Dataset\HP\700.bmp,sota,37.31373293,0.28673364403005935,test,0.10581599,0.57428646,0.06905124,0.35666236,0.5284915,0.4627587,0.48273346,0.55199414,0.49445912,0.47085175,0.5035324
D:\uwiqa_dataset\SOTA\SOTA_Dataset\fusion18\189.bmp,sota,60.00021564,0.6617884581556126,test,0.6643625,0.37398344,0.283988,0.3420286,0.45835385,0.41128477,0.46880525,0.60714984,0.5450155,0.39857376,0.5473556
D:\uwiqa_dataset\SOTA\SOTA_Dataset\waternet\796.bmp,sota,51.16846428,0.5157812120315659,test,0.48390865,0.2405752,0.46025887,0.29916596,0.41872463,0.51175773,0.50155056,0.5304907,0.5128002,0.5110156,0.49794427
D:\uwiqa_dataset\SOTA\SOTA_Dataset\HP\643.bmp,sota,29.11599656,0.15120798631559212,test,0.34177133,0.6541864,0.07961098,0.26620257,0.5270986,0.43117714,0.53610355,0.59429127,0.51189315,0.4246086,0.47743222
D:\uwiqa_dataset\SOTA\SOTA_Dataset\fusion12\410.bmp,sota,41.80638608,0.3610065585952204,test,0.2477471,0.4857178,0.21913467,0.2951475,0.35733077,0.80984837,0.4208849,0.34367138,0.6591618,0.60629517,0.61292297
D:\uwiqa_dataset\SOTA\SOTA_Dataset\HP\6.bmp,sota,21.24533476,0.02108955252493188,test,-0.019504603,0.14970626,0.038637016,0.8116568,0.5492404,0.46506968,0.49829045,0.52648336,0.49240357,0.4812738,0.44264624
D:\uwiqa_dataset\SOTA\SOTA_Dataset\HP\787.bmp,sota,21.36415675,0.023053927520524955,test,0.013429823,0.3031139,0.10343145,0.5934546,0.5376715,0.47283542,0.46463874,0.50682473,0.49146906,0.51520944,0.5066549
D:\uwiqa_dataset\SOTA\SOTA_Dataset\fusion18\28.bmp,sota,64.62931776,0.7383171584119782,test,0.74968493,0.36811495,0.22173005,0.410155,0.49907735,0.5241439,0.45844287,0.55297446,0.5028256,0.45218483,0.4968598
D:\uwiqa_dataset\SOTA\SOTA_Dataset\twostep\85.bmp,sota,47.77960928,0.4597563800481045,test,0.37241572,0.29523087,0.25113168,0.45363748,0.38151422,0.6613506,0.4515067,0.4351377,0.6135703,0.4850293,0.6803024
D:\uwiqa_dataset\SOTA\SOTA_Dataset\twostep\434.bmp,sota,46.65227696,0.4411192286156809,test,0.44635108,0.50037414,0.21332312,0.28630272,0.4851808,0.47122532,0.49664205,0.58097893,0.5053976,0.46934554,0.46533462
D:\uwiqa_dataset\SOTA\SOTA_Dataset\waternet\577.bmp,sota,51.38397326,0.5193440243665365,test,0.47897398,0.25218335,0.21440607,0.53341055,0.37140962,0.6336623,0.44133908,0.49652323,0.60211706,0.48002073,0.6530353
D:\uwiqa_dataset\SOTA\SOTA_Dataset\fusion12\70.bmp,sota,63.13892303,0.7136778290994857,test,0.7063657,0.48818797,0.18800177,0.3238102,0.49746147,0.47656372,0.45395645,0.55812174,0.47489834,0.41381395,0.4785608
D:\uwiqa_dataset\SOTA\SOTA_Dataset\fusion12\610.bmp,sota,52.91437175,0.5446446991578727,test,0.6566802,0.7017985,0.061168052,0.23703344,0.5845714,0.59824556,0.46054652,0.45682877,0.4533958,0.4919588,0.3698004
D:\uwiqa_dataset\SOTA\SOTA_Dataset\ACPAB\312.bmp,sota,32.77554577,0.21170795743429122,test,0.18067914,0.64547616,0.09368527,0.2608386,0.5295534,0.5371408,0.49085385,0.54393387,0.50709534,0.46584693,0.45858544
D:\uwiqa_dataset\SOTA\SOTA_Dataset\fusion18\108.bmp,sota,60.15855093,0.664406070304643,test,0.8199142,0.34019655,0.14963321,0.5101703,0.5170463,0.44098598,0.42899072,0.5341276,0.44464922,0.33579215,0.4319463
D:\uwiqa_dataset\SOTA\SOTA_Dataset\waternet\528.bmp,sota,49.99562651,0.4963917607248244,test,0.47707137,0.43136004,0.21380478,0.3548352,0.2792466,0.8643585,0.4256074,0.3803337,0.6504696,0.64564466,0.6509157
D:\uwiqa_dataset\SOTA\SOTA_Dataset\fusion18\675.bmp,sota,75.63316462,0.9202336675288448,test,0.7529792,0.47009835,0.12091456,0.40898702,0.5248659,0.33626825,0.5690914,0.6576801,0.6201133,0.42171514,0.5544134
D:\uwiqa_dataset\SOTA\SOTA_Dataset\IBLA\692.bmp,sota,44.24005504,0.4012401757276634,test,0.41957384,0.38178626,0.1817937,0.43642005,0.47347993,0.4965498,0.4748377,0.5345978,0.5024694,0.47052932,0.4926462
D:\uwiqa_dataset\SOTA\SOTA_Dataset\fusion12\570.bmp,sota,51.44034963,0.5202760431920949,test,0.43137318,0.47651473,0.21751246,0.3059728,0.5511272,0.5350075,0.49837962,0.52848,0.48611948,0.45565093,0.45432186
D:\uwiqa_dataset\SOTA\SOTA_Dataset\fusion18\438.bmp,sota,68.73952704,0.8062674791925556,test,0.8603158,0.50079364,0.07951057,0.4196958,0.51149255,0.36935994,0.5607864,0.6314515,0.5694732,0.41936952,0.5492797
D:\uwiqa_dataset\SOTA\SOTA_Dataset\HP\663.bmp,sota,71.07956068,0.8449531094472131,test,0.7959867,0.63869065,0.030743958,0.33056545,0.56152225,0.43357325,0.4846266,0.5519144,0.47178748,0.4010309,0.41313007
D:\uwiqa_dataset\SOTA\SOTA_Dataset\dive\563.bmp,sota,49.71977964,0.4918314373870262,test,0.6152095,0.35616866,0.17126802,0.47256336,0.4906868,0.48757228,0.45260367,0.539186,0.50262,0.44017646,0.51766914
D:\uwiqa_dataset\SOTA\SOTA_Dataset\fusion12\408.bmp,sota,19.96966051,0.0,test,0.007776915,0.31742713,0.08734371,0.59522915,0.5046466,0.55326986,0.4511157,0.47104973,0.52477884,0.5546737,0.48008808
D:\uwiqa_dataset\SOTA\SOTA_Dataset\fusion18\575.bmp,sota,55.63155386,0.5895653792050323,test,0.674661,0.44000378,0.19106731,0.36892888,0.4834585,0.5716142,0.45331025,0.5215557,0.508252,0.46381643,0.50142735
D:\uwiqa_dataset\SOTA\SOTA_Dataset\fusion18\472.bmp,sota,43.83768493,0.3945881596904128,test,0.3371647,0.5243999,0.21370281,0.26189733,0.4746115,0.42198324,0.50812656,0.582992,0.5517582,0.4331006,0.52950466
D:\uwiqa_dataset\SOTA\SOTA_Dataset\HP\153.bmp,sota,60.87624744,0.6762710885446879,test,0.52858734,0.590859,0.06777257,0.34136844,0.554426,0.43029103,0.48958167,0.56675714,0.4807719,0.4065593,0.4358856
D:\uwiqa_dataset\SOTA\SOTA_Dataset\waternet\558.bmp,sota,46.19775027,0.4336049556712059,test,0.4373196,0.28138798,0.25849077,0.4601212,0.5128898,0.5361175,0.48250687,0.5125224,0.5056275,0.455214,0.5290783
D:\uwiqa_dataset\SOTA\SOTA_Dataset\HP\494.bmp,sota,21.71617034,0.02887344539179569,test,0.04039709,0.39235532,0.06957809,0.53806657,0.53851974,0.4642764,0.50248003,0.5393107,0.5019553,0.4934813,0.45584264
D:\uwiqa_dataset\SOTA\SOTA_Dataset\ACPAB\543.bmp,sota,54.65566673,0.5734319322168688,test,0.757305,0.48842144,0.13241522,0.37916332,0.54364514,0.5289365,0.48506123,0.53302574,0.5112416,0.48576817,0.42142928
D:\uwiqa_dataset\SOTA\SOTA_Dataset\twostep\569.bmp,sota,60.38677229,0.6681790447603331,test,0.47754878,0.5341023,0.12905015,0.33684757,0.5387336,0.46636412,0.5203593,0.57248944,0.5151484,0.48412433,0.4668968
D:\uwiqa_dataset\SOTA\SOTA_Dataset\dive\78.bmp,sota,64.93676575,0.7433999140870965,test,0.70726335,0.35473067,0.07804756,0.56722176,0.52434367,0.42809844,0.5571968,0.60911006,0.5415211,0.47678757,0.45714656
D:\uwiqa_dataset\SOTA\SOTA_Dataset\IBLA\233.bmp,sota,42.21341391,0.36773557644589344,test,0.30354285,0.40833238,0.21261679,0.37905085,0.37230375,0.78821605,0.39297768,0.35822263,0.71862066,0.63200474,0.6322063
D:\uwiqa_dataset\SOTA\SOTA_Dataset\dive\643.bmp,sota,53.24869635,0.5501717811790681,test,0.37920815,0.53434163,0.10735315,0.35830522,0.4544076,0.39430633,0.62175965,0.60036963,0.4995866,0.42791247,0.49799126
D:\uwiqa_dataset\SOTA\SOTA_Dataset\ACPAB\26.bmp,sota,31.91889955,0.19754581106191252,test,0.20603979,0.5179857,0.14582711,0.33618718,0.4299964,0.72276306,0.4440282,0.43949977,0.59329814,0.5354,0.5712052
D:\uwiqa_dataset\SOTA\SOTA_Dataset\fusion18\8.bmp,sota,70.42384263,0.8341127242493298,test,0.7391222,0.691575,0.07992137,0.2285036,0.5065015,0.6504492,0.4695073,0.47982836,0.49775988,0.52950406,0.42342225
D:\uwiqa_dataset\SOTA\SOTA_Dataset\HP\345.bmp,sota,23.24607245,0.054165913987794335,test,0.005924803,0.19299032,0.061186273,0.74582344,0.51025146,0.4710584,0.4888559,0.5247465,0.48584706,0.5144093,0.5101454
D:\uwiqa_dataset\SOTA\SOTA_Dataset\waternet\659.bmp,sota,49.23013872,0.48373665307928,test,0.5051507,0.3644642,0.2321412,0.4033946,0.4180005,0.8334496,0.45734632,0.34708166,0.6064988,0.6989831,0.5317976
D:\uwiqa_dataset\SOTA\SOTA_Dataset\fusion12\563.bmp,sota,58.67679932,0.6399096297689835,test,0.6592028,0.34592548,0.27741504,0.37665948,0.5282996,0.53138185,0.45399514,0.50189614,0.47101948,0.4586708,0.41089714
D:\uwiqa_dataset\SOTA\SOTA_Dataset\funiegan\514.bmp,sota,65.46720144,0.7521691209166247,test,0.798864,0.7321323,0.05733616,0.21053155,0.5686423,0.5315277,0.46396106,0.52775687,0.49984294,0.4750307,0.40558323
D:\uwiqa_dataset\SOTA\SOTA_Dataset\ACPAB\154.bmp,sota,43.07447786,0.38197075709710626,test,0.58395386,0.7459729,0.07375246,0.1802746,0.45503715,0.6845558,0.44146252,0.4542664,0.58717376,0.5265815,0.547315
D:\uwiqa_dataset\SOTA\SOTA_Dataset\IBLA\48.bmp,sota,52.28219155,0.5341934436487784,test,0.458839,0.47609618,0.1924227,0.3314811,0.487984,0.41329965,0.46871117,0.5724471,0.550717,0.489578,0.49979636
D:\uwiqa_dataset\SOTA\SOTA_Dataset\funiegan\546.bmp,sota,72.60586618,0.8701861185883341,test,0.68973297,0.514486,0.16045445,0.3250595,0.51159006,0.39871576,0.4862151,0.5902467,0.5218652,0.42346433,0.48611048
D:\uwiqa_dataset\SOTA\SOTA_Dataset\dive\475.bmp,sota,60.79825481,0.6749817079156264,test,0.7339963,0.42224488,0.18348719,0.39426795,0.49245209,0.4855855,0.46805394,0.56851673,0.51124847,0.42536047,0.5324897
D:\uwiqa_dataset\SOTA\SOTA_Dataset\ACPAB\401.bmp,sota,51.49555844,0.521188759818878,test,0.5011533,0.69424784,0.06552595,0.2402262,0.4480979,0.5689664,0.45488706,0.52616006,0.5571059,0.47813767,0.5644079
D:\uwiqa_dataset\SOTA\SOTA_Dataset\funiegan\25.bmp,sota,59.46835399,0.6529956772370734,test,0.5713293,0.47482398,0.193211,0.331965,0.531773,0.4166933,0.5209545,0.5917238,0.51114243,0.43299806,0.4878878
D:\uwiqa_dataset\SOTA\SOTA_Dataset\ACPAB\230.bmp,sota,74.17942766,0.8962003675109486,test,0.87444913,0.543902,0.092547834,0.36355022,0.5047005,0.4580186,0.4794041,0.5796169,0.51709455,0.42979562,0.49537775
D:\uwiqa_dataset\SOTA\SOTA_Dataset\HP\464.bmp,sota,22.69978012,0.045134563870393725,test,0.013614803,0.3779626,0.060039677,0.5619977,0.5284617,0.44509512,0.50257564,0.56140286,0.49607763,0.45645383,0.47928375
D:\uwiqa_dataset\SOTA\SOTA_Dataset\twostep\256.bmp,sota,51.97294597,0.5290809700666607,test,0.4688624,0.43200356,0.23508604,0.33291036,0.42516935,0.505062,0.4512026,0.55673313,0.58441687,0.4744106,0.589199
D:\uwiqa_dataset\SOTA\SOTA_Dataset\ACPAB\237.bmp,sota,35.74885606,0.2608629698003992,test,0.24821533,0.6454909,0.07776203,0.27674708,0.5324983,0.6506348,0.48427168,0.48016548,0.52306277,0.537659,0.4517768
D:\uwiqa_dataset\SOTA\SOTA_Dataset\funiegan\128.bmp,sota,58.67162066,0.6398240157322662,test,0.7436171,0.47693595,0.19221097,0.3308531,0.42426375,0.47328398,0.439931,0.5908248,0.57550234,0.4038593,0.58253
D:\uwiqa_dataset\SOTA\SOTA_Dataset\fusion12\742.bmp,sota,56.09529756,0.5972320285234269,test,0.6548671,0.50918704,0.12616022,0.36465275,0.5023953,0.54078335,0.48240057,0.5170024,0.56581575,0.58309674,0.35842693
D:\uwiqa_dataset\SOTA\SOTA_Dataset\HP\697.bmp,sota,27.08324348,0.11760234376940362,test,0.22357577,0.45086193,0.047378134,0.50175995,0.55636954,0.4711961,0.47832873,0.47582024,0.4713353,0.40886953,0.3976466
D:\uwiqa_dataset\SOTA\SOTA_Dataset\HP\304.bmp,sota,43.45063545,0.3881894255792495,test,0.4040583,0.62905437,0.024351468,0.34659418,0.5681411,0.45364052,0.5113209,0.5346291,0.50009936,0.46246698,0.4123354
D:\uwiqa_dataset\SOTA\SOTA_Dataset\funiegan\737.bmp,sota,60.6850007,0.6731093815740785,test,0.6585909,0.59756017,0.078430146,0.32400972,0.44052696,0.53858274,0.44144297,0.52058107,0.56878567,0.46261182,0.60309124
D:\uwiqa_dataset\SOTA\SOTA_Dataset\funiegan\338.bmp,sota,56.00875213,0.5958012522952654,test,0.53397644,0.5317052,0.13302712,0.3352677,0.51354223,0.35902578,0.53950596,0.6229526,0.5611249,0.405787,0.5493281
D:\uwiqa_dataset\SOTA\SOTA_Dataset\dive\772.bmp,sota,56.71145927,0.6074184650270225,test,0.57582134,0.60755914,0.17011434,0.22232652,0.41005987,0.77794003,0.46471626,0.40693957,0.59573483,0.67505026,0.4663621
D:\uwiqa_dataset\SOTA\SOTA_Dataset\twostep\747.bmp,sota,39.11388983,0.31649398723340344,test,0.27157396,0.5381046,0.10579075,0.35610464,0.52192706,0.4482704,0.4805378,0.5544449,0.4943137,0.4622446,0.5276423
D:\uwiqa_dataset\SOTA\SOTA_Dataset\waternet\627.bmp,sota,46.39644847,0.4368898507966735,test,0.5242748,0.46008155,0.24505341,0.29486504,0.3318146,0.8279483,0.39118883,0.36139202,0.59443843,0.68705857,0.48330393
D:\uwiqa_dataset\SOTA\SOTA_Dataset\IBLA\557.bmp,sota,35.17234525,0.2513320452648557,test,0.27258238,0.5020309,0.044354856,0.45361423,0.6629979,0.48733565,0.48486355,0.5385408,0.4881012,0.40122014,0.3196211
D:\uwiqa_dataset\SOTA\SOTA_Dataset\dive\254.bmp,sota,75.73564492,0.9219278803497282,test,0.7754276,0.43322766,0.21208082,0.35469154,0.52257013,0.4033034,0.50766265,0.6044367,0.49320272,0.3736727,0.52872086
D:\uwiqa_dataset\SOTA\SOTA_Dataset\ACPAB\394.bmp,sota,68.75759316,0.8065661497870759,test,0.7755625,0.646525,0.054224666,0.29925036,0.5814706,0.62422574,0.4754038,0.49427086,0.5105147,0.49479175,0.38671336
D:\uwiqa_dataset\SOTA\SOTA_Dataset\IBLA\171.bmp,sota,52.66564561,0.5405327379782426,test,0.5651569,0.43150973,0.24559692,0.3228933,0.5120595,0.40505478,0.49191183,0.6043105,0.4973022,0.38294023,0.47835448
D:\uwiqa_dataset\SOTA\SOTA_Dataset\fusion12\454.bmp,sota,41.18127218,0.35067212374391327,test,0.4003036,0.4727979,0.19546217,0.33173993,0.36508068,0.8080521,0.4214681,0.33988747,0.6603515,0.60534567,0.60371226
D:\uwiqa_dataset\SOTA\SOTA_Dataset\fusion12\633.bmp,sota,56.11141075,0.5974984131171813,test,0.5029528,0.5768079,0.14851074,0.27468133,0.47477353,0.6635844,0.40232518,0.34063742,0.5971336,0.4854495,0.4215491
D:\uwiqa_dataset\SOTA\SOTA_Dataset\fusion18\676.bmp,sota,57.50385817,0.620518469375506,test,0.69356203,0.59712446,0.13384919,0.26902634,0.65138495,0.6086158,0.39770398,0.44348663,0.47036722,0.47640955,0.39330676
D:\uwiqa_dataset\SOTA\SOTA_Dataset\funiegan\436.bmp,sota,73.63878981,0.8872624977259771,test,0.78463495,0.52467316,0.074971154,0.4003557,0.49544358,0.47591498,0.46503314,0.5278125,0.54616076,0.48802796,0.5006632
D:\uwiqa_dataset\SOTA\SOTA_Dataset\fusion18\363.bmp,sota,62.46715637,0.7025721269497652,test,0.79213405,0.46055874,0.069793515,0.46964777,0.5054026,0.3586772,0.57976794,0.6198865,0.61487526,0.4673193,0.5424756
D:\uwiqa_dataset\SOTA\SOTA_Dataset\funiegan\661.bmp,sota,52.93392406,0.5449679395687602,test,0.5918476,0.6729499,0.047826916,0.2792232,0.3851241,0.61887616,0.43403706,0.5164409,0.61976814,0.47416013,0.6316814
D:\uwiqa_dataset\SOTA\SOTA_Dataset\dive\552.bmp,sota,69.82116969,0.8241492852103393,test,0.78205514,0.57030904,0.086978674,0.3427123,0.52415735,0.44604155,0.48592395,0.58954597,0.4976655,0.419823,0.4643757
D:\uwiqa_dataset\SOTA\SOTA_Dataset\funiegan\503.bmp,sota,45.84830214,0.4278278501974737,test,0.45879441,0.4010503,0.2964847,0.30246502,0.21831743,0.7264344,0.40280062,0.45831573,0.6403441,0.5935041,0.48591775
D:\uwiqa_dataset\SOTA\SOTA_Dataset\funiegan\425.bmp,sota,67.44522213,0.7848699230509919,test,0.8019358,0.49349415,0.080234386,0.4262715,0.54697,0.35973737,0.60301775,0.6556461,0.5659953,0.40755117,0.54167444
D:\uwiqa_dataset\SOTA\SOTA_Dataset\HP\246.bmp,sota,23.09554238,0.05167733838328821,test,0.07828756,0.55567217,0.03079108,0.4135368,0.5406622,0.44523394,0.51257443,0.57786155,0.5121155,0.44902098,0.4686677
D:\uwiqa_dataset\SOTA\SOTA_Dataset\dive\143.bmp,sota,52.26450279,0.5339010116010822,test,0.51225376,0.5680943,0.15158212,0.2803235,0.38825795,0.5693847,0.4095724,0.49399272,0.662979,0.52432024,0.6357049
D:\uwiqa_dataset\SOTA\SOTA_Dataset\dive\573.bmp,sota,65.48616111,0.7524825637538697,test,0.6248193,0.46293437,0.14160758,0.39545804,0.56318814,0.7718398,0.51804924,0.45844066,0.51648694,0.59583914,0.35180593
D:\uwiqa_dataset\SOTA\SOTA_Dataset\HP\602.bmp,sota,52.94137647,0.545091143429097,test,0.57670856,0.47255984,0.12147938,0.40596074,0.5667083,0.43527108,0.46495113,0.5399519,0.46100107,0.3743916,0.4174933
D:\uwiqa_dataset\SOTA\SOTA_Dataset\waternet\66.bmp,sota,61.62407647,0.6886342601050245,test,0.7011435,0.40291646,0.22359586,0.37348762,0.4273031,0.45852035,0.4497063,0.5835481,0.576947,0.4183248,0.5847367
D:\uwiqa_dataset\SOTA\SOTA_Dataset\HP\267.bmp,sota,35.51865131,0.2570572057766966,test,0.084338866,0.61637557,0.06002947,0.32359496,0.5269431,0.43624187,0.5485982,0.58954555,0.51392597,0.43573472,0.47025937
D:\uwiqa_dataset\SOTA\SOTA_Dataset\twostep\545.bmp,sota,25.70448056,0.09480852080028083,test,0.14591804,0.58701676,0.10151427,0.31146896,0.44965026,0.572177,0.4778148,0.51551324,0.5523714,0.568835,0.46859926
D:\uwiqa_dataset\SOTA\SOTA_Dataset\twostep\266.bmp,sota,40.5873685,0.34085365883869906,test,0.39619255,0.42980075,0.29568797,0.27451128,0.3791681,0.5609182,0.49433962,0.44259655,0.5991792,0.54561657,0.45394158
D:\uwiqa_dataset\SOTA\SOTA_Dataset\ACPAB\506.bmp,sota,59.06276319,0.6462904164855695,test,0.79340446,0.6892133,0.05670651,0.25408018,0.5414511,0.4097859,0.5229045,0.59524965,0.5018778,0.411494,0.49632952
D:\uwiqa_dataset\SOTA\SOTA_Dataset\HP\368.bmp,sota,21.29088626,0.02184261370166997,test,0.0041389605,0.20588456,0.05255857,0.7415569,0.52783287,0.46286783,0.49887756,0.5349535,0.49932167,0.50099474,0.4803902
D:\uwiqa_dataset\SOTA\SOTA_Dataset\funiegan\580.bmp,sota,52.97119706,0.5455841398967528,test,0.52942145,0.24867018,0.32400393,0.42732587,0.5134025,0.8332851,0.49934223,0.34728587,0.5300231,0.66758054,0.32118997
D:\uwiqa_dataset\SOTA\SOTA_Dataset\dive\147.bmp,sota,61.07321561,0.6795273826706801,test,0.76438123,0.3780703,0.27315232,0.34877735,0.4660575,0.5545162,0.45225957,0.53213125,0.5339525,0.4635801,0.51774067
D:\uwiqa_dataset\SOTA\SOTA_Dataset\fusion12\382.bmp,sota,39.81772286,0.32812981327203916,test,0.25397587,0.57055503,0.117252715,0.3121922,0.4438407,0.6096507,0.44237974,0.42585352,0.62021667,0.5125765,0.5674207
D:\uwiqa_dataset\SOTA\SOTA_Dataset\fusion18\618.bmp,sota,65.20039888,0.7477583188620199,test,0.78159034,0.33923796,0.17613731,0.48462468,0.51499104,0.4343795,0.48641878,0.5690764,0.5004775,0.4185096,0.5129882
D:\uwiqa_dataset\SOTA\SOTA_Dataset\HP\455.bmp,sota,26.77509325,0.11250797860435086,test,0.10225517,0.55297315,0.029934954,0.41709185,0.53702825,0.44371933,0.5275162,0.582357,0.51238835,0.44491023,0.4621451
D:\uwiqa_dataset\SOTA\SOTA_Dataset\ACPAB\791.bmp,sota,49.86231946,0.4941879175156989,test,0.37675482,0.58038384,0.09516096,0.3244552,0.49818024,0.66680676,0.3886423,0.42854172,0.51233333,0.3822847,0.40517548
D:\uwiqa_dataset\SOTA\SOTA_Dataset\funiegan\56.bmp,sota,61.91787008,0.6934912804372798,test,0.76021063,0.6344535,0.07421917,0.2913274,0.5264387,0.59080774,0.4660715,0.45797035,0.48952237,0.5486797,0.34750044
D:\uwiqa_dataset\SOTA\SOTA_Dataset\funiegan\689.bmp,sota,67.53313651,0.7863233308741151,test,0.6599151,0.5341557,0.06644029,0.39940405,0.5516947,0.4005696,0.577548,0.5989394,0.57016116,0.49985197,0.4689435
D:\uwiqa_dataset\SOTA\SOTA_Dataset\funiegan\699.bmp,sota,53.58790841,0.555779663094424,test,0.4626789,0.3799579,0.23866948,0.38137257,0.4945586,0.77523535,0.4740954,0.42183053,0.5772416,0.5799244,0.5036706
D:\uwiqa_dataset\SOTA\SOTA_Dataset\fusion12\498.bmp,sota,49.48322167,0.4879206414032504,test,0.55217725,0.6215808,0.074745856,0.3036734,0.4762836,0.49537647,0.4563949,0.5177634,0.5520699,0.4995642,0.5247069
D:\uwiqa_dataset\SOTA\SOTA_Dataset\dive\36.bmp,sota,62.08532579,0.6962596721263373,test,0.80084866,0.5486337,0.1522683,0.299098,0.5492376,0.52673954,0.4594858,0.50551295,0.4860832,0.47783405,0.45921233
D:\uwiqa_dataset\SOTA\SOTA_Dataset\HP\548.bmp,sota,27.82742048,0.12990513966682515,test,0.06359214,0.6615674,0.057438347,0.28099427,0.5120298,0.43787035,0.5514531,0.57597,0.49567896,0.44429868,0.49382225
D:\uwiqa_dataset\SOTA\SOTA_Dataset\HP\20.bmp,sota,29.68936237,0.16068691745024125,test,0.18384787,0.54222953,0.07370603,0.38406444,0.5352353,0.44688705,0.50702876,0.57094675,0.5054479,0.4540309,0.47196725
D:\uwiqa_dataset\SOTA\SOTA_Dataset\twostep\121.bmp,sota,69.67581529,0.8217462742116223,test,0.80261964,0.49895197,0.14919353,0.3518545,0.41738346,0.5043078,0.43620366,0.5659048,0.5883854,0.43548852,0.5924278
D:\uwiqa_dataset\SOTA\SOTA_Dataset\IBLA\631.bmp,sota,39.15717029,0.31720950338846676,test,0.2534723,0.64251024,0.09565685,0.2618329,0.6517482,0.6556463,0.42598197,0.39929864,0.4742556,0.39759248,0.34029412
D:\uwiqa_dataset\SOTA\SOTA_Dataset\twostep\586.bmp,sota,59.83788244,0.6591047522268145,test,0.7552215,0.48934487,0.11076303,0.39989212,0.5140791,0.4495687,0.47581434,0.5458798,0.5214387,0.47378716,0.4901116
D:\uwiqa_dataset\SOTA\SOTA_Dataset\ACPAB\376.bmp,sota,42.33476166,0.36974170751533164,test,0.38288665,0.6449144,0.052969992,0.3021156,0.54972017,0.6573282,0.47787532,0.48448008,0.52284425,0.5146395,0.44679937
D:\uwiqa_dataset\SOTA\SOTA_Dataset\funiegan\158.bmp,sota,43.9162745,0.3958874089810736,test,0.35686237,0.48340583,0.22928184,0.28731227,0.4889167,0.6250273,0.5020285,0.51672465,0.49160904,0.5355879,0.43343154
D:\uwiqa_dataset\SOTA\SOTA_Dataset\fusion18\344.bmp,sota,53.90815716,0.5610740419957532,test,0.49628603,0.49779475,0.13241088,0.36979437,0.3998736,0.6231102,0.4419661,0.4841156,0.56623673,0.4799558,0.61733985
D:\uwiqa_dataset\SOTA\SOTA_Dataset\funiegan\372.bmp,sota,64.49819341,0.7361493997803191,test,0.6839293,0.40560403,0.15200004,0.44239593,0.5106027,0.49455252,0.44427252,0.47061348,0.5392306,0.48153338,0.48676866
D:\uwiqa_dataset\SOTA\SOTA_Dataset\funiegan\11.bmp,sota,59.58268358,0.654885783503198,test,0.6078956,0.45460787,0.18027113,0.36512098,0.38162702,0.54839104,0.41355348,0.53313404,0.6246004,0.45383245,0.63780105
D:\uwiqa_dataset\SOTA\SOTA_Dataset\IBLA\451.bmp,sota,51.55772995,0.5222165843796538,test,0.45373785,0.54255855,0.075552374,0.38188908,0.52802515,0.39175802,0.5507609,0.61097807,0.5493963,0.45457336,0.5012692
D:\uwiqa_dataset\SOTA\SOTA_Dataset\waternet\704.bmp,sota,52.83443746,0.54332321884462,test,0.59566915,0.5046565,0.16870408,0.3266394,0.4723293,0.7765592,0.44612795,0.45231712,0.5651572,0.5364501,0.5396227
D:\uwiqa_dataset\SOTA\SOTA_Dataset\fusion18\721.bmp,sota,65.01940672,0.7447661414586424,test,0.72518885,0.52621514,0.14215367,0.33163118,0.4397334,0.41019073,0.5519205,0.5652928,0.5748833,0.48651633,0.522699
D:\uwiqa_dataset\SOTA\SOTA_Dataset\IBLA\158.bmp,sota,40.82465349,0.34477647397742517,test,0.35259646,0.5462963,0.15175739,0.30194634,0.52925915,0.5335364,0.50154465,0.49483293,0.50095034,0.48599905,0.43710688
D:\uwiqa_dataset\SOTA\SOTA_Dataset\HP\748.bmp,sota,21.09213943,0.018556914621008322,test,0.061100665,0.261861,0.020071182,0.7180679,0.54405713,0.45159137,0.50170434,0.53557223,0.4875524,0.45634684,0.4417082
D:\uwiqa_dataset\SOTA\SOTA_Dataset\waternet\661.bmp,sota,46.42532033,0.437367162781267,test,0.3968628,0.54264677,0.18492848,0.27242476,0.37251207,0.7435581,0.48665643,0.46585774,0.55161214,0.6160335,0.4991566
D:\uwiqa_dataset\SOTA\SOTA_Dataset\waternet\136.bmp,sota,56.99797769,0.6121552113146822,test,0.5918448,0.26586083,0.35131198,0.3828272,0.43777612,0.6732455,0.4569858,0.4764394,0.5658995,0.51773745,0.5658008
D:\uwiqa_dataset\SOTA\SOTA_Dataset\dive\471.bmp,sota,45.58426343,0.423462740340345,test,0.3000425,0.5287582,0.18924688,0.28199488,0.39960283,0.8449974,0.44652045,0.3897616,0.6243684,0.5815846,0.6348669
D:\uwiqa_dataset\SOTA\SOTA_Dataset\waternet\80.bmp,sota,61.16804758,0.6810951526655341,test,0.63789034,0.45340022,0.27447918,0.27212054,0.43527097,0.63903874,0.45733735,0.4872804,0.5710475,0.5132268,0.5505728
D:\uwiqa_dataset\SOTA\SOTA_Dataset\fusion12\393.bmp,sota,43.29635906,0.3856389155017263,test,0.32647496,0.3379673,0.312292,0.34974068,0.44117206,0.8876627,0.49705657,0.34986317,0.59728265,0.6252089,0.5948405
D:\uwiqa_dataset\SOTA\SOTA_Dataset\ACPAB\388.bmp,sota,34.49226979,0.24008898134427628,test,0.24480379,0.48635542,0.14164698,0.37199762,0.4810953,0.8615876,0.5056342,0.3859772,0.58760273,0.62093353,0.5018954
D:\uwiqa_dataset\SOTA\SOTA_Dataset\IBLA\713.bmp,sota,36.66818535,0.2760613978859104,test,0.20056427,0.5112687,0.09606297,0.39266837,0.4769495,0.7339484,0.5097869,0.4474223,0.5231237,0.6147436,0.44976628
D:\uwiqa_dataset\SOTA\SOTA_Dataset\fusion12\377.bmp,sota,53.90443614,0.5610125257844348,test,0.5171402,0.40849605,0.2362271,0.35527685,0.5519963,0.56760603,0.46761087,0.4783883,0.4818353,0.46855146,0.45067567
D:\uwiqa_dataset\SOTA\SOTA_Dataset\ACPAB\587.bmp,sota,59.97076656,0.6613016035220957,test,0.56953645,0.6379485,0.029053124,0.33299834,0.53213745,0.33734655,0.5032941,0.6277402,0.63059163,0.4743536,0.5516187
D:\uwiqa_dataset\SOTA\SOTA_Dataset\twostep\12.bmp,sota,26.36248443,0.10568669536402502,test,0.18776521,0.70009834,0.07853508,0.22136652,0.52042407,0.58219475,0.50739896,0.5380356,0.4661261,0.5177795,0.33609363
D:\uwiqa_dataset\SOTA\SOTA_Dataset\fusion12\625.bmp,sota,62.18589335,0.6979222633708688,test,0.6748532,0.50875455,0.15494491,0.33630046,0.62680143,0.5790566,0.4265031,0.46900645,0.4517439,0.44600213,0.36863676
D:\uwiqa_dataset\SOTA\SOTA_Dataset\fusion12\686.bmp,sota,61.13055492,0.6804753209001995,test,0.77019715,0.44865185,0.18561119,0.365737,0.5628788,0.58351636,0.44507,0.44016096,0.43409917,0.4408475,0.27720064
D:\uwiqa_dataset\SOTA\SOTA_Dataset\twostep\189.bmp,sota,70.71977955,0.8390051779603038,test,0.8741399,0.46336427,0.1369812,0.39965448,0.40495363,0.47915402,0.4407724,0.5801328,0.6220131,0.41836047,0.6272971
D:\uwiqa_dataset\SOTA\SOTA_Dataset\ACPAB\427.bmp,sota,47.1305755,0.44902649975635667,test,0.5533811,0.32397544,0.17400594,0.50201863,0.5137477,0.7898449,0.48638543,0.38155052,0.5760632,0.5908368,0.4266141
D:\uwiqa_dataset\SOTA\SOTA_Dataset\ACPAB\407.bmp,sota,44.86110215,0.4115073780693287,test,0.6937685,0.5454985,0.15148376,0.30301782,0.4452204,0.6878349,0.46122053,0.47946185,0.58047885,0.514632,0.54956365
D:\uwiqa_dataset\SOTA\SOTA_Dataset\funiegan\443.bmp,sota,52.11811527,0.5314809209768224,test,0.5676183,0.58170164,0.11113897,0.3071594,0.51306826,0.40076724,0.51346976,0.6152872,0.52169245,0.39877933,0.5241385
D:\uwiqa_dataset\SOTA\SOTA_Dataset\HP\216.bmp,sota,20.36374411,0.0065150227665207025,test,0.053660046,0.55642474,0.039693795,0.40388143,0.5556944,0.48638454,0.5295567,0.53254086,0.5150652,0.51546144,0.41695935
D:\uwiqa_dataset\SOTA\SOTA_Dataset\ACPAB\580.bmp,sota,55.61638205,0.5893145575835304,test,0.58542264,0.3997615,0.18014385,0.42009464,0.46790785,0.6169761,0.43898094,0.4740055,0.5462434,0.49191865,0.49289548
D:\uwiqa_dataset\SOTA\SOTA_Dataset\twostep\708.bmp,sota,39.84273137,0.3285432560339474,test,0.46301994,0.3682861,0.26567516,0.3660387,0.36936197,0.68970704,0.44291583,0.43008304,0.61640286,0.5191412,0.6708594
D:\uwiqa_dataset\SOTA\SOTA_Dataset\fusion12\186.bmp,sota,52.75097822,0.5419434637655542,test,0.67874813,0.68878746,0.055357236,0.25585526,0.5021891,0.45738372,0.4765662,0.58880997,0.5073252,0.42074996,0.5096282
D:\uwiqa_dataset\SOTA\SOTA_Dataset\dive\800.bmp,sota,65.39372766,0.7509544462906257,test,0.6463649,0.47135544,0.25304127,0.27560332,0.47523,0.59451914,0.43844676,0.41314352,0.5823252,0.5459827,0.5543864
D:\uwiqa_dataset\SOTA\SOTA_Dataset\IBLA\147.bmp,sota,50.70118117,0.5080560488934383,test,0.54317725,0.49075916,0.23479792,0.27444294,0.5085973,0.38977692,0.48377314,0.58131635,0.5345892,0.44959894,0.5006509
D:\uwiqa_dataset\SOTA\SOTA_Dataset\funiegan\317.bmp,sota,67.2947247,0.7823818870536734,test,0.79486394,0.42721772,0.18341586,0.38936645,0.38842982,0.5967789,0.43714517,0.5162944,0.63327044,0.48237026,0.63400495
D:\uwiqa_dataset\SOTA\SOTA_Dataset\waternet\295.bmp,sota,47.67786631,0.4580743568279465,test,0.45343578,0.26915926,0.23165128,0.49918944,0.38261306,0.7242842,0.44668406,0.40781492,0.615613,0.55543596,0.6566868
D:\uwiqa_dataset\SOTA\SOTA_Dataset\HP\742.bmp,sota,21.75826159,0.029569301428487668,test,0.027540565,0.2121167,0.026606,0.76127726,0.54699314,0.4617739,0.5194193,0.5427612,0.50315017,0.48861587,0.44011945
D:\uwiqa_dataset\SOTA\SOTA_Dataset\IBLA\107.bmp,sota,42.05786451,0.36516402086144734,test,0.37296146,0.44683543,0.2174506,0.3357139,0.3318411,0.8153253,0.38746193,0.30553308,0.709074,0.55303496,0.6962182
D:\uwiqa_dataset\SOTA\SOTA_Dataset\twostep\719.bmp,sota,45.94917093,0.42949542140135377,test,0.37840876,0.5452359,0.12372068,0.33104345,0.43202168,0.4948877,0.47925076,0.57262087,0.56656444,0.48353428,0.5540342
D:\uwiqa_dataset\SOTA\SOTA_Dataset\fusion18\272.bmp,sota,70.04604054,0.8278668687567666,test,0.8866538,0.29460505,0.25755706,0.4478379,0.44913858,0.47120488,0.44912675,0.5616809,0.5601058,0.43357143,0.5607873
D:\uwiqa_dataset\SOTA\SOTA_Dataset\fusion12\360.bmp,sota,45.77727931,0.42665369488019395,test,0.49207526,0.47574532,0.26953283,0.25472182,0.43193936,0.4478789,0.52999324,0.5447976,0.5152553,0.47003344,0.52476674
D:\uwiqa_dataset\SOTA\SOTA_Dataset\HP\190.bmp,sota,24.87446853,0.08108669306642924,test,0.1727618,0.6227054,0.12801735,0.2492773,0.53808606,0.41415957,0.5105177,0.6047514,0.5166374,0.4121496,0.49816492
D:\uwiqa_dataset\SOTA\SOTA_Dataset\HP\419.bmp,sota,22.7252974,0.04555641766014716,test,0.03185011,0.33078825,0.09120419,0.5780075,0.5440157,0.46758074,0.54025877,0.5484155,0.5064532,0.4897931,0.43964675
D:\uwiqa_dataset\SOTA\SOTA_Dataset\HP\262.bmp,sota,24.84116789,0.08053616412348487,test,0.052843492,0.36303413,0.066558324,0.57040757,0.53647065,0.4297141,0.50508296,0.58530676,0.51041627,0.43528184,0.4857249
D:\uwiqa_dataset\SOTA\SOTA_Dataset\fusion18\794.bmp,sota,67.39974962,0.7841181677434863,test,0.8177463,0.33277002,0.18660063,0.48062932,0.50885254,0.3683142,0.52084595,0.5986166,0.57184243,0.41975102,0.5477136
D:\uwiqa_dataset\SOTA\SOTA_Dataset\funiegan\174.bmp,sota,66.34224027,0.7666353354432879,test,0.5298269,0.6991634,0.077997535,0.22283904,0.5958702,0.72532743,0.5323582,0.46872458,0.49359083,0.5794595,0.24220088
D:\uwiqa_dataset\SOTA\SOTA_Dataset\HP\172.bmp,sota,51.15728116,0.5155963317640269,test,0.4966692,0.59440136,0.14406376,0.26153487,0.53825366,0.4276524,0.5242116,0.598397,0.51879877,0.4206221,0.46441245
D:\uwiqa_dataset\SOTA\SOTA_Dataset\twostep\664.bmp,sota,35.86865388,0.26284347729850244,test,0.28408077,0.38946486,0.052615777,0.5579193,0.5102381,0.45673385,0.4613882,0.540281,0.4745782,0.41949868,0.47311154
D:\uwiqa_dataset\SOTA\SOTA_Dataset\IBLA\699.bmp,sota,32.91331927,0.21398564036533238,test,0.3590139,0.29320106,0.2948598,0.4119391,0.51284045,0.42447674,0.47918195,0.5423106,0.51617897,0.36489016,0.54091966
D:\uwiqa_dataset\SOTA\SOTA_Dataset\twostep\795.bmp,sota,43.34773642,0.38648829027927023,test,0.41730827,0.34030426,0.2868224,0.3728733,0.3433062,0.69284064,0.41933,0.43720466,0.65990615,0.5284658,0.69077516
D:\uwiqa_dataset\SOTA\SOTA_Dataset\ACPAB\76.bmp,sota,40.9323004,0.3465561016234262,test,0.38920355,0.6272524,0.14915197,0.2235957,0.48806185,0.74300915,0.47315967,0.44942233,0.5706858,0.53888047,0.49797785
D:\uwiqa_dataset\SOTA\SOTA_Dataset\IBLA\299.bmp,sota,45.76840425,0.4265069716520408,test,0.38409498,0.31834403,0.28062516,0.40103078,0.42252862,0.8333016,0.45649296,0.3253512,0.59882694,0.58329594,0.6299613
D:\uwiqa_dataset\SOTA\SOTA_Dataset\fusion18\219.bmp,sota,67.43209428,0.7846528923457672,test,0.76987886,0.4715328,0.20900817,0.31945896,0.4715768,0.45232588,0.47040424,0.575712,0.5282467,0.43765178,0.5492167
D:\uwiqa_dataset\SOTA\SOTA_Dataset\waternet\668.bmp,sota,49.29469135,0.4848038425134224,test,0.5302841,0.28759444,0.28313065,0.42927492,0.41615525,0.93802965,0.48897165,0.2575722,0.6270669,0.77131945,0.5049304
D:\uwiqa_dataset\SOTA\SOTA_Dataset\twostep\313.bmp,sota,44.69388385,0.4087429112620855,test,0.34188092,0.35285676,0.28246638,0.36467692,0.30672127,0.7058074,0.412208,0.44102663,0.6932125,0.4920343,0.74844676
D:\uwiqa_dataset\SOTA\SOTA_Dataset\waternet\638.bmp,sota,51.1101025,0.5148163702431874,test,0.71266156,0.4695069,0.13269661,0.39779645,0.4963718,0.67217755,0.4857218,0.46038607,0.53257775,0.5597799,0.44119704
D:\uwiqa_dataset\SOTA\SOTA_Dataset\funiegan\704.bmp,sota,49.25120993,0.48408500407096844,test,0.4769829,0.53011173,0.1722534,0.29763484,0.55104256,0.8496198,0.5339115,0.38580573,0.5661156,0.65853757,0.35225284
D:\uwiqa_dataset\SOTA\SOTA_Dataset\fusion12\521.bmp,sota,57.4035406,0.6188600109863925,test,0.5834501,0.48915333,0.18015432,0.3306923,0.45677325,0.48044565,0.4607525,0.5388721,0.5245503,0.46347705,0.5288251
D:\uwiqa_dataset\SOTA\SOTA_Dataset\dive\576.bmp,sota,52.95029071,0.5452385143842604,test,0.53691536,0.48893753,0.12106913,0.38999337,0.5643882,0.4425279,0.4886617,0.56697714,0.46903992,0.40317324,0.4658674
D:\uwiqa_dataset\SOTA\SOTA_Dataset\twostep\51.bmp,sota,43.99579844,0.39720210535408546,test,0.53109163,0.3362902,0.17796962,0.48574015,0.5266718,0.59490186,0.4606747,0.4048059,0.5334718,0.49163085,0.5454483
D:\uwiqa_dataset\SOTA\SOTA_Dataset\dive\187.bmp,sota,54.63030415,0.5730126359403487,test,0.62537974,0.45092702,0.19740427,0.35166872,0.52917546,0.47445342,0.49749327,0.5819362,0.48687822,0.41752082,0.46800643
D:\uwiqa_dataset\SOTA\SOTA_Dataset\dive\246.bmp,sota,61.2952174,0.6831975346791839,test,0.7391187,0.3572031,0.19456726,0.44822964,0.49453107,0.4710108,0.49142367,0.5665134,0.5622329,0.5301659,0.46494338
D:\uwiqa_dataset\SOTA\SOTA_Dataset\dive\591.bmp,sota,56.28888363,0.6004324094916563,test,0.6088023,0.43209925,0.255467,0.31243378,0.535464,0.40214115,0.5191284,0.5656884,0.5194611,0.42081553,0.5610603
D:\uwiqa_dataset\SOTA\SOTA_Dataset\waternet\209.bmp,sota,45.85365204,0.4279162951880762,test,0.44866204,0.44119686,0.2686907,0.29011253,0.3011723,0.6545706,0.36503544,0.41826904,0.74724907,0.51241446,0.648125
D:\uwiqa_dataset\SOTA\SOTA_Dataset\HP\665.bmp,sota,43.28400953,0.38543475204730737,test,0.31122798,0.5700902,0.07021025,0.35969955,0.53934145,0.43204373,0.5097744,0.5888949,0.5074076,0.42284143,0.4676483
D:\uwiqa_dataset\SOTA\SOTA_Dataset\fusion18\743.bmp,sota,69.77295078,0.8233521261902054,test,0.7983571,0.49525544,0.121702045,0.38304245,0.521227,0.43710855,0.4894049,0.58441085,0.4936301,0.417823,0.5045244
D:\uwiqa_dataset\SOTA\SOTA_Dataset\fusion12\111.bmp,sota,51.56200344,0.5222872340708424,test,0.44824544,0.4483795,0.14232351,0.409297,0.5321982,0.47299474,0.44070563,0.4753567,0.43575278,0.32507342,0.36622673
D:\uwiqa_dataset\SOTA\SOTA_Dataset\HP\669.bmp,sota,48.48787753,0.47146552951170506,test,0.52286494,0.6310306,0.06212761,0.3068418,0.5359571,0.4357619,0.53104734,0.5926927,0.5174998,0.42925543,0.46142927
D:\uwiqa_dataset\SOTA\SOTA_Dataset\twostep\606.bmp,sota,54.71326034,0.5743840745550836,test,0.49308679,0.6112854,0.089333266,0.29938138,0.51117855,0.47341153,0.5552118,0.56621236,0.48773262,0.47349462,0.47661772
D:\uwiqa_dataset\SOTA\SOTA_Dataset\IBLA\112.bmp,sota,51.41312545,0.5198259707899451,test,0.5469088,0.56115186,0.12623794,0.31261012,0.5025482,0.50667,0.44841942,0.50734264,0.5788391,0.58744884,0.4571767
D:\uwiqa_dataset\SOTA\SOTA_Dataset\funiegan\540.bmp,sota,49.88807097,0.49461364361524296,test,0.49903393,0.45328617,0.2037114,0.34300244,0.45464346,0.46552363,0.47687593,0.5839248,0.55618006,0.4270728,0.5470935
D:\uwiqa_dataset\SOTA\SOTA_Dataset\IBLA\675.bmp,sota,50.08678122,0.49789873795231004,test,0.28943503,0.43148354,0.21836433,0.3501521,0.53311676,0.47330725,0.49005222,0.5016103,0.61229676,0.5209067,0.5024936
D:\uwiqa_dataset\SOTA\SOTA_Dataset\HP\429.bmp,sota,28.52492393,0.1414363245638286,test,0.0890608,0.5734744,0.07986029,0.34666526,0.51934695,0.4482218,0.5548772,0.5750916,0.4992797,0.45050943,0.46954998
D:\uwiqa_dataset\SOTA\SOTA_Dataset\fusion18\270.bmp,sota,49.43687745,0.487154474913712,test,0.56647766,0.53139764,0.16085553,0.30774677,0.39185235,0.7057676,0.43583986,0.4237661,0.593833,0.58996964,0.55370027
D:\uwiqa_dataset\SOTA\SOTA_Dataset\HP\551.bmp,sota,25.9591257,0.0990183353789232,test,0.09418419,0.45059848,0.08119029,0.46821126,0.52985054,0.44471258,0.49634713,0.5716428,0.49938908,0.44496846,0.49476138
D:\uwiqa_dataset\SOTA\SOTA_Dataset\waternet\774.bmp,sota,64.88066708,0.7424724862209746,test,0.7370831,0.3894433,0.25192684,0.35862985,0.5328353,0.33889547,0.5530684,0.6310599,0.6452578,0.45209712,0.55051625
D:\uwiqa_dataset\SOTA\SOTA_Dataset\waternet\443.bmp,sota,50.91002914,0.5115087408585229,test,0.5564424,0.47614256,0.18975335,0.3341041,0.5085292,0.5456351,0.47943342,0.52675396,0.49855295,0.4972036,0.47184247
D:\uwiqa_dataset\SOTA\SOTA_Dataset\funiegan\673.bmp,sota,61.46165227,0.6859490497566775,test,0.7210661,0.5878272,0.11849861,0.2936742,0.5160454,0.40978187,0.48618034,0.5937607,0.5188792,0.41629732,0.47801018
D:\uwiqa_dataset\SOTA\SOTA_Dataset\fusion18\225.bmp,sota,57.30198478,0.6171810817455596,test,0.4537231,0.48629645,0.17770596,0.3359976,0.4629446,0.4912671,0.47430485,0.56017107,0.5429439,0.49039724,0.47543648
D:\uwiqa_dataset\SOTA\SOTA_Dataset\fusion12\83.bmp,sota,57.76425074,0.624823300943688,test,0.7303387,0.505377,0.15003864,0.34458444,0.49608248,0.60794175,0.46885914,0.48444238,0.5076973,0.49995095,0.4939681
D:\uwiqa_dataset\SOTA\SOTA_Dataset\fusion18\697.bmp,sota,62.99474869,0.7112943269505809,test,0.7257718,0.4246389,0.16919488,0.4061662,0.5278395,0.5513815,0.41599065,0.43968156,0.47154328,0.41261548,0.3971058
D:\uwiqa_dataset\SOTA\SOTA_Dataset\fusion18\177.bmp,sota,65.79271401,0.7575505217268556,test,0.8495404,0.424603,0.16004318,0.41535383,0.49485874,0.3673252,0.50431454,0.6215284,0.5581184,0.3996979,0.53229606
D:\uwiqa_dataset\SOTA\SOTA_Dataset\dive\756.bmp,sota,56.96851921,0.6116682012795853,test,0.4907929,0.6998261,0.08182228,0.21835157,0.50401825,0.47254395,0.45385355,0.59226674,0.49004596,0.40222543,0.5081457
D:\uwiqa_dataset\SOTA\SOTA_Dataset\dive\738.bmp,sota,49.70159551,0.49153081584139635,test,0.5053132,0.50734746,0.19201133,0.3006412,0.5267135,0.45485586,0.48154497,0.52836174,0.51204085,0.5031311,0.5139672
D:\uwiqa_dataset\SOTA\SOTA_Dataset\HP\710.bmp,sota,40.59490634,0.34097827503488287,test,0.2682843,0.47388318,0.11396262,0.41215414,0.54807734,0.44038987,0.4816912,0.5577119,0.48458934,0.4203267,0.45653838
D:\uwiqa_dataset\SOTA\SOTA_Dataset\funiegan\576.bmp,sota,62.41493199,0.7017087491673165,test,0.599331,0.40513477,0.16638146,0.42848375,0.59244907,0.41430494,0.51564276,0.5759918,0.470181,0.38018042,0.47599724
D:\uwiqa_dataset\SOTA\SOTA_Dataset\dive\759.bmp,sota,38.01246619,0.298285160248002,test,0.29205206,0.4334435,0.25458783,0.31196862,0.423179,0.68751353,0.47707298,0.5112615,0.55934536,0.5344175,0.54135036
D:\uwiqa_dataset\SOTA\SOTA_Dataset\ACPAB\257.bmp,sota,59.72553613,0.6572474337101732,test,0.45390534,0.61813474,0.11905996,0.2628053,0.5912366,0.6257937,0.4859629,0.48259428,0.5122018,0.5147071,0.3595921
D:\uwiqa_dataset\SOTA\SOTA_Dataset\fusion18\772.bmp,sota,58.45514772,0.6362452671306099,test,0.63738346,0.566606,0.18247128,0.25092268,0.44376293,0.78660995,0.46149108,0.3690846,0.569962,0.66575044,0.46515927
D:\uwiqa_dataset\SOTA\SOTA_Dataset\twostep\120.bmp,sota,22.74866503,0.045942733257775814,test,0.08854478,0.6128893,0.02210627,0.36500445,0.49175,0.58454233,0.5005614,0.47311965,0.46481586,0.50344235,0.3080101
D:\uwiqa_dataset\SOTA\SOTA_Dataset\funiegan\401.bmp,sota,47.74848571,0.4592418426069995,test,0.44479942,0.4444093,0.19225301,0.36333758,0.44384474,0.39948586,0.40543678,0.61502314,0.6500031,0.41475767,0.630766
D:\uwiqa_dataset\SOTA\SOTA_Dataset\IBLA\312.bmp,sota,49.99600387,0.4963979992716484,test,0.44970733,0.43635124,0.25805044,0.30559835,0.33250332,0.6748765,0.42289332,0.45603,0.63381267,0.5592546,0.61352706
D:\uwiqa_dataset\SOTA\SOTA_Dataset\fusion12\248.bmp,sota,28.72543714,0.1447512255851808,test,0.20657435,0.6097716,0.07604229,0.31418613,0.4374085,0.729311,0.4580705,0.3940401,0.5681065,0.56985885,0.5334354
D:\uwiqa_dataset\SOTA\SOTA_Dataset\fusion12\36.bmp,sota,55.56752481,0.5885068456388836,test,0.62595576,0.52610284,0.18200165,0.2918955,0.57649565,0.5648074,0.44389543,0.44858837,0.47286722,0.43615285,0.44416234
D:\uwiqa_dataset\SOTA\SOTA_Dataset\IBLA\481.bmp,sota,41.74129007,0.35993038595784166,test,0.3080114,0.37833035,0.21194321,0.4097264,0.5328329,0.6569317,0.47961503,0.3941577,0.54387206,0.5108755,0.5727962
D:\uwiqa_dataset\SOTA\SOTA_Dataset\funiegan\682.bmp,sota,62.65554533,0.7056865888643467,test,0.814837,0.45903522,0.13546109,0.40550366,0.50578433,0.5034566,0.4390138,0.5027219,0.5103,0.45925587,0.4986572
D:\uwiqa_dataset\SOTA\SOTA_Dataset\waternet\761.bmp,sota,63.22161139,0.7150448399264429,test,0.60673934,0.50082284,0.21688868,0.28228852,0.41797367,0.44315264,0.42507014,0.598671,0.6278163,0.41668698,0.62107843
D:\uwiqa_dataset\SOTA\SOTA_Dataset\twostep\7.bmp,sota,24.46821219,0.07437042955243524,test,0.0956436,0.55248284,0.12158323,0.32593393,0.41343543,0.5437064,0.41920307,0.5043801,0.61773276,0.5179635,0.61257213
D:\uwiqa_dataset\SOTA\SOTA_Dataset\funiegan\110.bmp,sota,57.5299172,0.6209492794212005,test,0.43209693,0.48809496,0.10142485,0.41048026,0.45643535,0.3856753,0.42618328,0.6207516,0.6422786,0.41479728,0.603614
D:\uwiqa_dataset\SOTA\SOTA_Dataset\funiegan\214.bmp,sota,56.50234921,0.603961440168316,test,0.72366667,0.4215885,0.19670406,0.38170746,0.5878528,0.5245382,0.46195737,0.4509152,0.57043177,0.5542345,0.494742
D:\uwiqa_dataset\SOTA\SOTA_Dataset\IBLA\586.bmp,sota,46.11991376,0.43231815603093543,test,0.37383285,0.46375257,0.15335119,0.38289618,0.5174421,0.47980306,0.47233206,0.5263445,0.5038855,0.45869878,0.4841023
D:\uwiqa_dataset\SOTA\SOTA_Dataset\fusion18\321.bmp,sota,67.86885318,0.79187342671203,test,0.8170934,0.33866987,0.2527837,0.40854648,0.41037494,0.52635384,0.46813247,0.5519513,0.55946714,0.45191368,0.5752343
D:\uwiqa_dataset\SOTA\SOTA_Dataset\waternet\522.bmp,sota,48.02272428,0.4637755773957806,test,0.4745557,0.18345203,0.31436884,0.50217915,0.517461,0.77071345,0.45310068,0.36363345,0.5565903,0.65114295,0.4828864
D:\uwiqa_dataset\SOTA\SOTA_Dataset\HP\275.bmp,sota,23.04770474,0.050886482550422725,test,-0.009731294,0.25922027,0.045974765,0.69480497,0.5605352,0.43515742,0.5147099,0.56782484,0.5212336,0.4609608,0.46108294
D:\uwiqa_dataset\SOTA\SOTA_Dataset\waternet\236.bmp,sota,55.8553525,0.5932652368867941,test,0.5891489,0.33310375,0.29876277,0.36813343,0.43385047,0.5589546,0.43096048,0.4966942,0.5445809,0.45675397,0.5668165
D:\uwiqa_dataset\SOTA\SOTA_Dataset\funiegan\658.bmp,sota,52.5142269,0.5380294713035391,test,0.5542878,0.28495383,0.13361211,0.5814341,0.47535926,0.5664951,0.43275216,0.5401494,0.5000141,0.43313417,0.4830273
D:\uwiqa_dataset\SOTA\SOTA_Dataset\twostep\19.bmp,sota,56.52796642,0.6043849460091193,test,0.5125956,0.36658406,0.25136715,0.38204876,0.39495772,0.5436749,0.42958352,0.5365154,0.6374345,0.48180375,0.64571166
D:\uwiqa_dataset\SOTA\SOTA_Dataset\ACPAB\526.bmp,sota,75.75208896,0.9221997345831283,test,0.813753,0.5793619,0.034470446,0.38616765,0.47072,0.43949106,0.47646055,0.569175,0.5517741,0.45910576,0.54875004
D:\uwiqa_dataset\SOTA\SOTA_Dataset\funiegan\388.bmp,sota,48.84899095,0.47743548652741485,test,0.47699308,0.24919921,0.31700683,0.43379393,0.25248286,0.83363706,0.37540957,0.37605324,0.6569682,0.60912514,0.62484676
D:\uwiqa_dataset\SOTA\SOTA_Dataset\fusion12\442.bmp,sota,51.45204784,0.5204694389702433,test,0.58387846,0.5098875,0.16248189,0.3276306,0.47856867,0.5850016,0.45503262,0.46493942,0.57200164,0.5807479,0.45825836
D:\uwiqa_dataset\SOTA\SOTA_Dataset\HP\383.bmp,sota,35.71922145,0.2603730479695314,test,0.13616142,0.67162734,0.04363618,0.28473645,0.521483,0.45284146,0.5538305,0.56871796,0.4940167,0.4533717,0.46120447
D:\uwiqa_dataset\SOTA\SOTA_Dataset\HP\410.bmp,sota,19.96966051,0.0,test,-0.019656718,0.24148363,0.083040684,0.6754757,0.6727967,0.3529812,0.5038807,0.5314113,0.5780469,0.5554615,0.4758496
D:\uwiqa_dataset\SOTA\SOTA_Dataset\dive\755.bmp,sota,58.59057289,0.6384841272752845,test,0.4773709,0.53608775,0.12810639,0.3358059,0.50604725,0.35870647,0.5461274,0.635946,0.57368416,0.41729358,0.5451795
D:\uwiqa_dataset\SOTA\SOTA_Dataset\ACPAB\512.bmp,sota,39.80297591,0.32788601547130153,test,0.4860677,0.62596184,0.08105807,0.2929801,0.45328924,0.6555021,0.43920726,0.46193254,0.5714005,0.5086878,0.5354465
D:\uwiqa_dataset\SOTA\SOTA_Dataset\fusion12\561.bmp,sota,64.92125488,0.7431434870975477,test,0.7697618,0.5026074,0.16200224,0.3353904,0.55898446,0.5659231,0.45931593,0.47691107,0.47045574,0.5016538,0.35170478
D:\uwiqa_dataset\SOTA\SOTA_Dataset\twostep\743.bmp,sota,41.46142486,0.35530363108982105,test,0.420351,0.665189,0.07240169,0.2624093,0.52701306,0.47981519,0.46980712,0.56603473,0.49073327,0.46976945,0.44995263
D:\uwiqa_dataset\SOTA\SOTA_Dataset\waternet\65.bmp,sota,65.09245111,0.7459737173735411,test,0.6989012,0.47133562,0.22544362,0.30322078,0.4606396,0.40860274,0.47121865,0.60398364,0.5631357,0.4140352,0.5477926
D:\uwiqa_dataset\SOTA\SOTA_Dataset\fusion12\465.bmp,sota,57.15618081,0.6147706384183085,test,0.59628916,0.54656553,0.15692317,0.29651126,0.48178235,0.5320879,0.47772777,0.5177354,0.47645143,0.4888044,0.45294067
D:\uwiqa_dataset\SOTA\SOTA_Dataset\IBLA\185.bmp,sota,28.53527317,0.14160741905803284,test,0.4603725,0.48777965,0.2606982,0.25152218,0.5330949,0.40686643,0.56919605,0.61534405,0.49983418,0.38687074,0.5064849
D:\uwiqa_dataset\SOTA\SOTA_Dataset\ACPAB\56.bmp,sota,69.46481289,0.8182579650310563,test,0.8114937,0.6587247,0.02884579,0.31242946,0.5325904,0.4365633,0.47489494,0.54522383,0.50225407,0.4573175,0.49914002
D:\uwiqa_dataset\SOTA\SOTA_Dataset\fusion12\379.bmp,sota,46.42893341,0.43742689451955113,test,0.35331666,0.30562094,0.23983628,0.45454273,0.49855223,0.55192435,0.4597051,0.42895934,0.5634179,0.45728987,0.49610737
D:\uwiqa_dataset\SOTA\SOTA_Dataset\fusion12\435.bmp,sota,44.36482872,0.4033029445560606,test,0.49031436,0.46851534,0.23322567,0.298259,0.47452068,0.5009488,0.48614246,0.551847,0.4970079,0.47381905,0.5013225
D:\uwiqa_dataset\SOTA\SOTA_Dataset\ACPAB\445.bmp,sota,68.68283203,0.8053301925840843,test,0.8111619,0.5295177,0.08588721,0.3845951,0.5004199,0.41160172,0.50623685,0.5939857,0.535261,0.44093427,0.5321372
D:\uwiqa_dataset\SOTA\SOTA_Dataset\dive\657.bmp,sota,61.11086756,0.6801498478315089,test,0.6234877,0.47730502,0.16538411,0.35731092,0.5205225,0.46395496,0.44705844,0.5903589,0.5103557,0.40412322,0.47876215
D:\uwiqa_dataset\SOTA\SOTA_Dataset\ACPAB\20.bmp,sota,45.69355809,0.42526960872603564,test,0.43657327,0.42255315,0.19822502,0.37922183,0.4572414,0.52170557,0.45592025,0.5400417,0.5820155,0.487294,0.5640698
D:\uwiqa_dataset\SOTA\SOTA_Dataset\HP\83.bmp,sota,52.45574442,0.5370626340927479,test,0.38787755,0.6931934,0.048194993,0.25861162,0.5409821,0.43590122,0.51904273,0.5844095,0.5091337,0.4301245,0.46326143
D:\uwiqa_dataset\SOTA\SOTA_Dataset\dive\495.bmp,sota,53.68084918,0.5573161676139928,test,0.5720849,0.44279113,0.21319841,0.34401047,0.4399384,0.45241332,0.44503546,0.5341331,0.6113046,0.45490336,0.53455764
D:\uwiqa_dataset\SOTA\SOTA_Dataset\funiegan\80.bmp,sota,53.51505732,0.5545752828311604,test,0.55507064,0.45631906,0.2898564,0.25382453,0.4075621,0.5519509,0.45080528,0.53410715,0.5901456,0.4559079,0.592298
D:\uwiqa_dataset\SOTA\SOTA_Dataset\fusion18\178.bmp,sota,59.76776957,0.6579456404437408,test,0.6860633,0.6565331,0.05352096,0.2899459,0.533528,0.43611884,0.58140475,0.6039404,0.5452932,0.4991358,0.4352089
D:\uwiqa_dataset\SOTA\SOTA_Dataset\HP\323.bmp,sota,22.17613505,0.036477620134023205,test,0.022982795,0.37824914,0.09686596,0.5248849,0.68927985,0.32139888,0.497641,0.53928304,0.5925755,0.5818118,0.48275813
D:\uwiqa_dataset\SOTA\SOTA_Dataset\IBLA\787.bmp,sota,39.23704666,0.3185300261634744,test,0.37687376,0.33424184,0.34307054,0.32268766,0.47245443,0.5905127,0.3974615,0.45374122,0.64419115,0.5879207,0.5390057
D:\uwiqa_dataset\SOTA\SOTA_Dataset\IBLA\302.bmp,sota,54.11782997,0.5645403702841426,test,0.5856725,0.52097934,0.1914666,0.2875541,0.5271495,0.49113297,0.4822822,0.49816924,0.5214884,0.523863,0.48797873
D:\uwiqa_dataset\SOTA\SOTA_Dataset\fusion18\737.bmp,sota,64.93060374,0.743298043226605,test,0.64481264,0.43541694,0.19133115,0.37325194,0.46837607,0.55756605,0.44082052,0.51746786,0.5357551,0.47128442,0.5543916
D:\uwiqa_dataset\SOTA\SOTA_Dataset\fusion12\4.bmp,sota,61.68701797,0.6896748142043553,test,0.57788664,0.57870734,0.1180563,0.3032364,0.5181419,0.46271774,0.46758774,0.5703213,0.4788769,0.41130397,0.44671866
D:\uwiqa_dataset\SOTA\SOTA_Dataset\ACPAB\395.bmp,sota,50.89917161,0.5113292432718735,test,0.3986786,0.4465151,0.22211102,0.33137393,0.41121757,0.4414457,0.4258435,0.58355755,0.66618174,0.4391143,0.6402115
D:\uwiqa_dataset\SOTA\SOTA_Dataset\ACPAB\122.bmp,sota,51.45741971,0.5205582471707084,test,0.3776128,0.5953506,0.12363763,0.28101173,0.46112686,0.8141882,0.47592142,0.4068481,0.5897268,0.5956133,0.55950063
D:\uwiqa_dataset\SOTA\SOTA_Dataset\ACPAB\215.bmp,sota,69.75658752,0.8230816074184663,test,0.670703,0.57365555,0.19940312,0.22694132,0.5204075,0.5847645,0.4718091,0.52372235,0.52034235,0.47334078,0.46560428
D:\uwiqa_dataset\SOTA\SOTA_Dataset\fusion18\162.bmp,sota,53.68765454,0.5574286743900535,test,0.64725876,0.68045324,0.07964362,0.23990312,0.47815752,0.41469616,0.48593017,0.6030632,0.5086111,0.40783578,0.5054565
D:\uwiqa_dataset\SOTA\SOTA_Dataset\waternet\777.bmp,sota,54.94922858,0.5782851210735783,test,0.7049156,0.38712722,0.27729923,0.33557358,0.49659207,0.38948053,0.5217591,0.601011,0.5913628,0.46686646,0.53406477
D:\uwiqa_dataset\SOTA\SOTA_Dataset\IBLA\19.bmp,sota,44.37325806,0.403442299104199,test,0.4182619,0.43977234,0.15072913,0.40949848,0.5189127,0.35369444,0.46016696,0.6175119,0.64035976,0.47992066,0.5676629
D:\uwiqa_dataset\SOTA\SOTA_Dataset\IBLA\657.bmp,sota,62.48577086,0.7028798632426158,test,0.68581986,0.60833895,0.085913196,0.30574787,0.56350356,0.42184588,0.53346395,0.60016286,0.5071181,0.40652856,0.46488243
D:\uwiqa_dataset\SOTA\SOTA_Dataset\fusion18\507.bmp,sota,50.60146562,0.5064075431489056,test,0.6200535,0.59315217,0.11345879,0.293389,0.5444296,0.5947615,0.44279468,0.4936328,0.50672066,0.50698817,0.4694909
D:\uwiqa_dataset\SOTA\SOTA_Dataset\IBLA\553.bmp,sota,49.74472083,0.49224376720911,test,0.383546,0.48862344,0.1837888,0.32758772,0.48908296,0.60223335,0.47195503,0.4375394,0.48849306,0.5029867,0.4378447
D:\uwiqa_dataset\SOTA\SOTA_Dataset\fusion12\153.bmp,sota,63.51621747,0.7199152920801368,test,0.73289186,0.43099287,0.16387299,0.40513417,0.5064936,0.42107648,0.4624353,0.5737902,0.4796662,0.3862123,0.4808625
D:\uwiqa_dataset\SOTA\SOTA_Dataset\funiegan\432.bmp,sota,48.94345592,0.47899718924782414,test,0.46968198,0.5095352,0.20755503,0.28290984,0.54259795,0.5886475,0.42655307,0.41375852,0.57253134,0.5599783,0.56068
D:\uwiqa_dataset\SOTA\SOTA_Dataset\funiegan\410.bmp,sota,49.78193733,0.4928590334744157,test,0.46947142,0.34889445,0.28721678,0.36388877,0.29121912,0.84307534,0.3880406,0.3225572,0.6826485,0.58887005,0.70488036
D:\uwiqa_dataset\SOTA\SOTA_Dataset\IBLA\604.bmp,sota,55.37462189,0.5853177585631253,test,0.63482726,0.56794155,0.123240866,0.30881757,0.6208936,0.5468155,0.46935382,0.49527264,0.5008561,0.45813432,0.33259872
D:\uwiqa_dataset\SOTA\SOTA_Dataset\fusion12\167.bmp,sota,41.86578139,0.3619884867872957,test,0.43656063,0.19506335,0.3349583,0.46997824,0.46841672,0.6060327,0.4887867,0.49274066,0.5139986,0.5514873,0.501507
D:\uwiqa_dataset\SOTA\SOTA_Dataset\funiegan\76.bmp,sota,48.2410878,0.46738558122283064,test,0.50317985,0.42936736,0.2392109,0.33142173,0.37132314,0.53098243,0.41859347,0.5411885,0.6628503,0.44479883,0.65847665
D:\uwiqa_dataset\SOTA\SOTA_Dataset\fusion18\489.bmp,sota,66.90211933,0.7758913025081396,test,0.7292101,0.31904098,0.2697781,0.41118088,0.48802146,0.3979028,0.5135306,0.61667424,0.53518134,0.40209958,0.52386
D:\uwiqa_dataset\SOTA\SOTA_Dataset\fusion12\168.bmp,sota,30.329605,0.17127146172091656,test,0.28420883,0.351724,0.19396612,0.45430985,0.49343324,0.5844274,0.46945286,0.46532875,0.5229641,0.4740748,0.5463996
D:\uwiqa_dataset\SOTA\SOTA_Dataset\dive\583.bmp,sota,59.91124081,0.6603175188851196,test,0.64332217,0.39914235,0.20728822,0.3935694,0.4018342,0.69986063,0.45483384,0.45073116,0.6040528,0.62570006,0.5019172
D:\uwiqa_dataset\SOTA\SOTA_Dataset\funiegan\165.bmp,sota,52.99757006,0.5460201405205329,test,0.52912176,0.60142463,0.14077258,0.2578028,0.527574,0.8275242,0.53376204,0.39774427,0.551881,0.63301706,0.40765175
D:\uwiqa_dataset\SOTA\SOTA_Dataset\fusion12\219.bmp,sota,43.84142853,0.39465004919616425,test,0.51201344,0.4004206,0.2420167,0.35756278,0.5175353,0.51123047,0.47181037,0.52611536,0.49698496,0.4739696,0.4682988
D:\uwiqa_dataset\SOTA\SOTA_Dataset\twostep\450.bmp,sota,47.08721383,0.4483096410308367,test,0.41192153,0.43562245,0.107586235,0.45679125,0.49621525,0.5695033,0.46335006,0.44585034,0.5376897,0.5112464,0.5381624
D:\uwiqa_dataset\SOTA\SOTA_Dataset\fusion18\762.bmp,sota,57.36181689,0.6181702311514699,test,0.64798737,0.538873,0.23746827,0.22365874,0.49826464,0.53271955,0.44762295,0.5664073,0.5059291,0.41955173,0.52139115
D:\uwiqa_dataset\SOTA\SOTA_Dataset\dive\456.bmp,sota,55.32658598,0.5845236249141721,test,0.6189153,0.45780984,0.22648427,0.31570587,0.47718388,0.60586184,0.4329707,0.41880596,0.5845813,0.58077097,0.51673543
D:\uwiqa_dataset\SOTA\SOTA_Dataset\IBLA\774.bmp,sota,46.24402041,0.4343698974640389,test,0.56140566,0.3045112,0.36768115,0.32780764,0.39379498,0.5637028,0.42764926,0.4959375,0.63110375,0.49089402,0.6359107
D:\uwiqa_dataset\SOTA\SOTA_Dataset\twostep\399.bmp,sota,56.79874822,0.608861533189503,test,0.45046157,0.5043355,0.16395494,0.3317095,0.4100914,0.51051414,0.4387542,0.55776966,0.59875816,0.4620388,0.6005293
D:\uwiqa_dataset\SOTA\SOTA_Dataset\fusion12\268.bmp,sota,58.21889627,0.6323395385609015,test,0.7209661,0.4951029,0.14881854,0.3560786,0.506353,0.47925407,0.47195366,0.49797335,0.56623834,0.47650996,0.51236904
D:\uwiqa_dataset\SOTA\SOTA_Dataset\fusion18\130.bmp,sota,52.85844067,0.5437200419035334,test,0.6549499,0.50588804,0.22003455,0.27407736,0.45703188,0.6555217,0.435989,0.50139105,0.5340743,0.46318454,0.54215324
D:\uwiqa_dataset\SOTA\SOTA_Dataset\IBLA\325.bmp,sota,50.41995676,0.5034068236182647,test,0.5619147,0.4495931,0.21967453,0.33073238,0.4983629,0.5975271,0.41379002,0.38167766,0.6465017,0.5752602,0.55057806
D:\uwiqa_dataset\SOTA\SOTA_Dataset\HP\572.bmp,sota,25.83468364,0.09696104891987557,test,0.02686727,0.27947652,0.055599757,0.6649237,0.5493784,0.46713582,0.49489677,0.49095774,0.4867054,0.47106254,0.41868648
D:\uwiqa_dataset\SOTA\SOTA_Dataset\fusion18\230.bmp,sota,74.58148928,0.9028472835659282,test,0.8634997,0.3720185,0.1645895,0.46339193,0.48834336,0.3791409,0.5118221,0.622585,0.5430412,0.3917969,0.54523206
D:\uwiqa_dataset\SOTA\SOTA_Dataset\HP\56.bmp,sota,29.28866598,0.15406257149087457,test,0.15207252,0.3071282,0.03025359,0.6626182,0.5349228,0.44785917,0.48164442,0.5284453,0.47747537,0.42439952,0.45406753
D:\uwiqa_dataset\SOTA\SOTA_Dataset\HP\49.bmp,sota,45.4951992,0.42199032310163564,test,0.28922927,0.58319443,0.02660726,0.39019835,0.56005776,0.47193593,0.5025535,0.50062835,0.48083362,0.45797986,0.38919204
D:\uwiqa_dataset\SOTA\SOTA_Dataset\waternet\634.bmp,sota,45.2025895,0.4171528752677121,test,0.57468593,0.4429293,0.18107395,0.37599668,0.48190185,0.9213026,0.5002811,0.26709333,0.5918329,0.7722522,0.41299364
D:\uwiqa_dataset\SOTA\SOTA_Dataset\fusion18\426.bmp,sota,57.9857826,0.6284856840304485,test,0.73037857,0.3891728,0.22439626,0.38643098,0.4899708,0.38625568,0.529153,0.5808228,0.6065096,0.43955863,0.54346675
D:\uwiqa_dataset\SOTA\SOTA_Dataset\funiegan\308.bmp,sota,44.05170525,0.3981263613747712,test,0.5160319,0.37179098,0.30631372,0.32189533,0.4431781,0.40801582,0.41592148,0.58823353,0.6940411,0.4491841,0.6253575
D:\uwiqa_dataset\SOTA\SOTA_Dataset\twostep\296.bmp,sota,44.71027208,0.409013842839936,test,0.43727574,0.45595387,0.23807964,0.30596647,0.3972212,0.6496779,0.42741606,0.40971988,0.6032334,0.53791285,0.5941318
D:\uwiqa_dataset\SOTA\SOTA_Dataset\ACPAB\9.bmp,sota,47.54239198,0.4558346839660737,test,0.39434296,0.60122985,0.15287521,0.24589491,0.53734636,0.65974605,0.48244372,0.47419092,0.5269849,0.5362511,0.45894852
D:\uwiqa_dataset\SOTA\SOTA_Dataset\fusion12\303.bmp,sota,39.85390339,0.3287279527953656,test,0.4050149,0.6740751,0.10053448,0.22539046,0.49488807,0.6182654,0.4723378,0.4862473,0.51169646,0.54392034,0.50099725
D:\uwiqa_dataset\SOTA\SOTA_Dataset\ACPAB\728.bmp,sota,34.27086603,0.23642871601734236,test,0.42976445,0.682174,0.029473647,0.28835234,0.5767157,0.5954706,0.47746688,0.45574358,0.5172367,0.5150935,0.3652422
D:\uwiqa_dataset\SOTA\SOTA_Dataset\IBLA\301.bmp,sota,46.45410535,0.4378430391197768,test,0.39675808,0.42448658,0.23060544,0.34490794,0.47868067,0.5702885,0.4656586,0.4600027,0.5458393,0.50928646,0.4437195
D:\uwiqa_dataset\SOTA\SOTA_Dataset\fusion18\710.bmp,sota,67.40933986,0.7842767143867276,test,0.7631302,0.54851127,0.11774925,0.3337395,0.49594605,0.5257874,0.43779424,0.53724116,0.503075,0.4435729,0.5190507
D:\uwiqa_dataset\SOTA\SOTA_Dataset\ACPAB\531.bmp,sota,33.09824927,0.21704291846625473,test,0.12658346,0.68444026,0.036641,0.27891877,0.55396986,0.48825184,0.4913911,0.57823443,0.4900963,0.42183706,0.43483365
D:\uwiqa_dataset\SOTA\SOTA_Dataset\IBLA\733.bmp,sota,44.20412103,0.40064611169342706,test,0.38300452,0.32748604,0.2067645,0.46574947,0.32672635,0.798181,0.38290885,0.32535347,0.7246719,0.5192502,0.68942183
D:\uwiqa_dataset\SOTA\SOTA_Dataset\twostep\466.bmp,sota,43.88225823,0.39532504918360395,test,0.51743174,0.44799003,0.13501869,0.41699126,0.4689776,0.4495256,0.4767491,0.5664815,0.5265202,0.44985768,0.5211651
D:\uwiqa_dataset\SOTA\SOTA_Dataset\HP\325.bmp,sota,23.26903801,0.0545455825308291,test,0.009832344,0.14137544,0.044113483,0.81451106,0.5138849,0.4595292,0.47774184,0.53972596,0.49438196,0.48465756,0.50240576
D:\uwiqa_dataset\SOTA\SOTA_Dataset\twostep\167.bmp,sota,50.08843016,0.4979259983651784,test,0.4279534,0.24238926,0.28118783,0.47642288,0.42885935,0.6186245,0.452592,0.42258096,0.59446776,0.49965143,0.6388438
D:\uwiqa_dataset\SOTA\SOTA_Dataset\IBLA\659.bmp,sota,45.55491154,0.4229774924599703,test,0.3669634,0.52749217,0.17290364,0.29960415,0.4783393,0.65834737,0.50564396,0.4643292,0.51357734,0.6317268,0.42125866
D:\uwiqa_dataset\SOTA\SOTA_Dataset\fusion12\659.bmp,sota,47.43036042,0.45398256892254274,test,0.49209774,0.51379675,0.2049085,0.28129476,0.5072137,0.6718647,0.4861214,0.4526002,0.517806,0.6232156,0.37574434
D:\uwiqa_dataset\SOTA\SOTA_Dataset\twostep\194.bmp,sota,48.04697298,0.46417645891573867,test,0.525602,0.46045354,0.2596804,0.2798661,0.34526402,0.5499275,0.40381068,0.5594012,0.6894926,0.4173749,0.7022519
D:\uwiqa_dataset\SOTA\SOTA_Dataset\dive\60.bmp,sota,49.92436021,0.4952135803413076,test,0.48011,0.5011608,0.22211604,0.27672318,0.43592602,0.6960342,0.4541726,0.43552986,0.5856536,0.6300197,0.48501348
D:\uwiqa_dataset\SOTA\SOTA_Dataset\ACPAB\697.bmp,sota,56.37253981,0.6018154203991392,test,0.6379647,0.57165277,0.12237138,0.30597588,0.51611537,0.57991225,0.44168785,0.48808184,0.50797224,0.4741091,0.42607468
D:\uwiqa_dataset\SOTA\SOTA_Dataset\HP\104.bmp,sota,48.95292812,0.47915378444399337,test,0.75478256,0.6694482,0.08932681,0.24122508,0.54651827,0.43208337,0.5052117,0.5765014,0.49186063,0.41920948,0.44757012
D:\uwiqa_dataset\SOTA\SOTA_Dataset\HP\258.bmp,sota,24.90660914,0.08161804429718296,test,0.059480418,0.33417195,0.048116058,0.617712,0.5390096,0.45095456,0.5370501,0.56974125,0.5172632,0.46215913,0.44828784
D:\uwiqa_dataset\SOTA\SOTA_Dataset\dive\258.bmp,sota,63.44875516,0.7187999995748608,test,0.7235042,0.46260363,0.15546022,0.38193616,0.49534768,0.42358893,0.5267764,0.57626116,0.5837473,0.48163933,0.5088165
D:\uwiqa_dataset\SOTA\SOTA_Dataset\fusion18\413.bmp,sota,68.72808395,0.8060783010794107,test,0.78471863,0.3746631,0.2074624,0.4178745,0.5017,0.41404846,0.47992358,0.5965873,0.49171358,0.39473248,0.49937505
D:\uwiqa_dataset\SOTA\SOTA_Dataset\waternet\561.bmp,sota,50.4900681,0.5045659101072516,test,0.5417837,0.21188827,0.32037225,0.46773952,0.4919117,0.8275391,0.45889616,0.34157544,0.5893783,0.6626493,0.48831028
D:\uwiqa_dataset\SOTA\SOTA_Dataset\waternet\164.bmp,sota,60.95388485,0.6775545966472419,test,0.59921515,0.5357872,0.18143234,0.28278044,0.4008665,0.7471558,0.48838863,0.44361797,0.5710849,0.62113994,0.49663123
D:\uwiqa_dataset\SOTA\SOTA_Dataset\ACPAB\549.bmp,sota,36.12911116,0.26714937865777266,test,0.4806625,0.3747564,0.23821077,0.3870328,0.57343733,0.7827313,0.5086904,0.39529303,0.5479678,0.58794117,0.33492506
D:\uwiqa_dataset\SOTA\SOTA_Dataset\dive\320.bmp,sota,62.78221293,0.7077806681352947,test,0.66296065,0.31865633,0.20036945,0.48097423,0.46560284,0.49811238,0.4747936,0.5545578,0.51648533,0.4390484,0.53384763
D:\uwiqa_dataset\SOTA\SOTA_Dataset\waternet\667.bmp,sota,63.10825289,0.7131707878007554,test,0.77700305,0.582669,0.07175181,0.34557918,0.54957265,0.6116758,0.481411,0.45508993,0.5103993,0.5750244,0.3387562
D:\uwiqa_dataset\SOTA\SOTA_Dataset\dive\505.bmp,sota,60.86889564,0.676149547977217,test,0.54705036,0.42506662,0.27406183,0.30087155,0.40359905,0.559132,0.4548293,0.50609106,0.5799171,0.48357642,0.61357176
D:\uwiqa_dataset\SOTA\SOTA_Dataset\twostep\781.bmp,sota,32.50504459,0.20723600948702636,test,0.25203073,0.58079165,0.11971922,0.29948908,0.4460639,0.53046435,0.45546725,0.54115444,0.5513066,0.52268934,0.48657998
D:\uwiqa_dataset\SOTA\SOTA_Dataset\twostep\733.bmp,sota,37.82008511,0.2951047002744131,test,0.41829702,0.24326953,0.122411,0.6343195,0.36775598,0.7142108,0.44115862,0.3761461,0.64674944,0.5298899,0.6965818
D:\uwiqa_dataset\SOTA\SOTA_Dataset\fusion12\632.bmp,sota,51.51911148,0.5215781406300073,test,0.5524685,0.4745076,0.22377321,0.30171922,0.5516701,0.5693727,0.46401614,0.47257367,0.4712986,0.4898097,0.39346376
D:\uwiqa_dataset\SOTA\SOTA_Dataset\fusion18\287.bmp,sota,52.13181838,0.531707461928088,test,0.5501619,0.38079432,0.28264794,0.33655772,0.54133505,0.5337536,0.44810098,0.47732985,0.5309279,0.5063353,0.51588213
D:\uwiqa_dataset\SOTA\SOTA_Dataset\twostep\780.bmp,sota,47.64681003,0.4575609318307037,test,0.4463911,0.28026173,0.28670684,0.43303144,0.35275096,0.68632525,0.41720852,0.4224433,0.6532517,0.5414011,0.67939174
D:\uwiqa_dataset\SOTA\SOTA_Dataset\IBLA\256.bmp,sota,40.27775754,0.3357351447641111,test,0.35907602,0.42694467,0.3291578,0.24389753,0.43984824,0.46188554,0.49708962,0.55853754,0.5334233,0.48722944,0.5177973
D:\uwiqa_dataset\SOTA\SOTA_Dataset\fusion12\476.bmp,sota,54.83386782,0.5763779674194726,test,0.4722771,0.6975907,0.053074963,0.24933434,0.474312,0.5724136,0.49109524,0.51830286,0.5382639,0.59374535,0.3827988
D:\uwiqa_dataset\SOTA\SOTA_Dataset\ACPAB\191.bmp,sota,37.35285123,0.2873803510107294,test,0.2268747,0.57861984,0.03872809,0.38265207,0.5869181,0.48841512,0.5137847,0.5572452,0.5049303,0.45475563,0.42662448
D:\uwiqa_dataset\SOTA\SOTA_Dataset\dive\531.bmp,sota,76.22593892,0.9300334614302109,test,0.82623285,0.49342716,0.109657794,0.39691505,0.46911258,0.39586833,0.5601748,0.59333694,0.5392817,0.43785566,0.546178
D:\uwiqa_dataset\SOTA\SOTA_Dataset\waternet\487.bmp,sota,56.98277917,0.6119039481212446,test,0.51497674,0.45996368,0.20243742,0.33759886,0.44349745,0.6381236,0.45308262,0.44346064,0.5773004,0.5386241,0.6032006
D:\uwiqa_dataset\SOTA\SOTA_Dataset\IBLA\379.bmp,sota,46.18965392,0.4334711061413708,test,0.4158315,0.3494833,0.20769967,0.44281706,0.47204587,0.59208333,0.44310254,0.43711048,0.6215109,0.5351317,0.46934023
D:\uwiqa_dataset\SOTA\SOTA_Dataset\fusion12\722.bmp,sota,52.34410271,0.535216964081757,test,0.59029365,0.50627023,0.23954798,0.2541817,0.5178682,0.49933618,0.5073151,0.51801074,0.5014974,0.53158003,0.47919482
D:\uwiqa_dataset\SOTA\SOTA_Dataset\fusion12\512.bmp,sota,54.88523378,0.5772271537312709,test,0.6230246,0.39635488,0.20230252,0.4013426,0.47580776,0.7825587,0.44425616,0.32638028,0.52650255,0.59274256,0.37808466
D:\uwiqa_dataset\SOTA\SOTA_Dataset\IBLA\88.bmp,sota,51.84867219,0.5270264656265328,test,0.6407222,0.5002675,0.11097551,0.38875693,0.50492674,0.36503646,0.48195145,0.615274,0.62202805,0.48304656,0.542771
D:\uwiqa_dataset\SOTA\SOTA_Dataset\fusion12\18.bmp,sota,48.12316303,0.46543603914270665,test,0.61564845,0.36514628,0.2001797,0.434674,0.5085761,0.46655414,0.4582482,0.544677,0.47487327,0.41917595,0.46093857
D:\uwiqa_dataset\SOTA\SOTA_Dataset\waternet\220.bmp,sota,45.01162811,0.4139958857269738,test,0.34600815,0.45833308,0.2732403,0.26842672,0.2955895,0.8303412,0.43349653,0.40047204,0.6791241,0.59549636,0.7231025
D:\uwiqa_dataset\SOTA\SOTA_Dataset\dive\414.bmp,sota,54.52296458,0.571238089264723,test,0.6048334,0.47970012,0.17054367,0.3497562,0.52152854,0.42064977,0.5327217,0.58701247,0.55298346,0.4534019,0.5171891
D:\uwiqa_dataset\SOTA\SOTA_Dataset\ACPAB\726.bmp,sota,51.53426629,0.5218286812060989,test,0.40371647,0.6422176,0.052655168,0.30512726,0.47387215,0.6017503,0.50026274,0.51405966,0.5206447,0.5239455,0.4561171
D:\uwiqa_dataset\SOTA\SOTA_Dataset\dive\674.bmp,sota,44.07144337,0.3984526736119927,test,0.54577136,0.5734156,0.1718355,0.2547489,0.55895686,0.6850656,0.47047728,0.4275407,0.47827032,0.6136439,0.30289084
D:\uwiqa_dataset\SOTA\SOTA_Dataset\waternet\319.bmp,sota,50.87820717,0.5109826574106822,test,0.41613448,0.4609144,0.24824,0.2908456,0.36038655,0.69256437,0.4489634,0.45646635,0.59122133,0.5347076,0.6408884
D:\uwiqa_dataset\SOTA\SOTA_Dataset\dive\421.bmp,sota,58.80751263,0.6420705930532643,test,0.7348357,0.4284271,0.15638761,0.41518524,0.5052897,0.41231248,0.4932138,0.545656,0.5021236,0.3830677,0.5365856
D:\uwiqa_dataset\SOTA\SOTA_Dataset\IBLA\153.bmp,sota,73.14452264,0.8790912318694588,test,0.6316923,0.55983806,0.10805379,0.33210814,0.5292143,0.4602682,0.47243458,0.55291474,0.48460677,0.4241722,0.42639992
D:\uwiqa_dataset\SOTA\SOTA_Dataset\ACPAB\579.bmp,sota,60.22316649,0.665474300102766,test,0.83116317,0.59112376,0.05581621,0.35306007,0.58417344,0.49857903,0.49499512,0.5523432,0.50163007,0.45012698,0.36643192
D:\uwiqa_dataset\SOTA\SOTA_Dataset\twostep\274.bmp,sota,45.07737091,0.41508275115028714,test,0.38988814,0.3297999,0.24776085,0.42243922,0.5220324,0.5810109,0.48478907,0.41262043,0.5407016,0.4603719,0.5805228
D:\uwiqa_dataset\SOTA\SOTA_Dataset\twostep\713.bmp,sota,32.37688159,0.20511720813922718,test,0.123144045,0.6760086,0.06760002,0.2563914,0.5108852,0.5283682,0.49261367,0.54562426,0.48400566,0.4992546,0.38004336
D:\uwiqa_dataset\SOTA\SOTA_Dataset\fusion12\443.bmp,sota,53.73841575,0.5582678629246847,test,0.52080524,0.5681799,0.13608846,0.29573163,0.52588207,0.4987248,0.4857878,0.54625124,0.4951141,0.46582797,0.47180128
D:\uwiqa_dataset\SOTA\SOTA_Dataset\waternet\199.bmp,sota,57.49362073,0.6203492231681762,test,0.5813694,0.4913112,0.22181804,0.28687078,0.5049301,0.50108784,0.42656678,0.44298235,0.5996013,0.5311165,0.5313188
D:\uwiqa_dataset\SOTA\SOTA_Dataset\fusion18\203.bmp,sota,50.75743332,0.5089860141036519,test,0.664888,0.46266925,0.19369607,0.34363464,0.53744036,0.47770485,0.44476068,0.5731069,0.47217765,0.39452338,0.5118938
D:\uwiqa_dataset\SOTA\SOTA_Dataset\fusion12\353.bmp,sota,58.26971955,0.6331797532419214,test,0.6903365,0.4755217,0.11449777,0.40998048,0.48962477,0.43761596,0.49977472,0.5415167,0.5573385,0.46174124,0.5275084
D:\uwiqa_dataset\SOTA\SOTA_Dataset\fusion12\60.bmp,sota,59.01387631,0.6454822145299841,test,0.6673016,0.57888454,0.15607889,0.26503658,0.5113498,0.5863427,0.4549951,0.4537093,0.51505744,0.549602,0.45301777
D:\uwiqa_dataset\SOTA\SOTA_Dataset\waternet\312.bmp,sota,54.53797607,0.5714862604626857,test,0.5735202,0.54361075,0.17883644,0.27755284,0.40120855,0.478839,0.44386104,0.5342836,0.6264007,0.45980832,0.5887224
D:\uwiqa_dataset\SOTA\SOTA_Dataset\dive\169.bmp,sota,41.21408318,0.3512145579177594,test,0.45149255,0.5090538,0.18621445,0.30473173,0.50679356,0.44532156,0.44875184,0.6000684,0.546984,0.39588886,0.5120901
D:\uwiqa_dataset\SOTA\SOTA_Dataset\ACPAB\118.bmp,sota,56.12157592,0.5976664645508761,test,0.42065632,0.77573633,0.02652698,0.1977366,0.46768534,0.6812084,0.44906703,0.46434602,0.575567,0.52448297,0.5370208
D:\uwiqa_dataset\SOTA\SOTA_Dataset\fusion18\236.bmp,sota,69.46588999,0.8182757717376072,test,0.7291405,0.32520676,0.2189787,0.45581457,0.47558478,0.43578842,0.45503923,0.55499965,0.5105165,0.40243438,0.5403602
D:\uwiqa_dataset\SOTA\SOTA_Dataset\waternet\431.bmp,sota,50.51220914,0.5049319476172481,test,0.48209476,0.36026037,0.2030659,0.43667367,0.48637584,0.7117668,0.44320694,0.44873446,0.56603944,0.5395751,0.54508513
D:\uwiqa_dataset\SOTA\SOTA_Dataset\dive\117.bmp,sota,46.03364139,0.4308918940533456,test,0.5163839,0.4486009,0.28862035,0.26277876,0.415731,0.6521165,0.4725562,0.49460822,0.5897601,0.5763469,0.5072659
D:\uwiqa_dataset\SOTA\SOTA_Dataset\ACPAB\391.bmp,sota,55.99439555,0.595563908123751,test,0.58104366,0.67644405,0.061446857,0.26210904,0.5644441,0.4368609,0.456425,0.60114914,0.47048983,0.37389854,0.4339392
D:\uwiqa_dataset\SOTA\SOTA_Dataset\ACPAB\683.bmp,sota,51.88050456,0.5275527210080363,test,0.3653858,0.66857237,0.061340913,0.27008677,0.57078433,0.4333468,0.5032832,0.5585353,0.5349956,0.45367977,0.41512775
D:\uwiqa_dataset\SOTA\SOTA_Dataset\funiegan\197.bmp,sota,53.15715904,0.5486584787766435,test,0.5687463,0.36110193,0.30902314,0.32987493,0.48854655,0.4030973,0.4520545,0.5744995,0.62153894,0.47858176,0.5909126
D:\uwiqa_dataset\SOTA\SOTA_Dataset\waternet\609.bmp,sota,53.04728426,0.5468420197989889,test,0.60695094,0.36213914,0.21654086,0.42132,0.534613,0.83666074,0.45312935,0.30973047,0.5427126,0.71269745,0.387458
D:\uwiqa_dataset\SOTA\SOTA_Dataset\waternet\617.bmp,sota,60.31961542,0.6670688018144751,test,0.61680156,0.46135223,0.20170909,0.3369387,0.48061532,0.8873167,0.4938104,0.3139109,0.5609859,0.74639994,0.39724588
D:\uwiqa_dataset\SOTA\SOTA_Dataset\HP\53.bmp,sota,35.84992841,0.2625339062750856,test,0.16594921,0.51834804,0.060197327,0.42145467,0.5466569,0.43957895,0.48975375,0.5556024,0.4882149,0.43035126,0.45649624
D:\uwiqa_dataset\SOTA\SOTA_Dataset\twostep\751.bmp,sota,34.659763,0.24285799298644464,test,0.37215883,0.21271059,0.34420168,0.44308773,0.5083801,0.5084225,0.48520038,0.5037497,0.5161264,0.4270694,0.54938996
D:\uwiqa_dataset\SOTA\SOTA_Dataset\fusion12\698.bmp,sota,46.83499613,0.4441399570916433,test,0.48256922,0.38503763,0.21885169,0.39611068,0.5057552,0.5220972,0.45176482,0.50893503,0.47585964,0.4447303,0.44684386
D:\uwiqa_dataset\SOTA\SOTA_Dataset\twostep\201.bmp,sota,46.68882878,0.44172350633608787,test,0.5963732,0.5394887,0.1695541,0.2909572,0.5574449,0.49234143,0.4714372,0.51108027,0.51755625,0.5486175,0.50221103
D:\uwiqa_dataset\SOTA\SOTA_Dataset\HP\269.bmp,sota,26.76158905,0.11228472604970598,test,0.14789239,0.52022,0.0787049,0.40107507,0.5401157,0.4555026,0.54424036,0.56243926,0.5101817,0.46857825,0.44299015
D:\uwiqa_dataset\SOTA\SOTA_Dataset\ACPAB\310.bmp,sota,52.76396112,0.5421580981453545,test,0.5044195,0.552854,0.116162114,0.3309839,0.47365382,0.8245585,0.48620602,0.40355963,0.58895826,0.59968305,0.5336398
D:\uwiqa_dataset\SOTA\SOTA_Dataset\ACPAB\142.bmp,sota,30.14644564,0.16824345598735807,test,0.395288,0.6609483,0.105329156,0.23372261,0.55764836,0.80218285,0.48893815,0.3888482,0.56582165,0.6152027,0.40307242
D:\uwiqa_dataset\SOTA\SOTA_Dataset\funiegan\53.bmp,sota,66.45660061,0.7685259500709632,test,0.56888866,0.5272311,0.18000692,0.29276195,0.5393159,0.6794694,0.45711786,0.438232,0.5126448,0.5492934,0.42498598
D:\uwiqa_dataset\SOTA\SOTA_Dataset\fusion18\338.bmp,sota,60.69501722,0.6732749755136418,test,0.799195,0.52631736,0.065490216,0.40819243,0.5485315,0.36864135,0.4963005,0.6155997,0.47825995,0.32938272,0.49986818
D:\uwiqa_dataset\SOTA\SOTA_Dataset\funiegan\430.bmp,sota,45.27063567,0.41827782019494203,test,0.46019378,0.44405925,0.22971162,0.32622916,0.38743705,0.69914484,0.42812026,0.39632946,0.594363,0.60482603,0.5629353
D:\uwiqa_dataset\SOTA\SOTA_Dataset\fusion18\775.bmp,sota,60.7620462,0.6743831041714106,test,0.859697,0.3681429,0.16162309,0.470234,0.45513225,0.436764,0.47100255,0.57426333,0.5898716,0.44515312,0.5640792
D:\uwiqa_dataset\SOTA\SOTA_Dataset\fusion12\28.bmp,sota,51.73325136,0.5251183188902039,test,0.600188,0.30914474,0.2873028,0.40355247,0.51503426,0.47886643,0.46778318,0.56853765,0.48093903,0.42535958,0.46756437
D:\uwiqa_dataset\SOTA\SOTA_Dataset\dive\334.bmp,sota,63.04153826,0.7120678560032635,test,0.67448956,0.6388543,0.08929627,0.27184942,0.5096481,0.4294765,0.44926828,0.6033353,0.47375226,0.3800816,0.46557254
D:\uwiqa_dataset\SOTA\SOTA_Dataset\funiegan\365.bmp,sota,56.83347998,0.6094357215270063,test,0.65782756,0.37903377,0.30056107,0.32040516,0.48391342,0.49122855,0.47880927,0.5521098,0.5224318,0.47536626,0.48826197
D:\uwiqa_dataset\SOTA\SOTA_Dataset\fusion12\253.bmp,sota,39.03801338,0.31523959146765035,test,0.31994966,0.47010383,0.1865814,0.34331483,0.5100088,0.60883725,0.46584463,0.4435459,0.49167854,0.49271443,0.46553195
D:\uwiqa_dataset\SOTA\SOTA_Dataset\twostep\160.bmp,sota,46.37744164,0.4365756283063963,test,0.39398068,0.28781316,0.32148063,0.3907062,0.5492024,0.6195165,0.4935432,0.3940716,0.5423284,0.4713001,0.56916857
D:\uwiqa_dataset\SOTA\SOTA_Dataset\HP\446.bmp,sota,21.71617034,0.02887344539179569,test,0.02785841,0.22729108,0.014956922,0.757752,0.5595592,0.44331834,0.49716526,0.522088,0.5007342,0.47770572,0.46024463
D:\uwiqa_dataset\SOTA\SOTA_Dataset\ACPAB\89.bmp,sota,59.10805839,0.6470392404894462,test,0.76619536,0.694105,0.11077031,0.19512463,0.5680138,0.7385841,0.4931477,0.41740194,0.5499535,0.5721152,0.40308654
D:\uwiqa_dataset\SOTA\SOTA_Dataset\waternet\369.bmp,sota,46.90681616,0.44532729178545494,test,0.41765362,0.25276917,0.22916435,0.51806647,0.37865508,0.6479612,0.4337192,0.44555786,0.6243324,0.51043797,0.6616112
D:\uwiqa_dataset\SOTA\SOTA_Dataset\IBLA\157.bmp,sota,47.0117992,0.44706288011163386,test,0.37475508,0.54621255,0.121172726,0.33261472,0.49980286,0.5024394,0.48762652,0.5127065,0.51776284,0.53195065,0.46824265
D:\uwiqa_dataset\SOTA\SOTA_Dataset\dive\26.bmp,sota,66.02434291,0.761379829916499,test,0.76880276,0.41029602,0.14980434,0.43989968,0.48342383,0.41511446,0.47068647,0.5620507,0.55777186,0.4319853,0.5707336
D:\uwiqa_dataset\SOTA\SOTA_Dataset\ACPAB\127.bmp,sota,38.27270122,0.3025873873518354,test,0.053257156,0.71877617,0.025649294,0.25557455,0.5647341,0.48272786,0.5517589,0.5654482,0.47149038,0.43892738,0.42383936
D:\uwiqa_dataset\SOTA\SOTA_Dataset\ACPAB\2.bmp,sota,27.38132056,0.12253017878303529,test,0.1597713,0.6470651,0.043110017,0.3098249,0.46344998,0.60364646,0.43777838,0.5158335,0.5456091,0.461925,0.5168598
D:\uwiqa_dataset\SOTA\SOTA_Dataset\IBLA\154.bmp,sota,51.44808809,0.5204039760547611,test,0.52537656,0.5264269,0.16817206,0.305401,0.4979484,0.3699611,0.46468744,0.5998383,0.6082966,0.44546327,0.5424777
D:\uwiqa_dataset\SOTA\SOTA_Dataset\funiegan\542.bmp,sota,45.11485873,0.41570250290034033,test,0.3794006,0.522153,0.17129709,0.30654988,0.38686246,0.44891366,0.46244255,0.56781656,0.6155674,0.4456761,0.604482
D:\uwiqa_dataset\SOTA\SOTA_Dataset\ACPAB\159.bmp,sota,60.71872048,0.6736668397742728,test,0.775144,0.77746516,0.04698483,0.17555004,0.62164974,0.5126019,0.46532094,0.59175897,0.46909457,0.3788032,0.34840167
D:\uwiqa_dataset\SOTA\SOTA_Dataset\twostep\520.bmp,sota,41.12679243,0.3497714599975296,test,0.419105,0.34782407,0.25595903,0.39621684,0.5100092,0.6227425,0.4768085,0.40636787,0.53696233,0.4984649,0.55952483
D:\uwiqa_dataset\SOTA\SOTA_Dataset\dive\233.bmp,sota,58.03544646,0.6293067310838487,test,0.59715295,0.53120005,0.17034455,0.29845542,0.45506296,0.49182382,0.4118186,0.51218766,0.62290406,0.53039896,0.61793923
D:\uwiqa_dataset\SOTA\SOTA_Dataset\IBLA\136.bmp,sota,46.40766979,0.4370753625897813,test,0.2875474,0.4448997,0.13595578,0.41914448,0.5291531,0.44195852,0.4866138,0.5602881,0.5186839,0.4484849,0.43664494
D:\uwiqa_dataset\SOTA\SOTA_Dataset\fusion12\346.bmp,sota,49.63988256,0.4905105722325805,test,0.44169998,0.44707882,0.24240538,0.31051582,0.51656365,0.578014,0.469799,0.46452495,0.50547856,0.5109726,0.47418007
D:\uwiqa_dataset\SOTA\SOTA_Dataset\funiegan\747.bmp,sota,62.00760176,0.6949747320147577,test,0.65241367,0.60528755,0.13246514,0.26224732,0.5664781,0.48343542,0.4913089,0.52396953,0.5093497,0.46987262,0.5296319
D:\uwiqa_dataset\SOTA\SOTA_Dataset\dive\544.bmp,sota,54.76635219,0.5752617934235337,test,0.7407034,0.46466523,0.25164118,0.2836936,0.53948295,0.40785348,0.49502334,0.60959053,0.50603265,0.39539617,0.4615861
D:\uwiqa_dataset\SOTA\SOTA_Dataset\HP\620.bmp,sota,26.79173445,0.11278309230322646,test,0.16700402,0.64026016,0.022632198,0.33710766,0.5508744,0.46345142,0.50030863,0.53603,0.4974522,0.47683227,0.4440962
D:\uwiqa_dataset\SOTA\SOTA_Dataset\ACPAB\591.bmp,sota,59.8507515,0.6593175045942912,test,0.62777406,0.66361994,0.081999734,0.25438038,0.6135305,0.3894595,0.5810459,0.59489685,0.5591388,0.44318953,0.4652284
D:\uwiqa_dataset\SOTA\SOTA_Dataset\funiegan\355.bmp,sota,69.05737099,0.8115221017407936,test,0.7747023,0.44388035,0.13913319,0.41698644,0.53637904,0.42582554,0.51613253,0.56709,0.5448927,0.4695268,0.5029948
D:\uwiqa_dataset\SOTA\SOTA_Dataset\fusion12\594.bmp,sota,32.84674335,0.2128850017330673,test,0.094768114,0.5577589,0.118752904,0.3234882,0.54447985,0.4951257,0.48804426,0.51513225,0.49183592,0.44744226,0.5065597
D:\uwiqa_dataset\SOTA\SOTA_Dataset\waternet\545.bmp,sota,54.41012029,0.5693725381014119,test,0.68859196,0.54747295,0.12884597,0.32368103,0.35842368,0.6189286,0.4135754,0.4728491,0.64421475,0.5047909,0.65957206
D:\uwiqa_dataset\SOTA\SOTA_Dataset\fusion12\275.bmp,sota,37.96127646,0.297438887385183,test,0.34714282,0.5226289,0.16492274,0.31244832,0.4257374,0.6630627,0.44866592,0.41435653,0.60650796,0.5642341,0.57703984
D:\uwiqa_dataset\SOTA\SOTA_Dataset\dive\61.bmp,sota,37.29448402,0.28641541945314036,test,0.29226798,0.49000674,0.12839824,0.38159502,0.4736169,0.5373481,0.48650843,0.53156686,0.5548755,0.5592364,0.45954278
D:\uwiqa_dataset\SOTA\SOTA_Dataset\dive\88.bmp,sota,54.7868133,0.575600058191411,test,0.6650272,0.28975886,0.3143429,0.39589828,0.43733233,0.46716318,0.45098218,0.5698145,0.58593714,0.47019985,0.56057936
D:\uwiqa_dataset\SOTA\SOTA_Dataset\twostep\389.bmp,sota,41.66321773,0.3586396875564478,test,0.4435696,0.54845864,0.02811057,0.42343074,0.540396,0.4865462,0.4939302,0.542874,0.50144356,0.50897425,0.44336793
D:\uwiqa_dataset\SOTA\SOTA_Dataset\funiegan\195.bmp,sota,52.56969442,0.5389464649455034,test,0.756418,0.4923694,0.13644908,0.37118146,0.4063788,0.47336835,0.4082286,0.5505789,0.6877433,0.4685639,0.6408554
D:\uwiqa_dataset\SOTA\SOTA_Dataset\fusion12\648.bmp,sota,56.18692592,0.5987468361720044,test,0.71521765,0.62810814,0.10577393,0.26611787,0.5106787,0.5037991,0.47550246,0.5176141,0.4917304,0.47156948,0.46464646
D:\uwiqa_dataset\SOTA\SOTA_Dataset\ACPAB\694.bmp,sota,51.67449225,0.5241469084093047,test,0.5643697,0.49679387,0.1663156,0.33689052,0.5142041,0.79240954,0.49957228,0.39222947,0.58101845,0.6130269,0.45132977
D:\uwiqa_dataset\SOTA\SOTA_Dataset\dive\729.bmp,sota,67.95919751,0.7933670066701303,test,0.689866,0.547633,0.13437368,0.31799328,0.5052129,0.51066965,0.4815556,0.52303827,0.54186344,0.534494,0.47958565
D:\uwiqa_dataset\SOTA\SOTA_Dataset\IBLA\517.bmp,sota,35.22664606,0.25222975076031534,test,0.33354536,0.33826765,0.24802963,0.41370276,0.35863766,0.78560287,0.43111563,0.35477287,0.6401285,0.4989484,0.6818122
D:\uwiqa_dataset\SOTA\SOTA_Dataset\IBLA\395.bmp,sota,51.3938532,0.51950736035421,test,0.48073637,0.46102187,0.25170076,0.28727737,0.38219818,0.5390631,0.42479384,0.5412406,0.640384,0.5889875,0.4996907
D:\uwiqa_dataset\SOTA\SOTA_Dataset\IBLA\11.bmp,sota,45.67523671,0.42496671815202014,test,0.5534258,0.4515936,0.1795461,0.36886027,0.43360028,0.59106934,0.44276518,0.49266976,0.6118171,0.59686005,0.46767855
D:\uwiqa_dataset\SOTA\SOTA_Dataset\HP\586.bmp,sota,33.54677593,0.2244579984170356,test,0.23530178,0.4837691,0.09041929,0.42581165,0.5618019,0.42873454,0.48479295,0.5579386,0.47423905,0.3975096,0.42502147
D:\uwiqa_dataset\SOTA\SOTA_Dataset\twostep\665.bmp,sota,55.78532197,0.592107486355431,test,0.6563703,0.424147,0.13102728,0.44482568,0.5031392,0.4066266,0.48537022,0.6073896,0.49973074,0.3881223,0.5217364
D:\uwiqa_dataset\SOTA\SOTA_Dataset\twostep\523.bmp,sota,44.74566342,0.40959893540871495,test,0.54955465,0.47262618,0.20686382,0.3205099,0.38310716,0.50663507,0.45970017,0.53541315,0.6198318,0.47028145,0.6268899
D:\uwiqa_dataset\SOTA\SOTA_Dataset\fusion18\157.bmp,sota,54.66733853,0.5736248913827064,test,0.45396733,0.5132548,0.16781114,0.318934,0.4666253,0.7037829,0.47333336,0.48079288,0.52638334,0.52215934,0.53091973
D:\uwiqa_dataset\SOTA\SOTA_Dataset\waternet\134.bmp,sota,63.0546145,0.7122840334876869,test,0.7053422,0.28029713,0.35338664,0.36631623,0.43405285,0.5912522,0.44520783,0.5262688,0.5540442,0.46632653,0.55106705
D:\uwiqa_dataset\SOTA\SOTA_Dataset\dive\18.bmp,sota,58.14543788,0.6311251183636593,test,0.73150855,0.43994817,0.19503152,0.36502028,0.49206522,0.45995602,0.45917273,0.565132,0.5271622,0.46357083,0.51060605
D:\uwiqa_dataset\SOTA\SOTA_Dataset\funiegan\91.bmp,sota,58.71294545,0.6405072005886561,test,0.60740256,0.5192462,0.16630197,0.31445178,0.5336352,0.58985114,0.47910404,0.4858574,0.5229636,0.60992366,0.383844
D:\uwiqa_dataset\SOTA\SOTA_Dataset\fusion12\223.bmp,sota,38.63084105,0.3085081847309901,test,0.37801194,0.5674134,0.10677524,0.3258114,0.4311797,0.8182187,0.4774977,0.36777216,0.5929393,0.66787225,0.54903895
D:\uwiqa_dataset\SOTA\SOTA_Dataset\waternet\238.bmp,sota,54.79536227,0.5757413904726334,test,0.59523493,0.52888286,0.17752679,0.29359037,0.50408447,0.5104572,0.44475573,0.48297453,0.53897065,0.52884626,0.55788565
D:\uwiqa_dataset\SOTA\SOTA_Dataset\waternet\178.bmp,sota,57.67066872,0.623276195225924,test,0.6469379,0.5566897,0.15119119,0.29211903,0.503577,0.5192116,0.54443645,0.5461892,0.527938,0.58929414,0.38033542
D:\uwiqa_dataset\SOTA\SOTA_Dataset\fusion18\317.bmp,sota,68.8862987,0.8086939204511617,test,0.92431,0.41975617,0.104480885,0.4757629,0.49525118,0.36120093,0.53971124,0.63926196,0.60356957,0.42057142,0.5410588
D:\uwiqa_dataset\SOTA\SOTA_Dataset\fusion18\48.bmp,sota,74.76203019,0.9058320008668725,test,0.9229815,0.41528043,0.17456304,0.41015655,0.46418273,0.56198394,0.45327294,0.522391,0.5362078,0.48303,0.5066087
D:\uwiqa_dataset\SOTA\SOTA_Dataset\HP\180.bmp,sota,56.13077791,0.5978185926129098,test,0.6895834,0.69562334,0.05694528,0.24743143,0.54241115,0.43311304,0.5170735,0.5890353,0.51164293,0.42539042,0.45602345
D:\uwiqa_dataset\SOTA\SOTA_Dataset\fusion12\197.bmp,sota,57.03627926,0.6127884160472402,test,0.6418698,0.37365785,0.2757897,0.35055244,0.5013673,0.428002,0.48213163,0.56815493,0.52599365,0.44032404,0.5061017
D:\uwiqa_dataset\SOTA\SOTA_Dataset\fusion18\151.bmp,sota,62.7026745,0.7064657322124008,test,0.72122526,0.54423505,0.17935294,0.27641207,0.4877338,0.65516394,0.43101996,0.40493315,0.54133797,0.56186116,0.47940487
D:\uwiqa_dataset\SOTA\SOTA_Dataset\HP\728.bmp,sota,21.10488235,0.018767581631541005,test,-0.0041838633,0.2864734,0.02936713,0.68415946,0.61128926,0.4215685,0.4675884,0.49611846,0.51909477,0.53186244,0.49549142
D:\uwiqa_dataset\SOTA\SOTA_Dataset\IBLA\50.bmp,sota,25.62457966,0.09348759249327819,test,0.3157385,0.67966384,0.058538698,0.26179746,0.7318102,0.5723805,0.45169166,0.4719043,0.43152484,0.41777092,0.2840606
D:\uwiqa_dataset\SOTA\SOTA_Dataset\twostep\398.bmp,sota,44.30022936,0.4022349825776818,test,0.46645826,0.23088245,0.30076346,0.46835417,0.4748805,0.5859623,0.46566465,0.448177,0.5476909,0.4996094,0.5767047
D:\uwiqa_dataset\SOTA\SOTA_Dataset\fusion12\118.bmp,sota,60.14467669,0.6641767002180216,test,0.8182873,0.5330871,0.07795964,0.3889533,0.47700164,0.43248782,0.46215343,0.57440233,0.5016571,0.40103486,0.5121987
D:\uwiqa_dataset\SOTA\SOTA_Dataset\IBLA\750.bmp,sota,39.38852841,0.3210343350206875,test,0.45724887,0.64695275,0.11607395,0.23697329,0.62409693,0.6613328,0.484856,0.49440482,0.49352074,0.5028837,0.3209377
D:\uwiqa_dataset\SOTA\SOTA_Dataset\twostep\66.bmp,sota,55.57798557,0.588679783790979,test,0.7483175,0.38722047,0.15079392,0.46198562,0.48230016,0.42171648,0.48811525,0.59185064,0.5295761,0.4225403,0.5127069
D:\uwiqa_dataset\SOTA\SOTA_Dataset\fusion12\136.bmp,sota,65.28473498,0.7491525702633459,test,0.710179,0.44575134,0.13232225,0.4219264,0.5202615,0.4813276,0.46617284,0.55365366,0.47875318,0.4319381,0.44321173
D:\uwiqa_dataset\SOTA\SOTA_Dataset\IBLA\361.bmp,sota,50.52112714,0.5050793807330434,test,0.49954888,0.5023073,0.20820723,0.28948554,0.43611947,0.63500684,0.47283888,0.40760157,0.5242788,0.5333714,0.5247617
D:\uwiqa_dataset\SOTA\SOTA_Dataset\IBLA\651.bmp,sota,40.84976188,0.34519156796377903,test,0.38971806,0.47165066,0.09889732,0.42945197,0.55854154,0.66297007,0.5025398,0.43173546,0.48500866,0.60321134,0.29735923
D:\uwiqa_dataset\SOTA\SOTA_Dataset\HP\15.bmp,sota,31.40859975,0.1891094924362428,test,0.31396794,0.5449814,0.062452015,0.39256656,0.61997175,0.49135253,0.47732425,0.42691132,0.4476285,0.3598825,0.26669344
D:\uwiqa_dataset\SOTA\SOTA_Dataset\funiegan\364.bmp,sota,41.89212434,0.3624239906219829,test,0.40942267,0.3611625,0.22047764,0.41835985,0.57347363,0.56981325,0.46198362,0.40454704,0.53254056,0.47408393,0.5215807
D:\uwiqa_dataset\SOTA\SOTA_Dataset\twostep\560.bmp,sota,60.95711272,0.6776079600618509,test,0.6025553,0.47935972,0.14111373,0.37952653,0.52249163,0.4410592,0.4820188,0.55741686,0.5115416,0.46719867,0.53589064
D:\uwiqa_dataset\SOTA\SOTA_Dataset\HP\287.bmp,sota,25.1218346,0.08517616945599416,test,0.12824488,0.28473094,0.10125169,0.6140173,0.6497077,0.36002937,0.48648846,0.5149297,0.583898,0.5676247,0.45196685
D:\uwiqa_dataset\SOTA\SOTA_Dataset\dive\253.bmp,sota,75.70578491,0.9214342321873624,test,0.83742744,0.50876665,0.10980158,0.38143176,0.5079328,0.43502948,0.50235164,0.58120567,0.5296423,0.46061915,0.5003689
D:\uwiqa_dataset\SOTA\SOTA_Dataset\waternet\253.bmp,sota,49.78814453,0.49296165141973575,test,0.5218052,0.23522556,0.2934239,0.4713506,0.4126193,0.7495044,0.46763828,0.40565816,0.5815144,0.5771599,0.6058427
D:\uwiqa_dataset\SOTA\SOTA_Dataset\IBLA\552.bmp,sota,45.8618431,0.42805171047148804,test,0.3118522,0.46454677,0.07235443,0.46309888,0.5378811,0.42483807,0.50797683,0.5708977,0.49751964,0.39365023,0.4450153
D:\uwiqa_dataset\SOTA\SOTA_Dataset\IBLA\741.bmp,sota,24.7719321,0.07939155229972956,test,0.08422936,0.492213,0.07364536,0.43414164,0.68857414,0.49748063,0.46981928,0.43958783,0.6146804,0.48857114,0.31016752
D:\uwiqa_dataset\SOTA\SOTA_Dataset\waternet\677.bmp,sota,56.58522833,0.6053316046554178,test,0.53387403,0.4270322,0.23313874,0.3398291,0.5366555,0.7537087,0.49603894,0.40404055,0.5262239,0.65964264,0.36869872
D:\uwiqa_dataset\SOTA\SOTA_Dataset\fusion12\522.bmp,sota,50.15149883,0.4989686548494984,test,0.5095853,0.339702,0.29317,0.367128,0.5515112,0.62032664,0.46708533,0.4353408,0.4882748,0.5348152,0.379641
D:\uwiqa_dataset\SOTA\SOTA_Dataset\dive\632.bmp,sota,61.12653591,0.6804088782934814,test,0.61229706,0.44817036,0.25909472,0.29273486,0.51388645,0.5020259,0.4595598,0.49957705,0.51642007,0.48496863,0.4879008
D:\uwiqa_dataset\SOTA\SOTA_Dataset\waternet\133.bmp,sota,57.50392171,0.620519519824057,test,0.5485517,0.20711127,0.35789886,0.43498987,0.4336266,0.7423044,0.4632032,0.4231212,0.58185536,0.58657634,0.5540264
D:\uwiqa_dataset\SOTA\SOTA_Dataset\funiegan\739.bmp,sota,57.12938432,0.6143276366227178,test,0.56411016,0.40422562,0.2342436,0.36153075,0.49230248,0.4720228,0.43367434,0.51738083,0.5871634,0.5443459,0.54928917
D:\uwiqa_dataset\SOTA\SOTA_Dataset\funiegan\129.bmp,sota,59.29980028,0.650209133320931,test,0.5218849,0.42294592,0.28686842,0.29018566,0.46587154,0.39066094,0.48860505,0.6116192,0.5859105,0.41524646,0.57381374
D:\uwiqa_dataset\SOTA\SOTA_Dataset\fusion18\117.bmp,sota,57.08285822,0.6135584632779314,test,0.6419426,0.54568005,0.19715434,0.2571657,0.48359838,0.6738528,0.47694695,0.4713994,0.53290546,0.5393534,0.4510984
D:\uwiqa_dataset\SOTA\SOTA_Dataset\waternet\349.bmp,sota,55.61724734,0.5893288626295906,test,0.584425,0.41543704,0.23093234,0.35363057,0.42270565,0.61360776,0.449141,0.47992945,0.5784733,0.51959586,0.5668356
D:\uwiqa_dataset\SOTA\SOTA_Dataset\dive\11.bmp,sota,70.67651877,0.8382899871566332,test,0.71859324,0.5139812,0.11962336,0.36639547,0.43667367,0.56647676,0.44575527,0.48531383,0.5716639,0.5338514,0.52923363
D:\uwiqa_dataset\SOTA\SOTA_Dataset\waternet\378.bmp,sota,53.33273736,0.5515611541280346,test,0.6220405,0.42358655,0.20949513,0.36691839,0.41017994,0.5122062,0.43704104,0.49350983,0.6215117,0.45987144,0.6165996
D:\uwiqa_dataset\SOTA\SOTA_Dataset\waternet\172.bmp,sota,65.45787118,0.7520148722843103,test,0.7314459,0.4090845,0.28594244,0.30497307,0.49563485,0.44984612,0.48656204,0.5958763,0.5185879,0.4132054,0.5024687
D:\uwiqa_dataset\SOTA\SOTA_Dataset\ACPAB\766.bmp,sota,27.25244545,0.12039960477364271,test,0.13590151,0.5601219,0.18002273,0.25985536,0.36968845,0.8394522,0.46447393,0.43399987,0.62733954,0.5687387,0.662448
D:\uwiqa_dataset\SOTA\SOTA_Dataset\dive\107.bmp,sota,59.46613287,0.6529589574969797,test,0.43874988,0.675959,0.082294546,0.24174649,0.4398943,0.5944654,0.4545716,0.46278742,0.5661168,0.5403589,0.5926719
D:\uwiqa_dataset\SOTA\SOTA_Dataset\waternet\655.bmp,sota,56.85382047,0.6097719921950377,test,0.7498589,0.43383622,0.23620176,0.32996196,0.44197547,0.54552096,0.43090028,0.4895227,0.5546427,0.48226443,0.573812
D:\uwiqa_dataset\SOTA\SOTA_Dataset\dive\120.bmp,sota,47.1347255,0.4490951079006212,test,0.4083678,0.66032934,0.034753628,0.30491704,0.486548,0.5421625,0.453217,0.4917732,0.50501555,0.5185297,0.4718517
D:\uwiqa_dataset\SOTA\SOTA_Dataset\fusion12\636.bmp,sota,59.56446768,0.6545846367332927,test,0.6350203,0.35968181,0.15027465,0.49004358,0.5374835,0.44900367,0.48588824,0.542195,0.4845258,0.43548048,0.45041683
D:\uwiqa_dataset\SOTA\SOTA_Dataset\waternet\648.bmp,sota,46.73019539,0.4424073825641871,test,0.65637493,0.44523975,0.2155838,0.33917645,0.44464275,0.6864227,0.4624249,0.44078234,0.5696569,0.56019586,0.55822146
D:\uwiqa_dataset\SOTA\SOTA_Dataset\HP\569.bmp,sota,31.18496199,0.1854122944359868,test,0.25034985,0.41142192,0.10232053,0.48625755,0.5245174,0.4905687,0.57732856,0.54532903,0.49555627,0.49485934,0.43131912
D:\uwiqa_dataset\SOTA\SOTA_Dataset\HP\201.bmp,sota,22.4061414,0.04028010419246749,test,0.030184705,0.17076045,0.0912485,0.7379911,0.5132964,0.4435096,0.4795408,0.5608788,0.49350914,0.4444012,0.4931585
D:\uwiqa_dataset\SOTA\SOTA_Dataset\ACPAB\53.bmp,sota,67.94426299,0.7931201079465928,test,0.5545542,0.62301743,0.098320454,0.2786621,0.54842514,0.5416749,0.45553285,0.5356405,0.49180594,0.46004725,0.44115672
D:\uwiqa_dataset\SOTA\SOTA_Dataset\fusion18\228.bmp,sota,43.58820376,0.39046371629218907,test,0.49529916,0.46650952,0.20803759,0.3254529,0.4543388,0.6252369,0.5289628,0.4984873,0.4331856,0.6049594,0.38910776
D:\uwiqa_dataset\SOTA\SOTA_Dataset\HP\414.bmp,sota,49.73076043,0.49201297271822086,test,0.36123526,0.52583015,0.1324237,0.34174612,0.5352013,0.43866196,0.53469175,0.5903069,0.5117174,0.43060055,0.46337515
D:\uwiqa_dataset\SOTA\SOTA_Dataset\fusion18\483.bmp,sota,36.18215312,0.26802627274060403,test,0.32212502,0.59078276,0.0461148,0.36310244,0.5130127,0.40634322,0.49701363,0.5897002,0.6051558,0.492301,0.5175388
D:\uwiqa_dataset\SOTA\SOTA_Dataset\ACPAB\564.bmp,sota,46.00271236,0.43038057276365876,test,0.5096865,0.597092,0.14829741,0.25461063,0.4509384,0.5608448,0.44665653,0.5373837,0.5629626,0.45930445,0.55267555
D:\uwiqa_dataset\SOTA\SOTA_Dataset\dive\694.bmp,sota,65.07986502,0.7457656430895784,test,0.6732967,0.4100443,0.2414527,0.34850305,0.50997734,0.639074,0.45347273,0.45261437,0.5329325,0.5743433,0.4669575
D:\uwiqa_dataset\SOTA\SOTA_Dataset\ACPAB\686.bmp,sota,55.59231265,0.5889166402660462,test,0.6465719,0.47831678,0.18486732,0.3368159,0.48476443,0.5286378,0.44253796,0.51569414,0.52528256,0.47134686,0.47955778
D:\uwiqa_dataset\SOTA\SOTA_Dataset\ACPAB\679.bmp,sota,23.45374338,0.05759914702995728,test,0.06268948,0.4779877,0.12328432,0.39872792,0.52304333,0.9232811,0.5417236,0.31662208,0.6211465,0.6957753,0.4636869
D:\uwiqa_dataset\SOTA\SOTA_Dataset\fusion12\345.bmp,sota,25.93866254,0.09868003672027571,test,0.08068891,0.47163424,0.1151997,0.41316602,0.5115408,0.55917275,0.46473202,0.48306993,0.49705544,0.5438721,0.45064253
D:\uwiqa_dataset\SOTA\SOTA_Dataset\funiegan\620.bmp,sota,46.77014354,0.44306780869389767,test,0.5288838,0.48603982,0.14562988,0.36833033,0.4929331,0.6388928,0.47795808,0.48532006,0.51100594,0.54230887,0.40922582
D:\uwiqa_dataset\SOTA\SOTA_Dataset\twostep\114.bmp,sota,58.68570063,0.6400567869643142,test,0.6398382,0.33745664,0.30745435,0.35508898,0.36282685,0.55975324,0.4145213,0.5498147,0.6650668,0.4524179,0.67253387
D:\uwiqa_dataset\SOTA\SOTA_Dataset\dive\680.bmp,sota,57.64759744,0.6228947789110792,test,0.6623137,0.5937607,0.14720294,0.2590363,0.5733864,0.6613288,0.4834,0.45321846,0.48950192,0.6036899,0.32395813
D:\uwiqa_dataset\SOTA\SOTA_Dataset\funiegan\304.bmp,sota,67.22352923,0.7812048776375922,test,0.61187506,0.7088845,0.045989256,0.2451263,0.5869421,0.6052592,0.45491427,0.5037237,0.46270815,0.46706775,0.3118023
D:\uwiqa_dataset\SOTA\SOTA_Dataset\dive\496.bmp,sota,49.0088656,0.48007854750366336,test,0.4186262,0.49658784,0.20200229,0.30140987,0.4377327,0.5061833,0.44866648,0.554305,0.5408833,0.4753667,0.56805927
D:\uwiqa_dataset\SOTA\SOTA_Dataset\waternet\40.bmp,sota,44.21917457,0.40089497806547786,test,0.40593606,0.3889346,0.21285939,0.39820603,0.44964203,0.88162655,0.44242603,0.2808424,0.6205125,0.6910374,0.5740584
D:\uwiqa_dataset\SOTA\SOTA_Dataset\funiegan\55.bmp,sota,66.74183146,0.7732414101445723,test,0.77694255,0.60239214,0.08160631,0.3160016,0.5607555,0.5395099,0.45198604,0.48864457,0.4773677,0.5043156,0.3743213
D:\uwiqa_dataset\SOTA\SOTA_Dataset\ACPAB\387.bmp,sota,38.12006095,0.30006392574587704,test,0.11128601,0.7035313,0.038888108,0.25758058,0.54041815,0.38546243,0.5160687,0.6177328,0.51952434,0.3947992,0.4779235
D:\uwiqa_dataset\SOTA\SOTA_Dataset\waternet\139.bmp,sota,57.43928356,0.6194509165661801,test,0.5814477,0.37693387,0.28716847,0.33589765,0.40690678,0.5967186,0.43496743,0.50051856,0.5810483,0.48975742,0.6029257
D:\uwiqa_dataset\SOTA\SOTA_Dataset\funiegan\113.bmp,sota,46.55970342,0.4395887951729357,test,0.3068008,0.522279,0.10206648,0.3756545,0.43038988,0.38744769,0.4103798,0.58451897,0.7371839,0.43271965,0.6380159
D:\uwiqa_dataset\SOTA\SOTA_Dataset\fusion12\323.bmp,sota,45.36565097,0.4198486210165641,test,0.3484168,0.38475376,0.21744868,0.3977976,0.39465782,0.7828479,0.42190143,0.36027256,0.6785238,0.62143713,0.47608694
D:\uwiqa_dataset\SOTA\SOTA_Dataset\twostep\641.bmp,sota,57.27375716,0.6167144203900892,test,0.63209486,0.6250345,0.11523955,0.25972596,0.53106844,0.4051165,0.5088607,0.61395544,0.50107276,0.39413372,0.5059535
D:\uwiqa_dataset\SOTA\SOTA_Dataset\funiegan\105.bmp,sota,54.75497596,0.5750737206454551,test,0.5108893,0.3914714,0.2784061,0.33012244,0.40187913,0.47515765,0.42896807,0.5612045,0.6257335,0.4291094,0.63161975
D:\uwiqa_dataset\SOTA\SOTA_Dataset\dive\63.bmp,sota,45.36718822,0.4198740349610873,test,0.20800751,0.5775597,0.05566907,0.3667712,0.62664163,0.52742124,0.49716502,0.5246473,0.47766355,0.4736737,0.40367848
D:\uwiqa_dataset\SOTA\SOTA_Dataset\dive\184.bmp,sota,51.9377229,0.5284986593514804,test,0.4939513,0.5122803,0.18188803,0.3058316,0.54182404,0.3478872,0.5377357,0.62067133,0.5712146,0.45492423,0.5239667
D:\uwiqa_dataset\SOTA\SOTA_Dataset\funiegan\565.bmp,sota,62.28091849,0.699493226868187,test,0.77364844,0.6800007,0.040091604,0.27990764,0.49605256,0.46961895,0.4397976,0.5583311,0.48369074,0.40164566,0.48033485
D:\uwiqa_dataset\SOTA\SOTA_Dataset\fusion18\97.bmp,sota,63.65702631,0.7222431555038553,test,0.84942096,0.4177027,0.12566182,0.45663545,0.5347065,0.44952917,0.47485837,0.55185926,0.4626813,0.40279594,0.38972437
D:\uwiqa_dataset\SOTA\SOTA_Dataset\waternet\623.bmp,sota,55.57308038,0.5885986907829874,test,0.6850127,0.5333059,0.20239866,0.2642955,0.44122162,0.77429235,0.48894992,0.4018888,0.5476611,0.66791856,0.42127678
D:\uwiqa_dataset\SOTA\SOTA_Dataset\funiegan\38.bmp,sota,56.14993518,0.5981353021897469,test,0.5955827,0.4253725,0.23232439,0.34230304,0.47631475,0.8454155,0.5035748,0.36303747,0.5420679,0.65375185,0.44476578
D:\uwiqa_dataset\SOTA\SOTA_Dataset\ACPAB\430.bmp,sota,32.31504074,0.20409485007700126,test,0.15322284,0.5262512,0.10200439,0.3717444,0.45178762,0.6594015,0.48235497,0.48631787,0.5547308,0.534469,0.51416653
D:\uwiqa_dataset\SOTA\SOTA_Dataset\funiegan\768.bmp,sota,32.60774616,0.20893388036190524,test,0.20527495,0.43546274,0.33632946,0.22820781,0.46865273,0.35247794,0.60132515,0.5404365,0.59801006,0.51686364,0.5293694
D:\uwiqa_dataset\SOTA\SOTA_Dataset\ACPAB\717.bmp,sota,39.42648852,0.32166189470819956,test,0.18114504,0.75642866,0.0106848255,0.23288645,0.57296425,0.47155696,0.5224111,0.5840412,0.4934495,0.42411742,0.41461793
D:\uwiqa_dataset\SOTA\SOTA_Dataset\ACPAB\532.bmp,sota,45.45592251,0.4213409976043463,test,0.44741005,0.46958473,0.23920271,0.2912126,0.37619174,0.4846225,0.4609472,0.54504454,0.6261022,0.4789361,0.6098766
D:\uwiqa_dataset\SOTA\SOTA_Dataset\twostep\498.bmp,sota,45.33943163,0.4194151607126511,test,0.42782968,0.5539511,0.1361635,0.30988547,0.40771616,0.51472026,0.4387227,0.5583052,0.5970383,0.4594628,0.61643213
D:\uwiqa_dataset\SOTA\SOTA_Dataset\HP\229.bmp,sota,20.50122018,0.008787788560128478,test,-0.0135708535,0.31364277,0.036466878,0.6498903,0.6467555,0.37912858,0.49507815,0.530392,0.564084,0.55024403,0.48181072
D:\uwiqa_dataset\SOTA\SOTA_Dataset\HP\3.bmp,sota,26.09208112,0.10121636541171906,test,0.08619166,0.19446082,0.029508613,0.77603066,0.537096,0.44923547,0.5026294,0.56318814,0.5012346,0.45491254,0.4664965
D:\uwiqa_dataset\SOTA\SOTA_Dataset\twostep\130.bmp,sota,62.4075258,0.7015863094198539,test,0.5906004,0.381251,0.25750494,0.36124408,0.49177185,0.44093102,0.46344158,0.58371514,0.50101805,0.4220984,0.47951767
D:\uwiqa_dataset\SOTA\SOTA_Dataset\HP\186.bmp,sota,50.61385051,0.5066122911777777,test,0.43335456,0.72194207,0.050573323,0.22748455,0.5300852,0.43380263,0.52390295,0.5916381,0.5092273,0.42612353,0.47595793
D:\uwiqa_dataset\SOTA\SOTA_Dataset\HP\560.bmp,sota,32.6397655,0.20946322674695908,test,0.31532875,0.4747943,0.07325823,0.4519474,0.5401035,0.44359282,0.5053182,0.5734782,0.5054146,0.43874794,0.45402277
D:\uwiqa_dataset\SOTA\SOTA_Dataset\IBLA\716.bmp,sota,36.71370884,0.27681399599900486,test,0.28334403,0.653874,0.0651967,0.2809294,0.5434916,0.49468255,0.5000564,0.56454414,0.49459177,0.43823123,0.40429094
D:\uwiqa_dataset\SOTA\SOTA_Dataset\fusion18\688.bmp,sota,53.05927007,0.5470401702041953,test,0.42161793,0.5290478,0.0932842,0.37766796,0.4796174,0.4179707,0.4927499,0.559734,0.53031015,0.41300878,0.51183325
D:\uwiqa_dataset\SOTA\SOTA_Dataset\twostep\199.bmp,sota,44.86501598,0.4115720818315617,test,0.38848174,0.59355855,0.14433242,0.26210904,0.5547266,0.54239446,0.45006672,0.4434886,0.5282507,0.5997654,0.49869236
D:\uwiqa_dataset\SOTA\SOTA_Dataset\HP\94.bmp,sota,38.43495108,0.3052697154968401,test,0.42460442,0.57370263,0.05492313,0.37137422,0.56393725,0.42947456,0.4895427,0.5683368,0.4765738,0.3964248,0.42334697
D:\uwiqa_dataset\SOTA\SOTA_Dataset\fusion12\241.bmp,sota,47.57903268,0.4564404310580137,test,0.4500382,0.46904042,0.27228504,0.25867447,0.53733504,0.6794008,0.45678142,0.41440913,0.5261167,0.5260237,0.56563836
D:\uwiqa_dataset\SOTA\SOTA_Dataset\IBLA\436.bmp,sota,47.35424067,0.4527241509010066,test,0.40139002,0.3397531,0.247717,0.41252986,0.47674227,0.64993495,0.4554819,0.43720743,0.5955107,0.5944709,0.42452255
D:\uwiqa_dataset\SOTA\SOTA_Dataset\fusion12\50.bmp,sota,59.91623914,0.6604001516913176,test,0.7911476,0.4703257,0.115100384,0.4145739,0.52191484,0.46659425,0.44497272,0.52631944,0.4576116,0.38663626,0.41736153
D:\uwiqa_dataset\SOTA\SOTA_Dataset\IBLA\596.bmp,sota,41.9016781,0.3625819341748378,test,0.4044639,0.62490624,0.051769845,0.32332397,0.56937504,0.6745996,0.50268006,0.40701568,0.48700577,0.600413,0.27708748
D:\uwiqa_dataset\SOTA\SOTA_Dataset\dive\782.bmp,sota,51.2449365,0.5170454571163814,test,0.50489414,0.44049945,0.27781895,0.28168163,0.4393028,0.44179,0.42869484,0.55349934,0.6432996,0.4639853,0.6033322
D:\uwiqa_dataset\SOTA\SOTA_Dataset\funiegan\284.bmp,sota,52.07499444,0.5307680438381615,test,0.5432999,0.481497,0.1833854,0.33511764,0.31519854,0.6967577,0.39023933,0.4337214,0.63654906,0.58570296,0.48878247
D:\uwiqa_dataset\SOTA\SOTA_Dataset\fusion18\132.bmp,sota,71.63424086,0.8541231281966304,test,0.8209876,0.42248517,0.19870438,0.3788105,0.50576097,0.46828994,0.4709653,0.5730177,0.49633256,0.4269532,0.46262863
D:\uwiqa_dataset\SOTA\SOTA_Dataset\waternet\368.bmp,sota,46.90254099,0.44525661432036695,test,0.41530842,0.30317146,0.2537859,0.44304267,0.5395853,0.6354772,0.46553555,0.44193473,0.5165043,0.5069354,0.52022064
D:\uwiqa_dataset\SOTA\SOTA_Dataset\funiegan\700.bmp,sota,58.98344242,0.6449790789358518,test,0.6342964,0.5174025,0.2110404,0.27155703,0.5957195,0.46582767,0.48548713,0.54691553,0.5104852,0.4014428,0.5379932
D:\uwiqa_dataset\SOTA\SOTA_Dataset\fusion12\209.bmp,sota,38.9521583,0.3138202281629569,test,0.25046435,0.58626884,0.106549054,0.30718204,0.40388557,0.5617089,0.3974202,0.4485684,0.73062354,0.5206258,0.54999113
D:\uwiqa_dataset\SOTA\SOTA_Dataset\ACPAB\469.bmp,sota,39.75477654,0.32708917948806865,test,0.38757372,0.5731508,0.043322485,0.3835267,0.55497575,0.35966003,0.53192884,0.6011662,0.560573,0.48791003,0.50926226
D:\uwiqa_dataset\SOTA\SOTA_Dataset\funiegan\562.bmp,sota,60.95943671,0.6776463804573181,test,0.6204946,0.20684206,0.30326274,0.48989516,0.48101804,0.47669202,0.44686162,0.56148887,0.49480727,0.40247256,0.5043754
D:\uwiqa_dataset\SOTA\SOTA_Dataset\dive\614.bmp,sota,75.35813791,0.9156869031442033,test,0.85255706,0.23010765,0.2940088,0.47588357,0.48438373,0.39773583,0.49154347,0.6023417,0.52737606,0.40147662,0.53269106
D:\uwiqa_dataset\SOTA\SOTA_Dataset\ACPAB\750.bmp,sota,46.75147715,0.4427592143859418,test,0.56752527,0.6220948,0.12787643,0.25002876,0.57202643,0.8645226,0.5048517,0.39011702,0.5418691,0.63322407,0.4035103
D:\uwiqa_dataset\SOTA\SOTA_Dataset\dive\439.bmp,sota,61.93629216,0.6937958357920487,test,0.72036755,0.39268753,0.31882033,0.2884921,0.4504232,0.42074904,0.56419504,0.5742007,0.5049321,0.446483,0.5307646
D:\uwiqa_dataset\SOTA\SOTA_Dataset\funiegan\609.bmp,sota,58.21235062,0.6322313253321051,test,0.6827585,0.50353587,0.17886426,0.3175999,0.56236976,0.7137941,0.43137696,0.34921116,0.5129532,0.5935533,0.3809227
D:\uwiqa_dataset\SOTA\SOTA_Dataset\twostep\272.bmp,sota,76.73738955,0.9384888056729082,test,0.8151133,0.3617736,0.23440284,0.40382358,0.4659024,0.45666683,0.4499198,0.5572062,0.5550572,0.4479731,0.5528644
D:\uwiqa_dataset\SOTA\SOTA_Dataset\HP\297.bmp,sota,22.51005574,0.04199802468159206,test,0.021834098,0.32470405,0.07537813,0.5999178,0.5429588,0.45218602,0.5126891,0.5694077,0.50626475,0.45225868,0.46519879
D:\uwiqa_dataset\SOTA\SOTA_Dataset\fusion18\244.bmp,sota,66.5190317,0.7695580660298328,test,0.8039894,0.41451663,0.061225794,0.5242576,0.46984506,0.43875286,0.4889932,0.576506,0.5782684,0.48361912,0.5126978
D:\uwiqa_dataset\SOTA\SOTA_Dataset\ACPAB\261.bmp,sota,29.57280138,0.15875992149421012,test,0.13450775,0.7973555,0.025444433,0.17720006,0.50433326,0.7150685,0.5089424,0.44361675,0.5426876,0.59434944,0.43624112
D:\uwiqa_dataset\SOTA\SOTA_Dataset\waternet\581.bmp,sota,46.50549033,0.4386925398717929,test,0.5251366,0.3050246,0.2837017,0.41127372,0.53299296,0.7858827,0.4377421,0.3279071,0.56547993,0.65854645,0.50595987
D:\uwiqa_dataset\SOTA\SOTA_Dataset\ACPAB\680.bmp,sota,39.46211812,0.3222509262110635,test,0.29335406,0.50550926,0.11164948,0.3828413,0.53165334,0.5323795,0.4915665,0.5540372,0.4955471,0.46565825,0.40713105
D:\uwiqa_dataset\SOTA\SOTA_Dataset\fusion12\373.bmp,sota,44.60727606,0.40731110409323085,test,0.3309071,0.4423526,0.18968646,0.36796102,0.46510693,0.5071987,0.46288666,0.4732125,0.5541206,0.45578906,0.553495
D:\uwiqa_dataset\SOTA\SOTA_Dataset\HP\273.bmp,sota,25.15143057,0.08566545248717652,test,0.13069662,0.2520663,0.22787975,0.5200539,0.44647643,0.4411709,0.57982713,0.5933131,0.5002465,0.5015153,0.47259507
D:\uwiqa_dataset\SOTA\SOTA_Dataset\twostep\327.bmp,sota,54.68332067,0.5738891094469897,test,0.5112108,0.32350048,0.28000274,0.39649674,0.30836377,0.7371074,0.41367632,0.42164743,0.68068284,0.5155491,0.7382303
D:\uwiqa_dataset\SOTA\SOTA_Dataset\HP\156.bmp,sota,44.27942358,0.40189101969677216,test,0.50096273,0.5897334,0.056678113,0.3535884,0.57055134,0.45948026,0.48967198,0.5149817,0.47264972,0.4272232,0.379601
D:\uwiqa_dataset\SOTA\SOTA_Dataset\fusion12\232.bmp,sota,48.23403422,0.46726897085313873,test,0.45391044,0.5151146,0.18157229,0.30331314,0.34318253,0.6637668,0.4490102,0.46237445,0.5878764,0.5168215,0.6515861
D:\uwiqa_dataset\SOTA\SOTA_Dataset\ACPAB\633.bmp,sota,52.48573932,0.5375585122677835,test,0.5287926,0.60083586,0.035117965,0.36404622,0.55859095,0.35259658,0.54740614,0.60160345,0.57173884,0.4844012,0.5240636
D:\uwiqa_dataset\SOTA\SOTA_Dataset\dive\374.bmp,sota,59.89381284,0.6600293982393372,test,0.74511313,0.44480392,0.15248501,0.40271103,0.3869122,0.5284003,0.44125143,0.5475704,0.6079419,0.43952155,0.6287206
D:\uwiqa_dataset\SOTA\SOTA_Dataset\twostep\210.bmp,sota,63.2426583,0.7153927891885156,test,0.7622018,0.51333547,0.14993936,0.3367252,0.4636606,0.4325215,0.48030072,0.60223377,0.5429541,0.4030879,0.5437992
D:\uwiqa_dataset\SOTA\SOTA_Dataset\HP\298.bmp,sota,25.66759789,0.0941987734402281,test,0.22084576,0.56874776,0.10230121,0.328951,0.53270704,0.4215849,0.49369287,0.5945026,0.50506836,0.41108045,0.5027301
D:\uwiqa_dataset\SOTA\SOTA_Dataset\HP\644.bmp,sota,26.36251885,0.10568726439832037,test,0.00028454047,0.37343878,0.06793233,0.55862886,0.55576897,0.4399665,0.52775943,0.5751146,0.5216751,0.45391446,0.4576043
D:\uwiqa_dataset\SOTA\SOTA_Dataset\waternet\520.bmp,sota,39.37447131,0.3208019418773766,test,0.44238064,0.37169945,0.2554289,0.3728716,0.39006948,0.82480466,0.41858995,0.34717974,0.5921088,0.6266272,0.6152589
D:\uwiqa_dataset\SOTA\SOTA_Dataset\waternet\43.bmp,sota,64.77866456,0.7407861720986857,test,0.67972744,0.4371538,0.16649638,0.3963498,0.4048015,0.6604938,0.44754317,0.4929299,0.59444094,0.49774182,0.6134478
D:\uwiqa_dataset\SOTA\SOTA_Dataset\fusion12\225.bmp,sota,49.50735078,0.48831954585140785,test,0.3750789,0.52344066,0.15904127,0.31751806,0.4553362,0.5087623,0.4659731,0.52819973,0.55692005,0.5003768,0.4933107
D:\uwiqa_dataset\SOTA\SOTA_Dataset\fusion18\539.bmp,sota,75.03207049,0.9102963295077448,test,0.78430134,0.5537269,0.025201626,0.42107147,0.4727854,0.3934447,0.47914225,0.60357565,0.5677711,0.41883713,0.55084556
D:\uwiqa_dataset\SOTA\SOTA_Dataset\fusion12\726.bmp,sota,28.0311149,0.1332726327157955,test,0.2811393,0.42052165,0.14763881,0.43183947,0.40865237,0.7399201,0.43429402,0.3936932,0.60789746,0.5763831,0.53831434
D:\uwiqa_dataset\SOTA\SOTA_Dataset\funiegan\23.bmp,sota,46.669127,0.441397794874761,test,0.44098848,0.46812615,0.1884303,0.34344348,0.39480186,0.43891492,0.42634305,0.59388226,0.6854674,0.41621155,0.6536243
D:\uwiqa_dataset\SOTA\SOTA_Dataset\ACPAB\442.bmp,sota,31.45906912,0.1899438562477842,test,0.21868953,0.61592245,0.18624657,0.19783096,0.46877202,0.6246262,0.48766175,0.49288732,0.5078525,0.54232687,0.50461966
D:\uwiqa_dataset\SOTA\SOTA_Dataset\fusion12\326.bmp,sota,34.3527477,0.23778239057830036,test,0.28240186,0.5633764,0.16011982,0.27650377,0.4625478,0.69198126,0.4429077,0.37588644,0.5518764,0.54222256,0.495614
D:\uwiqa_dataset\SOTA\SOTA_Dataset\waternet\104.bmp,sota,60.94342111,0.6773816092295395,test,0.73290324,0.39588457,0.29200137,0.31211406,0.45161316,0.49507213,0.4667661,0.56014365,0.55260634,0.4458255,0.5472061
D:\uwiqa_dataset\SOTA\SOTA_Dataset\HP\747.bmp,sota,25.8711548,0.09756399316247133,test,0.04911416,0.41689286,0.09544637,0.48766083,0.5254996,0.46027634,0.48635453,0.55568564,0.49099463,0.45812792,0.49786097
D:\uwiqa_dataset\SOTA\SOTA_Dataset\HP\549.bmp,sota,22.80747806,0.046915035148587976,test,0.024554849,0.37314788,0.030626312,0.5962258,0.58455545,0.44454893,0.4949634,0.49129486,0.4922661,0.46129212,0.41553172
D:\uwiqa_dataset\SOTA\SOTA_Dataset\IBLA\531.bmp,sota,31.77839748,0.19522301918528204,test,0.03592493,0.5500156,0.038019363,0.41196504,0.6115969,0.37506855,0.5450545,0.5933569,0.55889505,0.42803586,0.41916406
D:\uwiqa_dataset\SOTA\SOTA_Dataset\twostep\706.bmp,sota,48.80992174,0.47678959110669705,test,0.46137884,0.62658507,0.06880397,0.304611,0.53365254,0.4794297,0.49202478,0.56316626,0.4798988,0.45435297,0.42183807
D:\uwiqa_dataset\SOTA\SOTA_Dataset\dive\116.bmp,sota,61.99452325,0.694758517002506,test,0.7100638,0.4208841,0.15490064,0.4242153,0.55810815,0.65133655,0.47748128,0.4518094,0.49005243,0.59941524,0.3372769
D:\uwiqa_dataset\SOTA\SOTA_Dataset\IBLA\207.bmp,sota,45.43536842,0.4210011956833958,test,0.3018059,0.50907266,0.24267168,0.24825567,0.4355181,0.6423555,0.41897932,0.36438355,0.66335493,0.5405594,0.59966063
D:\uwiqa_dataset\SOTA\SOTA_Dataset\fusion12\361.bmp,sota,21.08418213,0.018425363877308146,test,0.022723515,0.31669426,0.14031787,0.5429879,0.5419403,0.41175863,0.49810296,0.5496438,0.52047396,0.53622866,0.50178236
D:\uwiqa_dataset\SOTA\SOTA_Dataset\twostep\148.bmp,sota,67.80785394,0.7908649822161401,test,0.7108002,0.45043182,0.22739351,0.32217473,0.43107387,0.50256103,0.43855113,0.55491185,0.5717316,0.4582579,0.5637309
D:\uwiqa_dataset\SOTA\SOTA_Dataset\twostep\421.bmp,sota,60.49671988,0.6699967074389478,test,0.60954654,0.55169797,0.063054375,0.38524768,0.5161304,0.45624697,0.44762236,0.4975229,0.48998857,0.4065314,0.4725696
D:\uwiqa_dataset\SOTA\SOTA_Dataset\ACPAB\232.bmp,sota,22.29132873,0.03838201160770876,test,0.15699746,0.5969903,0.051224973,0.35178468,0.5344216,0.82432896,0.49336395,0.38926297,0.57843894,0.6068855,0.47428507
D:\uwiqa_dataset\SOTA\SOTA_Dataset\ACPAB\496.bmp,sota,65.88240104,0.7590332351468295,test,0.59675515,0.66342425,0.10944697,0.2271288,0.4972588,0.6182403,0.46911302,0.48559353,0.53885996,0.5272656,0.50787836
D:\uwiqa_dataset\SOTA\SOTA_Dataset\fusion12\165.bmp,sota,34.68649361,0.24329990564841025,test,0.24768622,0.58068323,0.13746707,0.2818497,0.49297822,0.5911667,0.47864532,0.509612,0.5071532,0.5055158,0.4676409
D:\uwiqa_dataset\SOTA\SOTA_Dataset\fusion12\252.bmp,sota,56.09440618,0.5972172921553223,test,0.56326014,0.52783823,0.210721,0.2614408,0.4967386,0.5753786,0.44196022,0.39052144,0.6027996,0.5270313,0.5022946
D:\uwiqa_dataset\SOTA\SOTA_Dataset\waternet\257.bmp,sota,57.09270873,0.6137213127264034,test,0.45038107,0.20398535,0.3059436,0.490071,0.46321905,0.6487416,0.4632784,0.4408673,0.5475735,0.5416099,0.5489735
D:\uwiqa_dataset\SOTA\SOTA_Dataset\IBLA\501.bmp,sota,45.05478367,0.41470933702487606,test,0.35747546,0.5088627,0.21217234,0.27896497,0.44424698,0.7075833,0.44306564,0.37581652,0.55178094,0.6083813,0.5040848
D:\uwiqa_dataset\SOTA\SOTA_Dataset\dive\266.bmp,sota,64.90253058,0.7428339354166679,test,0.6274191,0.504186,0.15448877,0.34132522,0.4307809,0.49361488,0.46991044,0.53547066,0.56600076,0.45437104,0.58488476
D:\uwiqa_dataset\SOTA\SOTA_Dataset\waternet\475.bmp,sota,51.7700458,0.5257266076245775,test,0.5259826,0.3099177,0.26960734,0.42047504,0.48966357,0.64089626,0.45394582,0.48804006,0.5327684,0.49172938,0.5327856
D:\uwiqa_dataset\SOTA\SOTA_Dataset\IBLA\621.bmp,sota,56.28027812,0.6002901424864636,test,0.8978614,0.55311775,0.07058771,0.37629452,0.6037707,0.37224916,0.5788459,0.6148051,0.5463386,0.377529,0.4397237
D:\uwiqa_dataset\SOTA\SOTA_Dataset\IBLA\422.bmp,sota,48.02910553,0.4638810727501392,test,0.24514915,0.55771124,0.15940087,0.28288788,0.52613604,0.5263348,0.51007646,0.5166356,0.48921096,0.4785078,0.44447586
D:\uwiqa_dataset\SOTA\SOTA_Dataset\dive\571.bmp,sota,67.82861985,0.7912082859629022,test,0.80662143,0.54682183,0.07173526,0.38144296,0.5665569,0.3738929,0.516462,0.56942713,0.5180505,0.4464037,0.49193376
D:\uwiqa_dataset\SOTA\SOTA_Dataset\twostep\294.bmp,sota,40.86461724,0.34543715800762975,test,0.45511687,0.67203885,0.1289319,0.1990293,0.49507475,0.76401854,0.41209194,0.35725465,0.60570854,0.62892234,0.5908931
D:\uwiqa_dataset\SOTA\SOTA_Dataset\fusion18\750.bmp,sota,59.57676425,0.6547879246485984,test,0.70848733,0.6036424,0.09861931,0.29773828,0.45605835,0.75956976,0.42142618,0.47000533,0.57316726,0.4808709,0.6085802
D:\uwiqa_dataset\SOTA\SOTA_Dataset\funiegan\300.bmp,sota,45.4554617,0.42133337945519966,test,0.3801026,0.33280352,0.25559038,0.4116061,0.47470012,0.87657374,0.5057788,0.3165669,0.5816654,0.6689792,0.51284933
D:\uwiqa_dataset\SOTA\SOTA_Dataset\IBLA\309.bmp,sota,44.88800231,0.4119520937459593,test,0.37868613,0.24135529,0.28140607,0.4772386,0.34343496,0.7612206,0.43133783,0.3744396,0.6709509,0.5737766,0.6728719
D:\uwiqa_dataset\SOTA\SOTA_Dataset\fusion18\339.bmp,sota,72.33223877,0.865662487547372,test,0.77171415,0.5688218,0.102329865,0.3288483,0.46881574,0.4525503,0.46632817,0.58770627,0.52111834,0.41212612,0.5331433
D:\uwiqa_dataset\SOTA\SOTA_Dataset\HP\540.bmp,sota,29.95440968,0.16506870156623868,test,0.083560355,0.5801949,0.03831046,0.38149464,0.54635286,0.45380327,0.52675676,0.5725212,0.5163592,0.45555124,0.44257644
D:\uwiqa_dataset\SOTA\SOTA_Dataset\fusion12\354.bmp,sota,55.81269433,0.5925600084816331,test,0.70519346,0.43781915,0.16896477,0.3932161,0.4686125,0.51400536,0.4646881,0.5178698,0.5398034,0.52405685,0.4893589
D:\uwiqa_dataset\SOTA\SOTA_Dataset\dive\112.bmp,sota,48.24744803,0.4674907290728053,test,0.5912546,0.60003847,0.13366416,0.26629737,0.49379364,0.56015044,0.45426852,0.47657043,0.5516398,0.59041494,0.4548202
D:\uwiqa_dataset\SOTA\SOTA_Dataset\HP\471.bmp,sota,23.70890718,0.06181753613874525,test,0.15591495,0.5357073,0.10059324,0.36369947,0.5348483,0.4383612,0.5305412,0.5863966,0.5146231,0.4375117,0.4666169
D:\uwiqa_dataset\SOTA\SOTA_Dataset\ACPAB\603.bmp,sota,54.89295583,0.5773548153024557,test,0.6213696,0.5220918,0.18660638,0.29130176,0.4680869,0.51735544,0.46137482,0.55257285,0.54889613,0.44813266,0.5492071
D:\uwiqa_dataset\SOTA\SOTA_Dataset\dive\337.bmp,sota,64.9855934,0.7442071368474084,test,0.5849571,0.48580396,0.1529504,0.36124557,0.51911277,0.4448376,0.50666267,0.5527526,0.5152178,0.45041248,0.5340237
D:\uwiqa_dataset\SOTA\SOTA_Dataset\IBLA\592.bmp,sota,45.166247,0.4165520580429093,test,0.5354655,0.72149014,0.053765956,0.22474387,0.62082976,0.5802256,0.4738669,0.52054167,0.50061744,0.46765837,0.37950692
D:\uwiqa_dataset\SOTA\SOTA_Dataset\twostep\61.bmp,sota,37.3696288,0.2876577191897577,test,0.26262528,0.51981103,0.12228613,0.35790282,0.4695476,0.5488121,0.50203484,0.5346156,0.5293623,0.555008,0.4278311
D:\uwiqa_dataset\SOTA\SOTA_Dataset\fusion12\708.bmp,sota,57.00987103,0.6123518329981777,test,0.57751703,0.67358917,0.10240296,0.22400793,0.4520987,0.7465957,0.47888094,0.41877574,0.5436913,0.6269495,0.44695553
D:\uwiqa_dataset\SOTA\SOTA_Dataset\fusion12\581.bmp,sota,57.45306734,0.6196787911605776,test,0.6461942,0.5021042,0.17530878,0.32258695,0.5868675,0.5986999,0.45490074,0.43761268,0.47804508,0.5090549,0.3710512
D:\uwiqa_dataset\SOTA\SOTA_Dataset\fusion18\588.bmp,sota,52.04726864,0.5303096786125596,test,0.6329551,0.4548378,0.2264719,0.3186903,0.54481614,0.4031816,0.51470804,0.6224784,0.48052424,0.36202696,0.4876847
D:\uwiqa_dataset\SOTA\SOTA_Dataset\twostep\604.bmp,sota,68.01887179,0.7943535468173879,test,0.8179755,0.26764068,0.21726222,0.51509714,0.5378874,0.4370781,0.48122245,0.55183566,0.48401868,0.43036798,0.45886207
D:\uwiqa_dataset\SOTA\SOTA_Dataset\twostep\599.bmp,sota,39.04712848,0.31539028305699607,test,0.31148508,0.54055107,0.13702464,0.3224243,0.49944606,0.49079308,0.4733519,0.55169326,0.50743014,0.49543077,0.43722466
D:\uwiqa_dataset\SOTA\SOTA_Dataset\IBLA\216.bmp,sota,40.48880244,0.3392241565582027,test,0.34359622,0.5549015,0.1756433,0.26945525,0.45161507,0.56443983,0.46451235,0.5194393,0.57625693,0.57188535,0.4622165
D:\uwiqa_dataset\SOTA\SOTA_Dataset\waternet\685.bmp,sota,55.61023521,0.5892129375147374,test,0.74738586,0.3962836,0.19358717,0.41012928,0.5195287,0.46081772,0.50414944,0.5640069,0.50816935,0.45043665,0.46710688
D:\uwiqa_dataset\SOTA\SOTA_Dataset\waternet\169.bmp,sota,37.60161829,0.29149298868319384,test,0.320703,0.5006302,0.19172107,0.30764872,0.37032482,0.75406826,0.4586036,0.4910473,0.5938166,0.48893368,0.7032925
D:\uwiqa_dataset\SOTA\SOTA_Dataset\funiegan\328.bmp,sota,46.34236947,0.4359958122825341,test,0.5296523,0.47279763,0.16761144,0.35959092,0.43287104,0.48080534,0.44060445,0.55235595,0.5950013,0.473181,0.5932882
D:\uwiqa_dataset\SOTA\SOTA_Dataset\fusion12\295.bmp,sota,36.39378562,0.2715249987866402,test,0.37706202,0.46740994,0.19338493,0.3392051,0.44549185,0.71165794,0.4481108,0.38726786,0.5670057,0.5413207,0.540055
D:\uwiqa_dataset\SOTA\SOTA_Dataset\dive\428.bmp,sota,60.03877036,0.662425847984971,test,0.6782699,0.45444807,0.2475732,0.29797876,0.48228174,0.5054694,0.45434156,0.54684275,0.5290197,0.46517104,0.5365532
D:\uwiqa_dataset\SOTA\SOTA_Dataset\waternet\606.bmp,sota,52.5484597,0.538595410792931,test,0.5585061,0.5443661,0.14929731,0.30633658,0.5103853,0.49624953,0.5322712,0.5704791,0.4693213,0.47881758,0.42926538
D:\uwiqa_dataset\SOTA\SOTA_Dataset\fusion18\530.bmp,sota,69.19420162,0.8137841970667788,test,0.76749355,0.46049586,0.104746975,0.43475714,0.46480957,0.3888435,0.53832644,0.6002659,0.5455521,0.42044222,0.5433865
D:\uwiqa_dataset\SOTA\SOTA_Dataset\fusion12\662.bmp,sota,62.52317232,0.7034981872819849,test,0.70700467,0.5109198,0.115764625,0.3733156,0.56812847,0.57684505,0.47737396,0.4752003,0.44754833,0.47792453,0.26383406
D:\uwiqa_dataset\SOTA\SOTA_Dataset\ACPAB\703.bmp,sota,60.28766611,0.666540613171191,test,0.69724786,0.546049,0.1468951,0.30705592,0.48533344,0.55170584,0.44770473,0.50011516,0.54684055,0.49745202,0.518254
D:\uwiqa_dataset\SOTA\SOTA_Dataset\ACPAB\385.bmp,sota,40.49571714,0.3393384709522136,test,0.29746825,0.6566534,0.06457101,0.2787756,0.5805278,0.5060969,0.47095755,0.5743073,0.48352498,0.4225752,0.4155234
D:\uwiqa_dataset\SOTA\SOTA_Dataset\fusion18\153.bmp,sota,67.66083103,0.7884343872716914,test,0.7590071,0.43801585,0.21622357,0.34576055,0.45088708,0.48930582,0.43984547,0.5619504,0.52290636,0.40726095,0.550554
D:\uwiqa_dataset\SOTA\SOTA_Dataset\HP\653.bmp,sota,33.09494964,0.21698836870937305,test,0.52378297,0.5229438,0.17589323,0.30116302,0.5002263,0.48319638,0.56554943,0.5466295,0.47647914,0.48752886,0.4730953
D:\uwiqa_dataset\SOTA\SOTA_Dataset\twostep\402.bmp,sota,47.02355165,0.44725717258996184,test,0.47291285,0.4873612,0.14761929,0.36501947,0.48529536,0.44291896,0.47959962,0.5702326,0.5337291,0.45832676,0.5307554
D:\uwiqa_dataset\SOTA\SOTA_Dataset\dive\314.bmp,sota,53.76708418,0.5587418117876426,test,0.514236,0.44081393,0.2788651,0.280321,0.39160785,0.61716944,0.39645907,0.43016464,0.68005997,0.56280583,0.56619936
D:\uwiqa_dataset\SOTA\SOTA_Dataset\HP\725.bmp,sota,22.38953284,0.040005530100779556,test,-0.0011427449,0.5338846,0.03618088,0.42993453,0.65792996,0.36927876,0.49494588,0.5228892,0.5625392,0.5664883,0.49013114
D:\uwiqa_dataset\SOTA\SOTA_Dataset\HP\58.bmp,sota,23.27647394,0.05466851394243885,test,0.071005344,0.3976641,0.041043386,0.5612925,0.5349971,0.4612712,0.5073905,0.53763306,0.49933213,0.49411163,0.46854246
D:\uwiqa_dataset\SOTA\SOTA_Dataset\ACPAB\68.bmp,sota,58.87126854,0.6431246110462747,test,0.5476478,0.5919457,0.16577366,0.24228063,0.5083438,0.7273642,0.45520228,0.45588824,0.5536323,0.5281486,0.47539875
D:\uwiqa_dataset\SOTA\SOTA_Dataset\fusion12\551.bmp,sota,54.88787575,0.5772708309984762,test,0.41041005,0.5369459,0.19709739,0.26595676,0.48255906,0.513065,0.46777138,0.50111425,0.53040594,0.4824766,0.4900881
D:\uwiqa_dataset\SOTA\SOTA_Dataset\fusion12\619.bmp,sota,37.20667721,0.2849637899861807,test,0.2171155,0.6209594,0.101745255,0.27729532,0.39274246,0.8249446,0.47025236,0.35921085,0.5961442,0.5955835,0.6262955
D:\uwiqa_dataset\SOTA\SOTA_Dataset\fusion12\98.bmp,sota,57.18896226,0.6153125840691033,test,0.61389494,0.46616945,0.16663015,0.36720043,0.5243552,0.4572998,0.46391678,0.55198276,0.47377124,0.421721,0.4382336
D:\uwiqa_dataset\SOTA\SOTA_Dataset\fusion18\407.bmp,sota,66.60262625,0.7709400580650432,test,0.6953926,0.40741417,0.13058347,0.4620023,0.475859,0.42913786,0.4689499,0.5736859,0.5981137,0.4758967,0.5400038
D:\uwiqa_dataset\SOTA\SOTA_Dataset\HP\55.bmp,sota,38.25004327,0.3022128042428385,test,0.32632893,0.39681318,0.06154775,0.5416391,0.54856205,0.46529478,0.49203676,0.51528716,0.48285037,0.45553595,0.42214972
D:\uwiqa_dataset\SOTA\SOTA_Dataset\dive\564.bmp,sota,54.02464272,0.562999790936767,test,0.57603,0.39823338,0.24643831,0.3553283,0.46905428,0.45978758,0.46405843,0.5607113,0.57654387,0.5102026,0.4992818
D:\uwiqa_dataset\SOTA\SOTA_Dataset\IBLA\131.bmp,sota,54.09796898,0.5642120267498881,test,0.38487244,0.68445635,0.04537379,0.27016988,0.59623456,0.4711797,0.49879912,0.5071439,0.4727796,0.420034,0.3624579
D:\uwiqa_dataset\SOTA\SOTA_Dataset\ACPAB\36.bmp,sota,73.53238811,0.8855034559949927,test,0.63089484,0.67256546,0.03270927,0.29472533,0.5631447,0.44034347,0.49021825,0.5761117,0.48507065,0.41139078,0.44971213
D:\uwiqa_dataset\SOTA\SOTA_Dataset\fusion12\414.bmp,sota,58.4396177,0.6359885235516725,test,0.61218953,0.50184774,0.13009164,0.36806065,0.5280748,0.4331082,0.5219322,0.57238483,0.5573939,0.4517175,0.51038754
D:\uwiqa_dataset\SOTA\SOTA_Dataset\funiegan\750.bmp,sota,49.27380312,0.48445851656227307,test,0.5936803,0.55497116,0.14168184,0.303347,0.53433496,0.9239087,0.532947,0.31203493,0.61284965,0.6965532,0.4423051
D:\uwiqa_dataset\SOTA\SOTA_Dataset\twostep\176.bmp,sota,52.16371458,0.5322347725524466,test,0.42835963,0.23553655,0.2722538,0.49220958,0.35836613,0.68577135,0.43900856,0.42616007,0.63796,0.49369308,0.70614904
D:\uwiqa_dataset\SOTA\SOTA_Dataset\twostep\443.bmp,sota,50.92769045,0.5118007191005421,test,0.43594435,0.59152097,0.089636765,0.3188422,0.48968136,0.44556037,0.49943706,0.58752245,0.5112988,0.4448862,0.5001674
D:\uwiqa_dataset\SOTA\SOTA_Dataset\waternet\752.bmp,sota,47.71526424,0.45869262250906284,test,0.47358152,0.36935768,0.24980924,0.3808331,0.45729947,0.8631209,0.46333364,0.39139366,0.6038189,0.5740529,0.5795823
D:\uwiqa_dataset\SOTA\SOTA_Dataset\fusion12\623.bmp,sota,60.46663182,0.669499289135064,test,0.75186193,0.6769164,0.11893525,0.2041484,0.47562954,0.64735633,0.4836255,0.43097192,0.45746395,0.5001768,0.26968467
D:\uwiqa_dataset\SOTA\SOTA_Dataset\waternet\800.bmp,sota,52.4182496,0.536442766618114,test,0.5752324,0.277243,0.31395653,0.40880045,0.37085888,0.8221082,0.45154363,0.34824112,0.6327239,0.6257174,0.6677596
D:\uwiqa_dataset\SOTA\SOTA_Dataset\funiegan\387.bmp,sota,51.6691894,0.5240592412532052,test,0.55726004,0.34303156,0.26918224,0.38778624,0.51098156,0.5713931,0.46153748,0.48881266,0.5072485,0.50154805,0.48997128
D:\uwiqa_dataset\SOTA\SOTA_Dataset\dive\536.bmp,sota,63.02295968,0.711760713377512,test,0.7821117,0.55262846,0.08596986,0.3614017,0.48507077,0.47202146,0.4477276,0.51824844,0.519435,0.45679623,0.5163766
D:\uwiqa_dataset\SOTA\SOTA_Dataset\waternet\37.bmp,sota,54.97595893,0.5787270294372022,test,0.5870399,0.25226933,0.37498125,0.3727494,0.45115444,0.46593085,0.47643232,0.5397954,0.56250066,0.45848447,0.5446848
D:\uwiqa_dataset\SOTA\SOTA_Dataset\IBLA\697.bmp,sota,44.58821135,0.40699592472599233,test,0.63567656,0.65693086,0.07951761,0.26355147,0.5869299,0.6231975,0.46346638,0.41808107,0.46205088,0.48586068,0.30393884
D:\uwiqa_dataset\SOTA\SOTA_Dataset\HP\492.bmp,sota,48.39688284,0.4699611977481339,test,0.39237648,0.6802911,0.014634983,0.3050739,0.55712175,0.45430642,0.5128616,0.54636854,0.49970382,0.46003714,0.42377332
D:\uwiqa_dataset\SOTA\SOTA_Dataset\funiegan\66.bmp,sota,41.13708076,0.34994154752256107,test,0.50077546,0.57768714,0.0972448,0.325068,0.5576925,0.3186363,0.4734217,0.61252844,0.5845956,0.45892996,0.5181162
D:\uwiqa_dataset\SOTA\SOTA_Dataset\twostep\449.bmp,sota,62.16290165,0.6975421626791856,test,0.7268665,0.41054723,0.07977231,0.5096805,0.50729924,0.4399331,0.46832138,0.54876274,0.49173853,0.4403724,0.5046249
D:\uwiqa_dataset\SOTA\SOTA_Dataset\fusion18\192.bmp,sota,62.30447982,0.6998827447302842,test,0.71475124,0.41427445,0.17294541,0.4127801,0.55707747,0.35226786,0.56705904,0.62848526,0.6000889,0.47856376,0.5374164
D:\uwiqa_dataset\SOTA\SOTA_Dataset\IBLA\685.bmp,sota,42.61116596,0.37431124633213153,test,0.44413662,0.6036907,0.07877307,0.31753623,0.6140643,0.3974833,0.61334735,0.6262896,0.52608424,0.42559576,0.4036885
D:\uwiqa_dataset\SOTA\SOTA_Dataset\fusion12\79.bmp,sota,44.01637659,0.39754230503695187,test,0.49957564,0.6224804,0.12650488,0.25101477,0.4060591,0.65547067,0.4151569,0.43425977,0.5409186,0.43845165,0.5391245
D:\uwiqa_dataset\SOTA\SOTA_Dataset\dive\795.bmp,sota,52.21469134,0.5330775245775589,test,0.46823916,0.47517166,0.222895,0.30193335,0.41140497,0.47801796,0.40722975,0.55593,0.6796293,0.49245337,0.60437435
D:\uwiqa_dataset\SOTA\SOTA_Dataset\waternet\193.bmp,sota,56.48390973,0.6036565971553036,test,0.56732523,0.5618957,0.19381404,0.24429019,0.49055132,0.5730257,0.4710694,0.5288397,0.5300567,0.47034633,0.52448016
D:\uwiqa_dataset\SOTA\SOTA_Dataset\fusion18\548.bmp,sota,67.81956443,0.7910585810082672,test,0.76176614,0.5480854,0.14815544,0.30375916,0.40984184,0.77834916,0.45657864,0.42926323,0.55178905,0.60040253,0.5608118
D:\uwiqa_dataset\SOTA\SOTA_Dataset\HP\517.bmp,sota,20.50288932,0.008815382921072486,test,-0.004658553,0.38240004,0.048981406,0.5686185,0.5979725,0.5095661,0.47588804,0.3700773,0.46125162,0.3480657,0.28867722
D:\uwiqa_dataset\SOTA\SOTA_Dataset\twostep\321.bmp,sota,47.4092766,0.45363400946128823,test,0.47053933,0.2006168,0.3254147,0.47396854,0.3350423,0.6774828,0.42088467,0.43766582,0.66962016,0.49518603,0.7232693
D:\uwiqa_dataset\SOTA\SOTA_Dataset\HP\458.bmp,sota,20.50288932,0.008815382921072486,test,-0.024597805,0.32540137,0.015505505,0.65909314,0.57461673,0.4308268,0.48695573,0.5163944,0.50740606,0.49436578,0.48472264
D:\uwiqa_dataset\SOTA\SOTA_Dataset\dive\211.bmp,sota,48.82767045,0.4770830142527665,test,0.52459574,0.44010726,0.25306064,0.30683213,0.4372262,0.48191756,0.4554617,0.49353382,0.6120111,0.5024042,0.54618245
D:\uwiqa_dataset\SOTA\SOTA_Dataset\waternet\508.bmp,sota,68.94224713,0.8096188645371402,test,0.8597443,0.4967704,0.109060355,0.3941693,0.46802956,0.44774565,0.47178632,0.56648284,0.5347541,0.44370845,0.54669076
D:\uwiqa_dataset\SOTA\SOTA_Dataset\dive\689.bmp,sota,72.34809353,0.8659245997549282,test,0.7464303,0.42980376,0.13388573,0.43631056,0.5501082,0.3239192,0.6374442,0.6616909,0.6332678,0.43954048,0.54977316
D:\uwiqa_dataset\SOTA\SOTA_Dataset\HP\171.bmp,sota,58.44617487,0.6360969272300644,test,0.67843246,0.5253607,0.14487804,0.3297612,0.54145324,0.42320335,0.5003002,0.58707,0.49474055,0.4096757,0.46562278
D:\uwiqa_dataset\SOTA\SOTA_Dataset\twostep\340.bmp,sota,50.07758722,0.49774674198161906,test,0.42503977,0.24409857,0.2503993,0.50550216,0.44724435,0.66315526,0.4509212,0.40566674,0.5921764,0.55810475,0.6101669
D:\uwiqa_dataset\SOTA\SOTA_Dataset\ACPAB\399.bmp,sota,50.24700334,0.500547543331423,test,0.41015217,0.5752289,0.17816557,0.24660558,0.44468713,0.6144533,0.44953573,0.49029326,0.5908805,0.5197681,0.58051044
D:\uwiqa_dataset\SOTA\SOTA_Dataset\funiegan\336.bmp,sota,49.33552383,0.4854788884600527,test,0.35809535,0.4961967,0.20209475,0.30170855,0.43030053,0.62729686,0.43673953,0.41662875,0.603365,0.5127491,0.640044
D:\uwiqa_dataset\SOTA\SOTA_Dataset\dive\157.bmp,sota,43.4368544,0.3879615961174385,test,0.33173877,0.42613348,0.20455682,0.36930975,0.4571832,0.6050616,0.45232892,0.53353935,0.5299415,0.48067757,0.5453481
D:\uwiqa_dataset\SOTA\SOTA_Dataset\twostep\439.bmp,sota,40.31861526,0.3364106079805152,test,0.46227932,0.5204127,0.1950175,0.28456986,0.491471,0.43955827,0.49424255,0.58478415,0.50377005,0.43487996,0.50662535
D:\uwiqa_dataset\SOTA\SOTA_Dataset\IBLA\89.bmp,sota,38.8987114,0.3129366395784537,test,0.31716502,0.34323826,0.29046455,0.36629722,0.37511563,0.7104876,0.4039005,0.39355463,0.68213785,0.47633174,0.6533795
D:\uwiqa_dataset\SOTA\SOTA_Dataset\twostep\10.bmp,sota,55.18353054,0.5821586205128861,test,0.5517946,0.72949046,0.069390476,0.201119,0.45347708,0.5726044,0.45146665,0.45940244,0.5362755,0.50045455,0.54616344
D:\uwiqa_dataset\SOTA\SOTA_Dataset\HP\82.bmp,sota,20.92496089,0.015793105129383485,test,-0.013255742,0.2871469,0.042010475,0.67084265,0.59447616,0.41328347,0.48829344,0.509417,0.51320374,0.49709728,0.49213994
D:\uwiqa_dataset\SOTA\SOTA_Dataset\fusion18\131.bmp,sota,61.38901801,0.6847482541449611,test,0.764004,0.5923612,0.10017938,0.30745935,0.5467292,0.43883562,0.43731272,0.5392627,0.44733623,0.3418272,0.4797503
D:\uwiqa_dataset\SOTA\SOTA_Dataset\waternet\527.bmp,sota,49.32530327,0.4853099213142832,test,0.50458574,0.37082508,0.1677933,0.46138155,0.49029604,0.6061783,0.4505128,0.4046311,0.56529534,0.5389062,0.56436604
D:\uwiqa_dataset\SOTA\SOTA_Dataset\twostep\158.bmp,sota,50.73216143,0.5085682171217348,test,0.4809968,0.27718258,0.29379874,0.42901862,0.46134096,0.5836842,0.463805,0.44735765,0.5526941,0.4952703,0.58658427
D:\uwiqa_dataset\SOTA\SOTA_Dataset\waternet\491.bmp,sota,45.06904491,0.41494510502760146,test,0.45416915,0.23413563,0.3563528,0.40951157,0.23769909,0.8061447,0.39070883,0.42967498,0.621475,0.6358324,0.5011779
D:\uwiqa_dataset\SOTA\SOTA_Dataset\funiegan\634.bmp,sota,52.92193591,0.5447697504784798,test,0.5926649,0.44112408,0.18457577,0.3743001,0.4898439,0.902385,0.5016659,0.2892737,0.5731696,0.7384149,0.36554384
D:\uwiqa_dataset\SOTA\SOTA_Dataset\IBLA\95.bmp,sota,55.15908855,0.5817545435066137,test,0.55340993,0.4991649,0.18646021,0.3143749,0.4155189,0.61630315,0.42116824,0.4616228,0.6303187,0.59888464,0.53438497
D:\uwiqa_dataset\SOTA\SOTA_Dataset\waternet\55.bmp,sota,55.14740003,0.5815613079243492,test,0.6822237,0.453563,0.19476475,0.35167226,0.53122044,0.7239247,0.44896725,0.39743853,0.54330426,0.62523746,0.41783932
D:\uwiqa_dataset\SOTA\SOTA_Dataset\fusion18\513.bmp,sota,72.40291517,0.8668309156551534,test,0.73344076,0.42972204,0.11756928,0.45270875,0.5241089,0.33498937,0.66556543,0.6113699,0.67330915,0.46864346,0.5654157
D:\uwiqa_dataset\SOTA\SOTA_Dataset\waternet\430.bmp,sota,52.7068042,0.5412131752024455,test,0.45938343,0.29919675,0.2822773,0.41852593,0.38057244,0.68443805,0.4637391,0.4343964,0.561014,0.58861226,0.5455234
D:\uwiqa_dataset\SOTA\SOTA_Dataset\fusion18\636.bmp,sota,62.54662997,0.703885991097721,test,0.77960104,0.34554562,0.20866759,0.44578683,0.50247645,0.47025332,0.461946,0.5487862,0.50259966,0.44595197,0.49670273
D:\uwiqa_dataset\SOTA\SOTA_Dataset\HP\362.bmp,sota,66.76742124,0.77366446251034,test,0.7098067,0.6595238,0.05180461,0.28867155,0.55878913,0.45336896,0.52315,0.5606749,0.51531106,0.46093887,0.42974594
D:\uwiqa_dataset\SOTA\SOTA_Dataset\fusion12\752.bmp,sota,53.92924414,0.5614226536983896,test,0.6072928,0.5480227,0.17110126,0.28087607,0.5513206,0.6364938,0.4336935,0.51890796,0.49011233,0.45035493,0.45363337
D:\uwiqa_dataset\SOTA\SOTA_Dataset\ACPAB\756.bmp,sota,53.77893486,0.5589377282124791,test,0.37326694,0.7206052,0.070297234,0.20909762,0.5811976,0.65087473,0.45468396,0.5007438,0.5037795,0.48578897,0.4119578
D:\uwiqa_dataset\SOTA\SOTA_Dataset\ACPAB\205.bmp,sota,39.11187558,0.3164606874853108,test,0.3763088,0.5636276,0.20887306,0.22749938,0.45365986,0.596557,0.47504604,0.5219316,0.5402255,0.49874407,0.54780877
D:\uwiqa_dataset\SOTA\SOTA_Dataset\twostep\758.bmp,sota,61.55099379,0.6874260511766693,test,0.67168057,0.566834,0.15967573,0.2734903,0.47446185,0.43747538,0.4800561,0.5839173,0.53661525,0.4306501,0.54508364
D:\uwiqa_dataset\SOTA\SOTA_Dataset\waternet\23.bmp,sota,49.65537583,0.49076670825746926,test,0.45355415,0.3310223,0.30137038,0.36760736,0.3859678,0.7218961,0.45171174,0.4420602,0.62186474,0.59550834,0.59461933
D:\uwiqa_dataset\SOTA\SOTA_Dataset\HP\283.bmp,sota,29.89377379,0.16406626400269061,test,0.08700736,0.51490456,0.08219219,0.40290323,0.5376821,0.4282013,0.50516975,0.5761205,0.5066202,0.43887228,0.48932347
D:\uwiqa_dataset\SOTA\SOTA_Dataset\twostep\422.bmp,sota,47.31860685,0.4521350496327526,test,0.3824424,0.46780556,0.21686098,0.31533346,0.43961695,0.61626345,0.46419114,0.4329875,0.5689293,0.5136063,0.60824347
D:\uwiqa_dataset\SOTA\SOTA_Dataset\fusion18\210.bmp,sota,62.37085649,0.7009800893450203,test,0.65572846,0.44318324,0.23874415,0.3180726,0.5143235,0.41400278,0.49552244,0.60441875,0.4881073,0.39383328,0.52153045
D:\uwiqa_dataset\SOTA\SOTA_Dataset\funiegan\9.bmp,sota,52.49726373,0.5377490347699144,test,0.48422682,0.43185776,0.20358448,0.36455783,0.38926226,0.7831459,0.41993484,0.3272162,0.6525853,0.5963562,0.62458605
D:\uwiqa_dataset\SOTA\SOTA_Dataset\dive\602.bmp,sota,62.20350569,0.6982134320367857,test,0.7943529,0.29367208,0.30937496,0.39695293,0.51765126,0.48042738,0.43799508,0.5327195,0.48900872,0.42926037,0.4969665
D:\uwiqa_dataset\SOTA\SOTA_Dataset\waternet\239.bmp,sota,57.81154575,0.6256051859723794,test,0.5237738,0.37978828,0.20494804,0.41526365,0.34870708,0.85985774,0.442016,0.36373058,0.6642712,0.5995016,0.67745584
D:\uwiqa_dataset\SOTA\SOTA_Dataset\HP\253.bmp,sota,22.02413591,0.03396475774240991,test,0.007051735,0.45163953,0.04272961,0.5056309,0.57995826,0.4110164,0.5048051,0.5372345,0.51971006,0.47367382,0.47487313
D:\uwiqa_dataset\SOTA\SOTA_Dataset\HP\148.bmp,sota,34.44561017,0.23931760063577381,test,0.32149234,0.5724542,0.06791266,0.35963315,0.5592247,0.47503507,0.5112606,0.52375966,0.4967197,0.4853177,0.40179545
D:\uwiqa_dataset\SOTA\SOTA_Dataset\IBLA\180.bmp,sota,47.66997112,0.4579438328919187,test,0.639333,0.41558388,0.24342184,0.34099424,0.5017212,0.33914194,0.5453285,0.65940875,0.59487724,0.37977925,0.5526979
D:\uwiqa_dataset\SOTA\SOTA_Dataset\fusion18\424.bmp,sota,57.58652817,0.62188517667342,test,0.62858564,0.53689677,0.062219612,0.40088356,0.5161457,0.4106694,0.49805707,0.56981546,0.53915876,0.47582597,0.52024657
D:\uwiqa_dataset\SOTA\SOTA_Dataset\dive\489.bmp,sota,42.77143037,0.37696075085303266,test,0.54786617,0.37870622,0.3625206,0.25877318,0.45535946,0.482962,0.5320026,0.55664074,0.47516486,0.4878317,0.4685743
D:\uwiqa_dataset\SOTA\SOTA_Dataset\HP\335.bmp,sota,33.19713744,0.21867774589599193,test,0.26800656,0.54756296,0.02019673,0.4322403,0.5484365,0.45279917,0.50407577,0.55228484,0.49939576,0.45828488,0.44656664
D:\uwiqa_dataset\SOTA\SOTA_Dataset\fusion18\502.bmp,sota,69.79914511,0.8237851730267236,test,0.8462526,0.50939095,0.08351402,0.40709504,0.52393323,0.3772745,0.5256682,0.6055354,0.5519172,0.4173164,0.5460928
D:\uwiqa_dataset\SOTA\SOTA_Dataset\HP\634.bmp,sota,24.48410559,0.0746331805596769,test,0.012249171,0.16556649,0.03465048,0.79978305,0.52410954,0.44529888,0.49068815,0.5355487,0.49630496,0.47103164,0.4806716
D:\uwiqa_dataset\SOTA\SOTA_Dataset\HP\675.bmp,sota,29.14256765,0.1516472617796847,test,0.08748997,0.6231135,0.07708405,0.29980236,0.5401968,0.43156275,0.51089454,0.59086144,0.5078068,0.4211486,0.47752482
D:\uwiqa_dataset\SOTA\SOTA_Dataset\fusion12\587.bmp,sota,59.24128192,0.6492417029390031,test,0.6864717,0.4867699,0.20522904,0.308001,0.4719435,0.5790755,0.45668244,0.49657914,0.6163524,0.6128399,0.35222492
D:\uwiqa_dataset\SOTA\SOTA_Dataset\dive\181.bmp,sota,53.97005569,0.5620973536285238,test,0.5952849,0.4293909,0.24210925,0.32849985,0.4743519,0.39147538,0.5393107,0.6001898,0.5509575,0.43545943,0.5475988
D:\uwiqa_dataset\SOTA\SOTA_Dataset\ACPAB\158.bmp,sota,65.52493195,0.7531235264969961,test,0.7922292,0.6660439,0.080788694,0.2531674,0.5149123,0.4439955,0.5203077,0.5806346,0.49370158,0.42918825,0.48751715
D:\uwiqa_dataset\SOTA\SOTA_Dataset\twostep\178.bmp,sota,61.44520519,0.6856771452657451,test,0.46509886,0.68018484,0.063373536,0.25644168,0.5311846,0.49500966,0.5268874,0.5472311,0.5214484,0.5309927,0.4162719
D:\uwiqa_dataset\SOTA\SOTA_Dataset\fusion12\179.bmp,sota,51.67103237,0.5240897093861293,test,0.5493396,0.62711936,0.100977615,0.2719031,0.5483277,0.53057474,0.4669616,0.5350044,0.5181302,0.46321577,0.3740417
D:\uwiqa_dataset\SOTA\SOTA_Dataset\funiegan\499.bmp,sota,42.61173302,0.3743206210150922,test,0.46550822,0.32399198,0.24137135,0.43463665,0.2558448,0.8334636,0.3819005,0.37872827,0.6516973,0.6011144,0.63232374
D:\uwiqa_dataset\SOTA\SOTA_Dataset\funiegan\538.bmp,sota,62.52524411,0.7035324382861308,test,0.6985043,0.6456506,0.040042493,0.31430689,0.51653683,0.38297495,0.53214926,0.62299585,0.53360516,0.4070552,0.51815915
D:\uwiqa_dataset\SOTA\SOTA_Dataset\waternet\703.bmp,sota,52.10315048,0.531233521827134,test,0.52413964,0.3122585,0.23959325,0.44814822,0.44064352,0.7803527,0.46059182,0.39294901,0.5883237,0.60112494,0.53414774
D:\uwiqa_dataset\SOTA\SOTA_Dataset\HP\730.bmp,sota,22.38953284,0.040005530100779556,test,-0.00035422575,0.3843155,0.05144836,0.5642361,0.7027848,0.34201247,0.47052288,0.5049629,0.57714933,0.5665173,0.48478505
D:\uwiqa_dataset\SOTA\SOTA_Dataset\fusion18\528.bmp,sota,58.05865352,0.629690392124917,test,0.6165386,0.40855524,0.22379392,0.36765084,0.38364205,0.63024557,0.4537264,0.4906193,0.58015066,0.54393804,0.5465853
D:\uwiqa_dataset\SOTA\SOTA_Dataset\HP\286.bmp,sota,34.61111053,0.2420536663164247,test,0.17166445,0.6576008,0.07229833,0.27010086,0.5525242,0.4562171,0.53139436,0.5594847,0.5208232,0.47547147,0.43606922
D:\uwiqa_dataset\SOTA\SOTA_Dataset\ACPAB\711.bmp,sota,59.56169577,0.6545388112872282,test,0.5129254,0.5742432,0.1269381,0.2988187,0.53885734,0.56042993,0.4792251,0.5185614,0.5114394,0.48695782,0.44523582
D:\uwiqa_dataset\SOTA\SOTA_Dataset\dive\141.bmp,sota,56.67094033,0.6067486025496819,test,0.6541006,0.49713776,0.13996308,0.36289915,0.47674096,0.58583164,0.4770019,0.49775693,0.5280647,0.55518115,0.4639251
D:\uwiqa_dataset\SOTA\SOTA_Dataset\twostep\459.bmp,sota,41.74695406,0.36002402351037965,test,0.42031193,0.3610431,0.26064837,0.37830856,0.34843224,0.70005083,0.43668288,0.4171174,0.64139974,0.5092722,0.7012726
D:\uwiqa_dataset\SOTA\SOTA_Dataset\waternet\539.bmp,sota,50.14467718,0.49885587876580645,test,0.55425835,0.31866923,0.2389201,0.44241068,0.35457194,0.6323554,0.431834,0.4919692,0.62174225,0.4777907,0.67588735
D:\uwiqa_dataset\SOTA\SOTA_Dataset\dive\695.bmp,sota,47.16593006,0.44961098427512464,test,0.53156483,0.46063003,0.16313685,0.37623307,0.40158746,0.61898553,0.43706852,0.485702,0.5716251,0.49858922,0.61812055
D:\uwiqa_dataset\SOTA\SOTA_Dataset\funiegan\729.bmp,sota,39.89185264,0.3293553329444568,test,0.33411485,0.20575304,0.26637417,0.5278728,0.30442607,0.8401813,0.41644698,0.31387553,0.69053936,0.5489585,0.7514717
D:\uwiqa_dataset\SOTA\SOTA_Dataset\IBLA\179.bmp,sota,56.37998285,0.6019384693538588,test,0.644423,0.51515704,0.22767125,0.25717166,0.46383345,0.4210648,0.47397518,0.59599954,0.54683405,0.43449908,0.5486753
D:\uwiqa_dataset\SOTA\SOTA_Dataset\ACPAB\356.bmp,sota,57.30868008,0.6172917690005703,test,0.5053148,0.78138715,0.051038872,0.16757394,0.59854877,0.5641887,0.48370838,0.536175,0.4998671,0.44835413,0.36292338
D:\uwiqa_dataset\SOTA\SOTA_Dataset\fusion12\452.bmp,sota,46.34808232,0.4360902575926453,test,0.5116358,0.39993295,0.22746667,0.37260038,0.48549435,0.4663259,0.48782468,0.5492156,0.5585215,0.4796976,0.49898076
D:\uwiqa_dataset\SOTA\SOTA_Dataset\fusion12\605.bmp,sota,54.44118157,0.5698860457590694,test,0.65277815,0.38297853,0.20234783,0.41467363,0.53095126,0.4788537,0.4537214,0.54015845,0.46129164,0.40873703,0.4027548
D:\uwiqa_dataset\SOTA\SOTA_Dataset\dive\675.bmp,sota,51.22608387,0.5167337838732958,test,0.48787576,0.456657,0.16070606,0.38263693,0.531609,0.3131822,0.5094346,0.6559088,0.62590736,0.41242,0.54986644
D:\uwiqa_dataset\SOTA\SOTA_Dataset\HP\751.bmp,sota,56.60148464,0.6056003553208849,test,0.74086726,0.5317462,0.17465954,0.29359433,0.5402419,0.43245134,0.52166826,0.59373176,0.5199275,0.427949,0.4624104
D:\uwiqa_dataset\SOTA\SOTA_Dataset\HP\301.bmp,sota,26.71643658,0.11153826167002955,test,0.19331335,0.5479389,0.10777601,0.34428507,0.5365991,0.47887257,0.53636885,0.558374,0.48872244,0.4749168,0.47812384
D:\uwiqa_dataset\SOTA\SOTA_Dataset\ACPAB\577.bmp,sota,67.51796036,0.7860724375033731,test,0.6089158,0.56917995,0.08443688,0.34638312,0.45724234,0.5648203,0.4545654,0.52864504,0.55396384,0.4614802,0.5721183
D:\uwiqa_dataset\SOTA\SOTA_Dataset\fusion18\323.bmp,sota,54.07258921,0.5637924462868619,test,0.5041159,0.45380896,0.17766552,0.3685255,0.4770825,0.51943094,0.45186764,0.498561,0.6259949,0.5475631,0.4830059
D:\uwiqa_dataset\SOTA\SOTA_Dataset\funiegan\615.bmp,sota,53.37099322,0.5521936031790808,test,0.64687306,0.4143734,0.14184935,0.4437772,0.49296656,0.42102748,0.45544472,0.5935823,0.47330254,0.37459582,0.473232
D:\uwiqa_dataset\SOTA\SOTA_Dataset\IBLA\352.bmp,sota,35.36313811,0.25448624865365344,test,0.26972073,0.50932914,0.13812615,0.3525447,0.5184486,0.7053852,0.50800943,0.42473263,0.48589748,0.6233128,0.4187459
D:\uwiqa_dataset\SOTA\SOTA_Dataset\HP\339.bmp,sota,37.02402177,0.281944115099865,test,0.095334776,0.5757941,0.047182925,0.37702295,0.5415828,0.4326375,0.5096553,0.58114016,0.5031431,0.43050122,0.46737462
D:\uwiqa_dataset\SOTA\SOTA_Dataset\funiegan\24.bmp,sota,46.52631724,0.4390368520756153,test,0.41607264,0.39855674,0.2635174,0.33792588,0.37095955,0.53161633,0.42292163,0.56192213,0.65510535,0.42910904,0.6658677
D:\uwiqa_dataset\SOTA\SOTA_Dataset\funiegan\217.bmp,sota,63.62101592,0.7216478287491228,test,0.6667229,0.4977224,0.16207117,0.34020644,0.44684687,0.39632183,0.44039598,0.61086893,0.65259355,0.42482817,0.6226727
D:\uwiqa_dataset\SOTA\SOTA_Dataset\HP\320.bmp,sota,24.97664724,0.08277591997641406,test,0.05773993,0.49197474,0.07175691,0.4362684,0.5941016,0.4209945,0.5185337,0.53347707,0.5432675,0.518671,0.4632302
D:\uwiqa_dataset\SOTA\SOTA_Dataset\twostep\339.bmp,sota,63.03078535,0.7118900880031328,test,0.4270218,0.58141243,0.12470858,0.293879,0.42606297,0.46513525,0.4559163,0.58610743,0.57369256,0.41199833,0.5867119
D:\uwiqa_dataset\SOTA\SOTA_Dataset\ACPAB\69.bmp,sota,29.91297735,0.16438373884964752,test,0.15963706,0.6366956,0.11798878,0.24531555,0.44963166,0.5708403,0.44019762,0.51425266,0.568949,0.48865417,0.5513969
D:\uwiqa_dataset\SOTA\SOTA_Dataset\IBLA\338.bmp,sota,47.1300136,0.4490172103789441,test,0.30054823,0.43018588,0.12503181,0.44478232,0.5386057,0.48549917,0.46963498,0.5184483,0.47712567,0.37577534,0.47240695
D:\uwiqa_dataset\SOTA\SOTA_Dataset\HP\19.bmp,sota,26.49728417,0.10791521584805705,test,0.07605502,0.51675725,0.039294016,0.44394875,0.5369842,0.46673086,0.51669943,0.5514052,0.50433326,0.48775113,0.45568487
D:\uwiqa_dataset\SOTA\SOTA_Dataset\HP\753.bmp,sota,51.64546142,0.5236669683194836,test,0.620025,0.72224784,0.073266126,0.20448606,0.53563833,0.41996762,0.51061714,0.5980957,0.50649905,0.41076022,0.47489145
D:\uwiqa_dataset\SOTA\SOTA_Dataset\fusion12\748.bmp,sota,56.90654567,0.6106436495752722,test,0.7152036,0.53778607,0.09126619,0.37094772,0.5025915,0.5373881,0.47248355,0.4795278,0.48373547,0.49585012,0.37478805
D:\uwiqa_dataset\SOTA\SOTA_Dataset\fusion12\366.bmp,sota,27.29270374,0.12106515816356099,test,0.12697124,0.5254128,0.089095324,0.38549188,0.4506495,0.5376846,0.44527218,0.49536407,0.5563945,0.5220406,0.53380483
D:\uwiqa_dataset\SOTA\SOTA_Dataset\funiegan\54.bmp,sota,68.02087782,0.7943867106717585,test,0.8448203,0.47359237,0.06641853,0.45998916,0.49103022,0.40198722,0.48158047,0.5948632,0.5341576,0.4257672,0.5170441
D:\uwiqa_dataset\SOTA\SOTA_Dataset\fusion12\385.bmp,sota,61.59201229,0.6881041724213711,test,0.6695416,0.5222996,0.09973535,0.37796503,0.53960556,0.4549031,0.4727877,0.5636481,0.49013433,0.41768566,0.50261664
D:\uwiqa_dataset\SOTA\SOTA_Dataset\dive\725.bmp,sota,65.18195863,0.7474534631193037,test,0.65653175,0.5537193,0.11403086,0.33224985,0.4527888,0.54843616,0.45478788,0.4868634,0.56684566,0.5155532,0.5437942
D:\uwiqa_dataset\SOTA\SOTA_Dataset\fusion12\207.bmp,sota,40.81134738,0.34455649626309287,test,0.17536792,0.5397019,0.15745753,0.30284056,0.5077736,0.42334148,0.46995288,0.54682565,0.61162233,0.4753723,0.52551967
D:\uwiqa_dataset\SOTA\SOTA_Dataset\ACPAB\147.bmp,sota,38.95959072,0.31394310154695554,test,0.4706527,0.5515571,0.17590098,0.2725419,0.50331885,0.74853706,0.46585107,0.4265504,0.57439333,0.5560916,0.47426164
D:\uwiqa_dataset\SOTA\SOTA_Dataset\ACPAB\573.bmp,sota,61.40735827,0.6850514568447028,test,0.6360106,0.6318788,0.0962387,0.27188253,0.6139157,0.7653678,0.47810334,0.47720966,0.5173149,0.56404597,0.35775286
D:\uwiqa_dataset\SOTA\SOTA_Dataset\funiegan\246.bmp,sota,77.72655506,0.9548417719407433,test,0.76274407,0.5077919,0.11154999,0.38065806,0.4473507,0.43440503,0.47651958,0.5911245,0.57503116,0.43560797,0.5646062
D:\uwiqa_dataset\SOTA\SOTA_Dataset\dive\599.bmp,sota,61.18930233,0.6814465379557281,test,0.6707666,0.34978122,0.27924365,0.37097508,0.48532677,0.5004671,0.47419885,0.5343525,0.5337736,0.5093613,0.49431083
D:\uwiqa_dataset\SOTA\SOTA_Dataset\fusion12\516.bmp,sota,45.87894311,0.4283344092553444,test,0.43092382,0.4120186,0.25973967,0.32824174,0.47832316,0.44829428,0.45620677,0.5392931,0.60322714,0.46961287,0.5021627
D:\uwiqa_dataset\SOTA\SOTA_Dataset\waternet\700.bmp,sota,54.77414566,0.5753906357160834,test,0.5654423,0.41294485,0.28558427,0.30147085,0.5457515,0.4710126,0.48705208,0.5214905,0.50913364,0.40751556,0.5702757
D:\uwiqa_dataset\SOTA\SOTA_Dataset\twostep\32.bmp,sota,28.57343447,0.14223830483531466,test,0.15993287,0.5150215,0.021232395,0.4637461,0.5213286,0.53441,0.47095516,0.48563442,0.45306602,0.43920416,0.34296718
D:\uwiqa_dataset\SOTA\SOTA_Dataset\funiegan\62.bmp,sota,56.52743489,0.6043761587110661,test,0.5645305,0.60378236,0.07585294,0.32036465,0.4909883,0.43722364,0.46865654,0.5602743,0.5161195,0.45211467,0.4992506
D:\uwiqa_dataset\SOTA\SOTA_Dataset\fusion12\200.bmp,sota,47.54236952,0.45583431265549057,test,0.47306997,0.5154832,0.21583243,0.2686844,0.49487534,0.51780134,0.4763282,0.5256886,0.5502929,0.5210017,0.48622397
D:\uwiqa_dataset\SOTA\SOTA_Dataset\waternet\274.bmp,sota,56.48689044,0.6037058745002893,test,0.58726585,0.4503112,0.21854852,0.33114028,0.4847233,0.46186316,0.49665698,0.5388185,0.5343469,0.4393621,0.52550554
D:\uwiqa_dataset\SOTA\SOTA_Dataset\twostep\572.bmp,sota,39.16325138,0.3173100364728053,test,0.10770876,0.62805015,0.06184828,0.31010157,0.5482901,0.5567214,0.5080076,0.46692738,0.46399277,0.5025618,0.31785285
D:\uwiqa_dataset\SOTA\SOTA_Dataset\ACPAB\417.bmp,sota,55.86958495,0.593500528930851,test,0.60578847,0.5532566,0.08408476,0.36265874,0.54695445,0.45790523,0.5019708,0.5882515,0.4937083,0.41706592,0.43986037
D:\uwiqa_dataset\SOTA\SOTA_Dataset\fusion12\789.bmp,sota,21.36415675,0.023053927520524955,test,0.082936905,0.6693238,0.081490666,0.24918556,0.48076847,0.4718645,0.4306275,0.5198422,0.5764327,0.5265011,0.509693
D:\uwiqa_dataset\SOTA\SOTA_Dataset\funiegan\295.bmp,sota,47.01370714,0.4470944223339876,test,0.35127383,0.3426322,0.23328424,0.42408356,0.3311566,0.8605112,0.457668,0.3329874,0.65551305,0.57619977,0.74361354
D:\uwiqa_dataset\SOTA\SOTA_Dataset\fusion12\550.bmp,sota,61.29799956,0.6832435295790987,test,0.6908364,0.44791684,0.119034626,0.43304858,0.5128022,0.461879,0.48079267,0.53236526,0.4784457,0.43471283,0.41674712
D:\uwiqa_dataset\SOTA\SOTA_Dataset\ACPAB\629.bmp,sota,62.31621013,0.7000766711882956,test,0.8360628,0.48796952,0.12937911,0.38265133,0.51100576,0.5550594,0.45896325,0.52573806,0.51351184,0.46667534,0.45774278
D:\uwiqa_dataset\SOTA\SOTA_Dataset\HP\779.bmp,sota,24.78802518,0.07965760443329577,test,0.085484214,0.26483527,0.06311963,0.6720452,0.54181755,0.46840328,0.5121175,0.5364935,0.5013852,0.48963448,0.4361983
D:\uwiqa_dataset\SOTA\SOTA_Dataset\HP\499.bmp,sota,20.50288932,0.008815382921072486,test,-0.013698869,0.22718826,0.07340801,0.6994038,0.6942075,0.33401203,0.5138652,0.5321936,0.5916547,0.5754275,0.47557604
D:\uwiqa_dataset\SOTA\SOTA_Dataset\fusion12\199.bmp,sota,51.61987989,0.5232440523434003,test,0.47956353,0.46568725,0.2543884,0.27992433,0.52752846,0.50172937,0.45544305,0.44204265,0.5823456,0.47402394,0.47698677
D:\uwiqa_dataset\SOTA\SOTA_Dataset\IBLA\591.bmp,sota,55.51903173,0.5877051540175658,test,0.46023473,0.45737955,0.22537138,0.3172491,0.5431284,0.51645917,0.48563015,0.47328755,0.49266872,0.4304766,0.5016379
D:\uwiqa_dataset\SOTA\SOTA_Dataset\HP\45.bmp,sota,54.44294574,0.5699152111638567,test,0.76947904,0.6227028,0.072104774,0.30519247,0.5503376,0.4338792,0.4986395,0.57472736,0.49228653,0.41751483,0.44362143
D:\uwiqa_dataset\SOTA\SOTA_Dataset\ACPAB\514.bmp,sota,68.58139072,0.8036531564320708,test,0.7150348,0.52795404,0.15555628,0.31648964,0.59180146,0.55942935,0.4715907,0.5252448,0.49915183,0.4594865,0.38383648
D:\uwiqa_dataset\SOTA\SOTA_Dataset\funiegan\374.bmp,sota,46.98690088,0.44665125901994646,test,0.6000448,0.5494481,0.05882736,0.39172456,0.3887098,0.5034633,0.41957924,0.5670664,0.6474723,0.43074256,0.66259766
D:\uwiqa_dataset\SOTA\SOTA_Dataset\waternet\84.bmp,sota,53.76226884,0.5586622041873045,test,0.61683834,0.35705784,0.2923971,0.35054502,0.45335618,0.76789564,0.4894344,0.416144,0.5771475,0.59965056,0.5174038
D:\uwiqa_dataset\SOTA\SOTA_Dataset\twostep\632.bmp,sota,32.64815417,0.2096019089352836,test,0.1112823,0.44469243,0.07971352,0.47559407,0.4842038,0.5138031,0.47465473,0.5445076,0.48593903,0.47757405,0.41289774
D:\uwiqa_dataset\SOTA\SOTA_Dataset\funiegan\141.bmp,sota,54.34582009,0.5683095218609697,test,0.58140004,0.43858635,0.17173126,0.38968244,0.45098525,0.8102463,0.5032267,0.3935904,0.54989594,0.63684994,0.50058854
D:\uwiqa_dataset\SOTA\SOTA_Dataset\dive\162.bmp,sota,57.06924724,0.6133334454274686,test,0.5880616,0.6807807,0.07653829,0.24268098,0.5035412,0.38827658,0.4982764,0.60298675,0.5273225,0.41415098,0.49288368
D:\uwiqa_dataset\SOTA\SOTA_Dataset\IBLA\649.bmp,sota,45.74652498,0.42614526174539946,test,0.6025719,0.54220665,0.16554767,0.2922457,0.5351273,0.39456537,0.51586574,0.6385591,0.5169878,0.39741,0.50831354
D:\uwiqa_dataset\SOTA\SOTA_Dataset\HP\5.bmp,sota,25.03933959,0.08381235510727642,test,0.08040075,0.5286599,0.007946936,0.46339324,0.54729724,0.44610688,0.51055014,0.569312,0.50711817,0.4473452,0.45053396
D:\uwiqa_dataset\SOTA\SOTA_Dataset\IBLA\493.bmp,sota,47.7205238,0.45877957399129116,test,0.37851653,0.34383565,0.2458572,0.41030714,0.49863973,0.754364,0.43260625,0.29404315,0.62089497,0.5743291,0.55853003
D:\uwiqa_dataset\SOTA\SOTA_Dataset\IBLA\519.bmp,sota,60.58319861,0.6714263809771761,test,0.5521711,0.6622756,0.036329098,0.3013953,0.58423185,0.5532445,0.49524894,0.52335525,0.48603916,0.5280168,0.3609848
D:\uwiqa_dataset\SOTA\SOTA_Dataset\ACPAB\696.bmp,sota,25.43288002,0.09031839814229828,test,0.035412174,0.62375015,0.054480698,0.32176915,0.5388028,0.84030545,0.52668446,0.37216586,0.5812053,0.64775383,0.43679646
D:\uwiqa_dataset\SOTA\SOTA_Dataset\IBLA\442.bmp,sota,38.08391244,0.2994663155798467,test,0.3737001,0.5056632,0.2068801,0.28745663,0.4498053,0.46836165,0.44848883,0.56468457,0.6320338,0.5669514,0.4766844
D:\uwiqa_dataset\SOTA\SOTA_Dataset\funiegan\369.bmp,sota,74.01718733,0.8935181969166943,test,0.82879496,0.51946837,0.09432023,0.38621148,0.4620569,0.5103787,0.4531452,0.5346252,0.5621708,0.50308,0.52184117
D:\uwiqa_dataset\SOTA\SOTA_Dataset\funiegan\316.bmp,sota,62.12363508,0.6968930044865758,test,0.6624062,0.48455867,0.14866309,0.36677825,0.4713453,0.45814228,0.44217536,0.52233547,0.6201235,0.49185658,0.6171074
D:\uwiqa_dataset\SOTA\SOTA_Dataset\waternet\650.bmp,sota,38.7001911,0.3096546855105438,test,0.3897133,0.36023116,0.28128487,0.35848397,0.33999375,0.8848098,0.46965155,0.34183022,0.6222622,0.6628739,0.6406436
D:\uwiqa_dataset\SOTA\SOTA_Dataset\ACPAB\596.bmp,sota,50.69710718,0.5079886973527993,test,0.704252,0.38905922,0.2121154,0.3988254,0.45355016,0.63025177,0.44307506,0.46753916,0.5646778,0.5117863,0.54310644
D:\uwiqa_dataset\SOTA\SOTA_Dataset\fusion12\121.bmp,sota,56.65745597,0.606525677991563,test,0.7882639,0.48024377,0.20406532,0.31569088,0.49456584,0.55957854,0.46737552,0.52764326,0.5011622,0.4788472,0.43351716
D:\uwiqa_dataset\SOTA\SOTA_Dataset\fusion12\180.bmp,sota,52.63042359,0.5399504446217496,test,0.65526634,0.46853656,0.22054587,0.31091762,0.5139204,0.45672062,0.444606,0.60056865,0.47526103,0.37477323,0.46409342
D:\uwiqa_dataset\SOTA\SOTA_Dataset\ACPAB\82.bmp,sota,55.22042953,0.5827686376765326,test,0.4226166,0.46430764,0.19961628,0.33607608,0.4298019,0.9126289,0.5056906,0.30424652,0.6658879,0.6949749,0.6014938
D:\uwiqa_dataset\SOTA\SOTA_Dataset\HP\160.bmp,sota,21.59795625,0.026919120249431112,test,0.08772843,0.41855285,0.054487087,0.5269601,0.81321865,0.23032844,0.5026705,0.5499036,0.66509163,0.61851025,0.469989
D:\uwiqa_dataset\SOTA\SOTA_Dataset\twostep\616.bmp,sota,26.8153766,0.11317394628826796,test,0.101344824,0.27379212,0.076169804,0.65003806,0.5329492,0.48006105,0.48470628,0.5359591,0.47065222,0.45071125,0.4542675
D:\uwiqa_dataset\SOTA\SOTA_Dataset\ACPAB\630.bmp,sota,57.80340175,0.6254705486887915,test,0.7025888,0.61167175,0.08322139,0.30510685,0.54307765,0.45516282,0.4671225,0.56420624,0.4834622,0.42012024,0.4330322
D:\uwiqa_dataset\SOTA\SOTA_Dataset\fusion18\118.bmp,sota,75.67555068,0.9209343973889129,test,0.8811356,0.5091987,0.10758611,0.38321513,0.4255289,0.4987379,0.44018078,0.5621243,0.55941427,0.41656625,0.5875146
D:\uwiqa_dataset\SOTA\SOTA_Dataset\fusion18\411.bmp,sota,38.21276734,0.30159655547584274,test,0.17492078,0.7397418,0.06363747,0.19662075,0.38969374,0.758576,0.4364641,0.4420697,0.58317673,0.56512076,0.59367305
D:\uwiqa_dataset\SOTA\SOTA_Dataset\fusion18\139.bmp,sota,66.08512524,0.7623846884382749,test,0.64289665,0.31905347,0.3103391,0.37060744,0.42755118,0.51449084,0.43124592,0.52885514,0.54806197,0.44184664,0.56841755
D:\uwiqa_dataset\SOTA\SOTA_Dataset\waternet\472.bmp,sota,51.88858446,0.5276862985851067,test,0.42948934,0.44217584,0.3382262,0.219598,0.393895,0.53417075,0.49334434,0.5068031,0.5288236,0.5341096,0.5046817
D:\uwiqa_dataset\SOTA\SOTA_Dataset\HP\174.bmp,sota,22.27972089,0.038190109833896986,test,0.17512995,0.6991172,0.028603582,0.2722792,0.6447403,0.39211366,0.52856976,0.5213089,0.5832428,0.57133996,0.4531177
D:\uwiqa_dataset\SOTA\SOTA_Dataset\HP\374.bmp,sota,32.83164407,0.2126353791835422,test,0.29573777,0.535245,0.093873784,0.37088123,0.5435417,0.44225958,0.51714534,0.5727181,0.49856493,0.43814087,0.45245197
D:\uwiqa_dataset\SOTA\SOTA_Dataset\twostep\423.bmp,sota,36.76536732,0.27766801827570925,test,0.23242605,0.51076555,0.121072754,0.36816168,0.49969894,0.47494265,0.4883585,0.5609215,0.52169853,0.49398685,0.46993655
D:\uwiqa_dataset\SOTA\SOTA_Dataset\waternet\570.bmp,sota,45.41831501,0.42071926729460507,test,0.43147656,0.39491063,0.24837168,0.35671774,0.55958325,0.5800798,0.48417187,0.5170311,0.5006689,0.46813723,0.45959345
D:\uwiqa_dataset\SOTA\SOTA_Dataset\fusion18\498.bmp,sota,62.07158688,0.696032539326502,test,0.78108776,0.55471635,0.08107728,0.36420634,0.47150734,0.4331921,0.47080767,0.5736639,0.5662455,0.4561106,0.53912914
D:\uwiqa_dataset\SOTA\SOTA_Dataset\funiegan\711.bmp,sota,54.04392893,0.56331863216038,test,0.3377101,0.47135082,0.18348669,0.3451625,0.5096919,0.83690494,0.49289316,0.34989938,0.5670755,0.6764519,0.4419436
D:\uwiqa_dataset\SOTA\SOTA_Dataset\funiegan\84.bmp,sota,55.0657367,0.5802112429783837,test,0.5970387,0.45671502,0.2708032,0.27248177,0.42178786,0.66562617,0.46384567,0.4745929,0.5819167,0.52538705,0.54161376
D:\uwiqa_dataset\SOTA\SOTA_Dataset\twostep\482.bmp,sota,47.99366783,0.4632952137539943,test,0.6261403,0.6276497,0.07370794,0.29864237,0.5171974,0.46662354,0.50051445,0.58759844,0.50527364,0.45062268,0.4395313
D:\uwiqa_dataset\SOTA\SOTA_Dataset\IBLA\763.bmp,sota,35.32848445,0.25391335147182886,test,0.15926434,0.661739,0.08204357,0.25621742,0.57101804,0.43052953,0.4604353,0.51749766,0.5456404,0.57748854,0.49531832
D:\uwiqa_dataset\SOTA\SOTA_Dataset\fusion18\519.bmp,sota,65.78766165,0.7574669956922156,test,0.818461,0.35638732,0.09018522,0.55342746,0.53807807,0.3994785,0.5331353,0.56873435,0.6013441,0.46821603,0.5240206
D:\uwiqa_dataset\SOTA\SOTA_Dataset\fusion18\297.bmp,sota,52.87984285,0.5440738645187176,test,0.5414494,0.38513246,0.3155,0.29936755,0.444095,0.4074625,0.55941474,0.5469805,0.61405945,0.47203162,0.5228315
D:\uwiqa_dataset\SOTA\SOTA_Dataset\fusion12\787.bmp,sota,26.5538923,0.1088510661491611,test,0.22264265,0.47180808,0.20916462,0.3190273,0.49481887,0.50864893,0.44807473,0.49253,0.5557989,0.49983937,0.45114568
D:\uwiqa_dataset\SOTA\SOTA_Dataset\waternet\474.bmp,sota,53.14310032,0.5484260588513583,test,0.51068354,0.45669064,0.24874696,0.2945624,0.4586368,0.4582547,0.4668476,0.51096684,0.59568423,0.4359854,0.5474827
D:\uwiqa_dataset\SOTA\SOTA_Dataset\HP\739.bmp,sota,23.746556,0.06243994955415419,test,0.029211141,0.36512038,0.049580086,0.5852995,0.5474314,0.49470735,0.4794084,0.5067128,0.47922876,0.49025556,0.46085313
D:\uwiqa_dataset\SOTA\SOTA_Dataset\IBLA\496.bmp,sota,52.30529379,0.5345753717969116,test,0.60103655,0.39455938,0.20391361,0.401527,0.46169183,0.51539445,0.45791703,0.5245853,0.5623459,0.5540816,0.47968793
D:\uwiqa_dataset\SOTA\SOTA_Dataset\ACPAB\709.bmp,sota,57.1273135,0.6142934016546924,test,0.5988145,0.47541606,0.19006196,0.33452192,0.5066899,0.62946445,0.4551938,0.50076306,0.53698385,0.49118507,0.49975395
D:\uwiqa_dataset\SOTA\SOTA_Dataset\fusion12\208.bmp,sota,61.12407084,0.6803681255517509,test,0.6676196,0.5947559,0.059896916,0.3453472,0.54671574,0.4541366,0.4641633,0.5682559,0.47890246,0.40557247,0.4952693
D:\uwiqa_dataset\SOTA\SOTA_Dataset\IBLA\754.bmp,sota,41.28961932,0.35246332765036203,test,0.399693,0.5342933,0.21796094,0.24774577,0.5804961,0.5285102,0.47522828,0.53531855,0.49524906,0.42093027,0.43741712
D:\uwiqa_dataset\SOTA\SOTA_Dataset\twostep\495.bmp,sota,34.26500793,0.236331869422182,test,0.37130615,0.48228478,0.16928604,0.34842917,0.42255503,0.51830024,0.44293624,0.54656947,0.5948883,0.492741,0.5859694
D:\uwiqa_dataset\SOTA\SOTA_Dataset\waternet\215.bmp,sota,57.16931329,0.6149877456670771,test,0.5743448,0.3403158,0.3357578,0.3239264,0.49396008,0.6635079,0.46640182,0.43771654,0.5443394,0.575064,0.50595754
D:\uwiqa_dataset\SOTA\SOTA_Dataset\HP\93.bmp,sota,21.71284929,0.028818541517697006,test,-0.0036920654,0.24319395,0.0461032,0.7107029,0.5225348,0.45778155,0.48497626,0.53345525,0.4959043,0.4867216,0.4885783
D:\uwiqa_dataset\SOTA\SOTA_Dataset\dive\149.bmp,sota,53.3848044,0.5524219307525511,test,0.6348727,0.42767608,0.24216864,0.33015522,0.48322138,0.47701043,0.4487761,0.580409,0.5159772,0.4071384,0.5116963
D:\uwiqa_dataset\SOTA\SOTA_Dataset\waternet\62.bmp,sota,55.20692915,0.5825454482744447,test,0.6009395,0.4240106,0.23262006,0.34336936,0.4221648,0.5985028,0.45268515,0.49585885,0.55561435,0.49932957,0.56711966
D:\uwiqa_dataset\SOTA\SOTA_Dataset\dive\114.bmp,sota,54.95539075,0.5783869945792028,test,0.6091528,0.45937616,0.19573022,0.34489366,0.42034626,0.629018,0.45741627,0.49491978,0.6185072,0.5786617,0.539394
D:\uwiqa_dataset\SOTA\SOTA_Dataset\HP\28.bmp,sota,50.31505644,0.5016726028259879,test,0.5599992,0.43034488,0.14625771,0.42339742,0.5423054,0.4457959,0.49789533,0.57580817,0.5040276,0.4361705,0.47014725
D:\uwiqa_dataset\SOTA\SOTA_Dataset\funiegan\690.bmp,sota,56.07830249,0.596951064616356,test,0.6070319,0.44268608,0.19058658,0.3667273,0.6268314,0.73293644,0.40328574,0.29152083,0.5609638,0.6244192,0.46698192
D:\uwiqa_dataset\SOTA\SOTA_Dataset\ACPAB\33.bmp,sota,56.24377165,0.5996866144960188,test,0.5762668,0.62837416,0.1013685,0.27025735,0.526597,0.55611426,0.45449653,0.51813287,0.5009537,0.46130002,0.4224984
D:\uwiqa_dataset\SOTA\SOTA_Dataset\dive\555.bmp,sota,51.47937764,0.5209212574909949,test,0.5615413,0.53837,0.15250851,0.30912152,0.6327747,0.70142573,0.46290904,0.4235729,0.5129665,0.5780528,0.40867528
D:\uwiqa_dataset\SOTA\SOTA_Dataset\fusion12\267.bmp,sota,34.02658248,0.23239020010412878,test,0.24844617,0.5695599,0.1005291,0.32991093,0.5001991,0.36349007,0.560093,0.6392964,0.5759178,0.40976647,0.54682404
D:\uwiqa_dataset\SOTA\SOTA_Dataset\dive\568.bmp,sota,40.2437915,0.3351736153731682,test,0.39681,0.60906154,0.11854226,0.2723962,0.53802145,0.5283273,0.4627482,0.56861836,0.48991317,0.45825404,0.37358186
D:\uwiqa_dataset\SOTA\SOTA_Dataset\dive\543.bmp,sota,65.39011532,0.7508947267860832,test,0.8464471,0.38382763,0.18545814,0.43071425,0.5185409,0.44088334,0.4914769,0.58403605,0.50684804,0.4382716,0.4817062
D:\uwiqa_dataset\SOTA\SOTA_Dataset\funiegan\12.bmp,sota,45.140358,0.4161240589472797,test,0.36778742,0.6466193,0.115187675,0.23819304,0.58308077,0.64906067,0.46973833,0.46584398,0.49145153,0.5420658,0.3924608
D:\uwiqa_dataset\SOTA\SOTA_Dataset\funiegan\744.bmp,sota,64.97433786,0.7440210593264219,test,0.59558344,0.527772,0.17094812,0.30127984,0.46470287,0.5442418,0.46850604,0.5142825,0.57574373,0.5406155,0.53553045
D:\uwiqa_dataset\SOTA\SOTA_Dataset\dive\584.bmp,sota,46.96733387,0.4463277755874393,test,0.4897334,0.5068253,0.13584056,0.3573341,0.3636383,0.5578624,0.4204086,0.52593017,0.65593547,0.47084275,0.66456413
D:\uwiqa_dataset\SOTA\SOTA_Dataset\twostep\427.bmp,sota,50.59651364,0.5063256766047526,test,0.43113187,0.5825818,0.08387441,0.33354384,0.50990194,0.5099532,0.45688725,0.519663,0.4744396,0.45384035,0.35078302
D:\uwiqa_dataset\SOTA\SOTA_Dataset\funiegan\683.bmp,sota,51.29838563,0.5179290825674295,test,0.5616839,0.5733765,0.15765977,0.26896375,0.4932417,0.43408,0.47777963,0.5758129,0.52996993,0.45720157,0.4873727
D:\uwiqa_dataset\SOTA\SOTA_Dataset\dive\159.bmp,sota,43.96380823,0.39667324054860814,test,0.48200816,0.69429654,0.045037225,0.26066628,0.5722982,0.43705726,0.5161183,0.58998424,0.51267,0.40424278,0.42742366
D:\uwiqa_dataset\SOTA\SOTA_Dataset\ACPAB\174.bmp,sota,43.28745373,0.3854916918474221,test,0.42011005,0.7782922,0.042975962,0.17873186,0.63199276,0.6432266,0.48534334,0.519452,0.50529087,0.47292343,0.29334044
D:\uwiqa_dataset\SOTA\SOTA_Dataset\twostep\671.bmp,sota,55.90793368,0.5941345133164414,test,0.563586,0.582626,0.044211853,0.37316218,0.5083204,0.53778493,0.502123,0.5128417,0.4712091,0.48577997,0.32153875
D:\uwiqa_dataset\SOTA\SOTA_Dataset\IBLA\785.bmp,sota,28.08248541,0.1341218942485713,test,0.13905227,0.48352724,0.17437279,0.34209993,0.59048635,0.611449,0.5212722,0.47186297,0.4885652,0.4560531,0.19235887
D:\uwiqa_dataset\SOTA\SOTA_Dataset\fusion12\39.bmp,sota,55.57745548,0.5886710202991252,test,0.55598015,0.46865577,0.096938476,0.43440577,0.5080147,0.49249798,0.47923216,0.5182148,0.5056713,0.48681086,0.3960797
D:\uwiqa_dataset\SOTA\SOTA_Dataset\twostep\718.bmp,sota,46.55718065,0.43954708853001856,test,0.4088393,0.540215,0.122076,0.337709,0.43156844,0.49189568,0.45602325,0.5791584,0.5591403,0.45817056,0.5545153
D:\uwiqa_dataset\SOTA\SOTA_Dataset\IBLA\76.bmp,sota,45.46692446,0.4215228827544163,test,0.5054456,0.47131538,0.24043712,0.28824747,0.4687405,0.3738062,0.46242154,0.61936426,0.64370316,0.4331864,0.58675325
D:\uwiqa_dataset\SOTA\SOTA_Dataset\HP\475.bmp,sota,53.67620379,0.5572393696411533,test,0.56095433,0.51162237,0.072572194,0.41580543,0.5440333,0.43502763,0.5127439,0.5838114,0.50862426,0.42933464,0.4574962
D:\uwiqa_dataset\SOTA\SOTA_Dataset\twostep\436.bmp,sota,49.77330165,0.49271626769628035,test,0.4345882,0.39256358,0.17036842,0.43706802,0.48621923,0.5608879,0.46448857,0.46139035,0.53156424,0.5072597,0.53082305
D:\uwiqa_dataset\SOTA\SOTA_Dataset\waternet\765.bmp,sota,49.81741829,0.4934456076484691,test,0.4426051,0.44886863,0.2228244,0.32830697,0.3815123,0.699887,0.44918934,0.51117444,0.58199024,0.49240422,0.61985344
D:\uwiqa_dataset\SOTA\SOTA_Dataset\fusion18\251.bmp,sota,42.19547828,0.36743906312287805,test,0.5756383,0.3828477,0.2731474,0.3440049,0.47015336,0.46419504,0.54177016,0.5844432,0.5250577,0.50237834,0.46430418
D:\uwiqa_dataset\SOTA\SOTA_Dataset\dive\118.bmp,sota,65.20436973,0.747823965283623,test,0.7542602,0.3061281,0.2847718,0.40910006,0.42189765,0.4734772,0.44956037,0.57449865,0.59286815,0.4276213,0.58838713
D:\uwiqa_dataset\SOTA\SOTA_Dataset\twostep\220.bmp,sota,41.08302732,0.34904793156846203,test,0.30394924,0.4584569,0.26047304,0.28107,0.2629189,0.7790394,0.394889,0.4087255,0.7378081,0.5105649,0.7968565
D:\uwiqa_dataset\SOTA\SOTA_Dataset\funiegan\642.bmp,sota,63.09240229,0.7129087443666641,test,0.60998666,0.42885268,0.19884925,0.37229806,0.5322188,0.3584856,0.5923908,0.6499654,0.6033283,0.42436895,0.5452485
D:\uwiqa_dataset\SOTA\SOTA_Dataset\twostep\363.bmp,sota,50.30556973,0.5015157677492952,test,0.5464755,0.50978863,0.09535643,0.3948549,0.40910596,0.49838293,0.44794506,0.55370206,0.6225107,0.47543728,0.6114161
D:\uwiqa_dataset\SOTA\SOTA_Dataset\dive\201.bmp,sota,55.4750298,0.586977710460613,test,0.6301414,0.39938787,0.2980274,0.3025848,0.554852,0.34242603,0.4984078,0.6158033,0.63015586,0.4840429,0.53880036
D:\uwiqa_dataset\SOTA\SOTA_Dataset\IBLA\736.bmp,sota,38.89809626,0.31292647003294455,test,0.4418254,0.5460942,0.17573015,0.27817565,0.51284105,0.3729645,0.5209217,0.61868364,0.5725635,0.42918035,0.54168403
D:\uwiqa_dataset\SOTA\SOTA_Dataset\fusion18\646.bmp,sota,60.01754486,0.6620749462582033,test,0.6942719,0.6075345,0.09670382,0.29576162,0.48967463,0.6531455,0.45790905,0.429585,0.54449993,0.60692805,0.47798908
D:\uwiqa_dataset\SOTA\SOTA_Dataset\waternet\799.bmp,sota,51.51010986,0.5214293251014352,test,0.49639565,0.30497256,0.25819597,0.4368315,0.52714896,0.6414613,0.42935607,0.4649067,0.52606744,0.49755704,0.53961074
D:\uwiqa_dataset\SOTA\SOTA_Dataset\IBLA\161.bmp,sota,30.03625062,0.16642170277545787,test,0.21811058,0.45507067,0.28716958,0.25775975,0.5171922,0.64505655,0.4413511,0.32611504,0.6293078,0.41035345,0.5873281
D:\uwiqa_dataset\SOTA\SOTA_Dataset\IBLA\559.bmp,sota,49.2247562,0.4836476688121315,test,0.47783107,0.3868144,0.1650282,0.44815737,0.510615,0.5365886,0.47841725,0.48052976,0.46956164,0.46376842,0.33393213
D:\uwiqa_dataset\SOTA\SOTA_Dataset\HP\312.bmp,sota,25.02585649,0.08358945137958186,test,0.017727565,0.45127586,0.0751135,0.47361064,0.53782094,0.4349936,0.52927727,0.586368,0.51507056,0.4423763,0.4749221
D:\uwiqa_dataset\SOTA\SOTA_Dataset\fusion18\671.bmp,sota,64.69669582,0.7394310580892649,test,0.75753915,0.5496175,0.067192644,0.3831899,0.52052647,0.5722317,0.45394275,0.46705663,0.47737646,0.4795167,0.35184437
D:\uwiqa_dataset\SOTA\SOTA_Dataset\dive\10.bmp,sota,34.77884815,0.24482671856498828,test,0.6497569,0.6901046,0.046081327,0.26381412,0.47820744,0.46661258,0.46819487,0.5436087,0.5328934,0.4878248,0.5375304
D:\uwiqa_dataset\SOTA\SOTA_Dataset\funiegan\672.bmp,sota,48.86393306,0.477682510729462,test,0.40131283,0.5466594,0.23979533,0.21354519,0.463588,0.49811292,0.46785197,0.46407303,0.5609967,0.4817128,0.570479
D:\uwiqa_dataset\SOTA\SOTA_Dataset\fusion18\257.bmp,sota,62.6750721,0.7060094070458356,test,0.7628515,0.5295402,0.14444394,0.32601586,0.50023836,0.5063717,0.4603459,0.5489132,0.49844512,0.45209542,0.48800802
D:\uwiqa_dataset\SOTA\SOTA_Dataset\HP\328.bmp,sota,24.89398927,0.08140941155945791,test,0.028056152,0.4083388,0.041929558,0.5497316,0.54188585,0.44127142,0.50590485,0.5545157,0.48976508,0.4464231,0.4587327
D:\uwiqa_dataset\SOTA\SOTA_Dataset\funiegan\517.bmp,sota,42.23688028,0.3681235244213931,test,0.48348343,0.39623478,0.22366822,0.380097,0.4120836,0.9341786,0.45472506,0.24510434,0.65471023,0.7458537,0.5995714
D:\uwiqa_dataset\SOTA\SOTA_Dataset\fusion12\657.bmp,sota,68.36930752,0.8001469793762467,test,0.85439354,0.5823619,0.106282465,0.31135565,0.5346975,0.4721193,0.4622548,0.5793654,0.48337802,0.40330994,0.4552212
D:\uwiqa_dataset\SOTA\SOTA_Dataset\ACPAB\209.bmp,sota,23.004447,0.050171342004284185,test,0.024835657,0.4403463,0.06068068,0.49897304,0.58371484,0.48231447,0.492741,0.5734357,0.506158,0.41743693,0.42009002
D:\uwiqa_dataset\SOTA\SOTA_Dataset\waternet\383.bmp,sota,59.87034517,0.6596414287721297,test,0.7399652,0.4330757,0.19880082,0.36812347,0.3574956,0.52005726,0.45572454,0.5296722,0.6060937,0.46204606,0.6109603
D:\uwiqa_dataset\SOTA\SOTA_Dataset\ACPAB\504.bmp,sota,25.62299853,0.0934614531209551,test,0.1984773,0.6631041,0.08784229,0.24905358,0.45727313,0.61166185,0.47029927,0.5211299,0.5474383,0.48105577,0.5325107
D:\uwiqa_dataset\SOTA\SOTA_Dataset\twostep\371.bmp,sota,37.22460724,0.2852602107295315,test,0.18404078,0.47088146,0.19550253,0.33361596,0.3448814,0.53954315,0.40958863,0.5437134,0.66771144,0.4507766,0.67084056
D:\uwiqa_dataset\SOTA\SOTA_Dataset\IBLA\248.bmp,sota,49.14138008,0.48226928787980095,test,0.32748008,0.49481046,0.1340057,0.37118384,0.3589498,0.7968701,0.42374516,0.34363666,0.665414,0.52654237,0.6691559
D:\uwiqa_dataset\SOTA\SOTA_Dataset\dive\534.bmp,sota,70.13298553,0.8293042505439937,test,0.75636846,0.5508623,0.097222835,0.3519148,0.49395123,0.4698748,0.45275244,0.5237981,0.5159751,0.45313323,0.53083384
D:\uwiqa_dataset\SOTA\SOTA_Dataset\HP\330.bmp,sota,20.19893333,0.0037903572796340666,test,-0.017461278,0.2456992,0.10214843,0.65215236,0.6782068,0.34854695,0.49863392,0.53260916,0.5795687,0.5527161,0.47630838
D:\uwiqa_dataset\SOTA\SOTA_Dataset\HP\772.bmp,sota,22.40562592,0.04027158223434569,test,0.044115275,0.29664224,0.061114814,0.64224297,0.54056406,0.474387,0.49195465,0.53390133,0.49094424,0.48786202,0.46510848
D:\uwiqa_dataset\SOTA\SOTA_Dataset\funiegan\659.bmp,sota,49.3367111,0.4854985165061831,test,0.5509894,0.3311272,0.28949896,0.37937388,0.4467193,0.7713894,0.48498067,0.4012885,0.5723189,0.67125624,0.48936632
D:\uwiqa_dataset\SOTA\SOTA_Dataset\HP\459.bmp,sota,21.71617034,0.02887344539179569,test,-0.00460462,0.26388574,0.046855588,0.68925864,0.56381285,0.44511098,0.52147585,0.5571322,0.5243214,0.47613665,0.44401017
D:\uwiqa_dataset\SOTA\SOTA_Dataset\twostep\754.bmp,sota,30.70521464,0.17748107144820455,test,0.27428734,0.41116488,0.23971444,0.34912068,0.5438252,0.5171049,0.49631906,0.484245,0.52519554,0.4115636,0.5649507
D:\uwiqa_dataset\SOTA\SOTA_Dataset\dive\769.bmp,sota,45.09197077,0.4153241172469429,test,0.35998046,0.48728538,0.25313324,0.25958142,0.40681368,0.4544609,0.41260967,0.57612425,0.6743284,0.44518554,0.6523352
D:\uwiqa_dataset\SOTA\SOTA_Dataset\HP\511.bmp,sota,20.50288932,0.008815382921072486,test,-0.016026277,0.26696986,0.04875943,0.6842707,0.5412997,0.4196063,0.4887077,0.5578399,0.4995002,0.44769233,0.50009775
D:\uwiqa_dataset\SOTA\SOTA_Dataset\HP\133.bmp,sota,26.85112163,0.11376488608946744,test,0.14528733,0.30599096,0.06584135,0.62816775,0.54344183,0.4587056,0.4941774,0.548701,0.49145603,0.4567406,0.45583838
D:\uwiqa_dataset\SOTA\SOTA_Dataset\twostep\642.bmp,sota,39.53182029,0.3234032482676675,test,0.3964933,0.39243832,0.30965525,0.2979064,0.47073933,0.48937523,0.62371784,0.5262675,0.47893983,0.5343074,0.47356376
D:\uwiqa_dataset\SOTA\SOTA_Dataset\fusion18\756.bmp,sota,59.51239654,0.6537237923272361,test,0.5555986,0.60796106,0.14537102,0.24666794,0.5109086,0.5179719,0.43738416,0.5681099,0.48087507,0.40810555,0.51280725
D:\uwiqa_dataset\SOTA\SOTA_Dataset\HP\541.bmp,sota,24.02075909,0.06697309778463197,test,-0.01172926,0.27913418,0.032065023,0.6888009,0.55188733,0.47979528,0.5087462,0.53283036,0.5026582,0.49568605,0.43398055
D:\uwiqa_dataset\SOTA\SOTA_Dataset\waternet\185.bmp,sota,45.93187464,0.4292094777002549,test,0.5443275,0.4396064,0.17551908,0.3848745,0.5749032,0.64466083,0.44570357,0.5228192,0.48346612,0.46750158,0.45373592
D:\uwiqa_dataset\SOTA\SOTA_Dataset\fusion18\198.bmp,sota,61.63601118,0.688831565720792,test,0.6845145,0.43869993,0.21769725,0.3436028,0.51437527,0.38383925,0.5409118,0.6312584,0.53826374,0.40046164,0.5317273
D:\uwiqa_dataset\SOTA\SOTA_Dataset\fusion18\174.bmp,sota,62.61649413,0.7050409911864428,test,0.68596363,0.69895065,0.07617455,0.22487482,0.53215665,0.539171,0.47771442,0.5772949,0.46917224,0.43572295,0.39997137
D:\uwiqa_dataset\SOTA\SOTA_Dataset\HP\614.bmp,sota,72.92464441,0.8754561867310356,test,0.85071653,0.4990804,0.09242094,0.40849867,0.5511011,0.42733955,0.4895835,0.5705643,0.47955593,0.402849,0.43916044
D:\uwiqa_dataset\SOTA\SOTA_Dataset\twostep\446.bmp,sota,44.51578593,0.4057985816744803,test,0.46557766,0.18295635,0.29581037,0.52123326,0.48637584,0.5698353,0.4524144,0.44898474,0.5177424,0.473171,0.52683264
D:\uwiqa_dataset\SOTA\SOTA_Dataset\HP\615.bmp,sota,67.66978442,0.7885824054579025,test,0.7568804,0.6007779,0.07813101,0.3210911,0.5509107,0.43743768,0.49929154,0.56701034,0.49034348,0.42389652,0.43822783
D:\uwiqa_dataset\SOTA\SOTA_Dataset\fusion18\406.bmp,sota,71.72662179,0.8556503773948775,test,0.83826405,0.533131,0.12603731,0.34083167,0.5160071,0.47228494,0.4708139,0.5734727,0.48262575,0.43566212,0.49603742
D:\uwiqa_dataset\SOTA\SOTA_Dataset\twostep\163.bmp,sota,49.64701678,0.4906285157494419,test,0.3746274,0.3193918,0.31106523,0.36954296,0.4855818,0.590942,0.4768577,0.4337759,0.5511426,0.47184458,0.59373736
D:\uwiqa_dataset\SOTA\SOTA_Dataset\fusion12\42.bmp,sota,51.45392095,0.5205004053801476,test,0.6351987,0.41477752,0.14586547,0.43935704,0.51514757,0.585576,0.48828503,0.496512,0.487429,0.5138506,0.36148152
D:\uwiqa_dataset\SOTA\SOTA_Dataset\funiegan\438.bmp,sota,42.33415796,0.36973172709685154,test,0.4415083,0.4822212,0.15976572,0.3580131,0.4373338,0.4200666,0.4603989,0.5853425,0.6146411,0.43884996,0.59945816
D:\uwiqa_dataset\SOTA\SOTA_Dataset\HP\577.bmp,sota,28.84572281,0.1467397982599539,test,0.16517396,0.5153622,0.027201459,0.45743638,0.54186004,0.46889874,0.50568765,0.53903407,0.49864185,0.4845997,0.45049235
D:\uwiqa_dataset\SOTA\SOTA_Dataset\HP\682.bmp,sota,57.51763788,0.6207462766843258,test,0.56469893,0.61992264,0.07443929,0.30563807,0.61059535,0.47002196,0.4683563,0.45571062,0.4430959,0.34272942,0.29928106
D:\uwiqa_dataset\SOTA\SOTA_Dataset\ACPAB\267.bmp,sota,21.95575181,0.03283422612838682,test,0.02139324,0.5370612,0.04410658,0.41883215,0.59901196,0.5919778,0.4903112,0.53188574,0.4983069,0.4627676,0.35894546
D:\uwiqa_dataset\SOTA\SOTA_Dataset\twostep\659.bmp,sota,39.22764918,0.31837466624454375,test,0.42448103,0.22741131,0.24612182,0.52646685,0.40812132,0.6615659,0.45339358,0.44937438,0.59101385,0.543634,0.61418104
D:\uwiqa_dataset\SOTA\SOTA_Dataset\fusion18\651.bmp,sota,66.72501084,0.7729633302593727,test,0.7815487,0.5990541,0.13014191,0.270804,0.63345206,0.70354205,0.43631473,0.39220253,0.4587112,0.5748691,0.27746877
D:\uwiqa_dataset\SOTA\SOTA_Dataset\dive\502.bmp,sota,65.81109941,0.7578544706848218,test,0.67551583,0.43666103,0.14792314,0.4154158,0.49377343,0.44000864,0.4730338,0.54148644,0.555974,0.46120754,0.52593005
D:\uwiqa_dataset\SOTA\SOTA_Dataset\ACPAB\754.bmp,sota,44.84581096,0.41125458284776356,test,0.51148546,0.67194414,0.11329109,0.2147647,0.59219587,0.8650152,0.5055625,0.38030982,0.56230336,0.63625586,0.37957022
D:\uwiqa_dataset\SOTA\SOTA_Dataset\IBLA\473.bmp,sota,65.09262701,0.745976625366933,test,0.7707397,0.5367358,0.044531778,0.41873246,0.5467198,0.426915,0.53806466,0.60611606,0.5180825,0.42690912,0.47578073
D:\uwiqa_dataset\SOTA\SOTA_Dataset\fusion18\91.bmp,sota,67.61039338,0.7876005478578214,test,0.7120279,0.4498808,0.07922422,0.470895,0.5196794,0.39567995,0.5365417,0.612633,0.58962905,0.48227692,0.49418625
D:\uwiqa_dataset\SOTA\SOTA_Dataset\ACPAB\507.bmp,sota,35.20828282,0.2519261681533074,test,0.24664171,0.6579926,0.06822632,0.2737811,0.5670374,0.54326284,0.4780348,0.51417613,0.5169849,0.4791862,0.44271612
D:\uwiqa_dataset\SOTA\SOTA_Dataset\waternet\303.bmp,sota,45.50644769,0.4221762840714375,test,0.55580854,0.5567084,0.16708158,0.27621,0.42125398,0.7627642,0.46945673,0.4107596,0.59265214,0.59084547,0.6098919
D:\uwiqa_dataset\SOTA\SOTA_Dataset\HP\636.bmp,sota,54.85822042,0.5767805666228497,test,0.41916844,0.4214917,0.061721746,0.5167865,0.5587399,0.45526573,0.48890126,0.5442555,0.48249835,0.43226308,0.4250726
D:\uwiqa_dataset\SOTA\SOTA_Dataset\ACPAB\589.bmp,sota,76.01265961,0.9265075101846432,test,0.90305114,0.60479736,0.045347933,0.3498547,0.5426449,0.4023805,0.51447064,0.5950622,0.5189599,0.43384686,0.5210879
D:\uwiqa_dataset\SOTA\SOTA_Dataset\fusion12\527.bmp,sota,27.31037578,0.12135731379483027,test,0.3318485,0.49364015,0.17355539,0.3328044,0.53380865,0.5975107,0.4480559,0.41586643,0.50756234,0.5211763,0.40032777
D:\uwiqa_dataset\SOTA\SOTA_Dataset\HP\131.bmp,sota,51.74260566,0.5252729649537926,test,0.31789017,0.6416551,0.051051468,0.30729344,0.56400865,0.4571576,0.4870087,0.5225063,0.47369692,0.42315143,0.40449744
D:\uwiqa_dataset\SOTA\SOTA_Dataset\funiegan\193.bmp,sota,57.08052163,0.6135198345782189,test,0.597039,0.4924037,0.21691182,0.29068446,0.49723706,0.48233688,0.49002543,0.5646454,0.5151928,0.44761702,0.50953645
D:\uwiqa_dataset\SOTA\SOTA_Dataset\HP\605.bmp,sota,50.08404949,0.4978535767653386,test,0.6501341,0.59117895,0.07606994,0.3327511,0.5619018,0.45213938,0.494204,0.53556794,0.48035276,0.4330298,0.40616852
D:\uwiqa_dataset\SOTA\SOTA_Dataset\dive\103.bmp,sota,57.50104824,0.6204720153796475,test,0.65769064,0.34993026,0.29213795,0.35793185,0.46148172,0.47021684,0.45992884,0.54851913,0.53755546,0.44883713,0.55668736
D:\uwiqa_dataset\SOTA\SOTA_Dataset\twostep\36.bmp,sota,43.29631225,0.38563814163492316,test,0.5458159,0.3337801,0.25838622,0.4078336,0.52833176,0.5570033,0.45620063,0.4478009,0.5045763,0.45759058,0.51077133
D:\uwiqa_dataset\SOTA\SOTA_Dataset\fusion18\268.bmp,sota,70.44562156,0.8344727753267674,test,0.7655566,0.3848173,0.21133807,0.40384465,0.5153897,0.40574542,0.50729775,0.5998862,0.540434,0.421241,0.5411449
D:\uwiqa_dataset\SOTA\SOTA_Dataset\fusion12\678.bmp,sota,60.38812369,0.6682013862172389,test,0.45201173,0.64002234,0.09011035,0.26986736,0.42857763,0.7901992,0.44222865,0.35880885,0.6002701,0.649259,0.37527618
D:\uwiqa_dataset\SOTA\SOTA_Dataset\dive\378.bmp,sota,58.76401494,0.6413514856338207,test,0.69065654,0.4873505,0.08127395,0.4313756,0.53602624,0.36016095,0.5232705,0.5990649,0.60095936,0.5031473,0.55241746
D:\uwiqa_dataset\SOTA\SOTA_Dataset\ACPAB\530.bmp,sota,70.24513819,0.8311583676227706,test,0.72304106,0.49380505,0.10303037,0.4031646,0.48286173,0.41104874,0.54584986,0.5832759,0.5312165,0.4538292,0.53395045
D:\uwiqa_dataset\SOTA\SOTA_Dataset\dive\482.bmp,sota,68.09600561,0.7956287295282866,test,0.8532253,0.44288328,0.13353316,0.42358354,0.49472082,0.4402303,0.50421304,0.59064287,0.5321815,0.4476841,0.49177572
D:\uwiqa_dataset\SOTA\SOTA_Dataset\fusion12\392.bmp,sota,45.64948172,0.4245409345208273,test,0.41820276,0.3657037,0.23582616,0.39847016,0.4587513,0.48850295,0.4627063,0.5202212,0.5321966,0.44857782,0.5333071
D:\uwiqa_dataset\SOTA\SOTA_Dataset\dive\485.bmp,sota,48.04282687,0.4641079150812769,test,0.48966786,0.4888604,0.12233869,0.38880092,0.465935,0.5988462,0.4512559,0.47824594,0.5728879,0.5855048,0.4261844
D:\uwiqa_dataset\SOTA\SOTA_Dataset\IBLA\26.bmp,sota,50.80784906,0.5098194912995845,test,0.56439567,0.5784909,0.07836349,0.34314558,0.5319042,0.5674619,0.46061668,0.48721746,0.5171376,0.49541873,0.45599976
D:\uwiqa_dataset\SOTA\SOTA_Dataset\ACPAB\672.bmp,sota,23.45374338,0.05759914702995728,test,0.024785092,0.56165695,0.07188657,0.36645645,0.582634,0.7223797,0.49100038,0.46111217,0.52132034,0.5490153,0.397528
D:\uwiqa_dataset\SOTA\SOTA_Dataset\twostep\426.bmp,sota,47.24680902,0.45094808195118247,test,0.40477228,0.3863444,0.2874798,0.32617584,0.3670406,0.5352181,0.41860116,0.5508759,0.65999645,0.4519126,0.6627477
D:\uwiqa_dataset\SOTA\SOTA_Dataset\ACPAB\120.bmp,sota,61.60310358,0.6882875345477323,test,0.6178362,0.63046765,0.041854437,0.3276779,0.503406,0.50762534,0.44774413,0.52710176,0.512065,0.4647336,0.51482797
D:\uwiqa_dataset\SOTA\SOTA_Dataset\IBLA\598.bmp,sota,64.50358997,0.7362386161579123,test,0.49870577,0.61718106,0.09278301,0.29003593,0.5637358,0.41745245,0.5451107,0.6019851,0.5132006,0.4165133,0.47370714
D:\uwiqa_dataset\SOTA\SOTA_Dataset\ACPAB\124.bmp,sota,58.71340263,0.6405147587263416,test,0.6781684,0.6641092,0.0428662,0.29302466,0.4904327,0.62111247,0.46052346,0.4895428,0.5490181,0.5091692,0.4897923
D:\uwiqa_dataset\SOTA\SOTA_Dataset\fusion12\473.bmp,sota,70.57986727,0.8366921365408796,test,0.82910717,0.47302222,0.085788324,0.44118953,0.5089409,0.44485554,0.4905928,0.5794926,0.5082445,0.43126887,0.49595168
D:\uwiqa_dataset\SOTA\SOTA_Dataset\IBLA\618.bmp,sota,44.22377114,0.4009709689420276,test,0.34126988,0.5494148,0.04709019,0.40349498,0.544992,0.45515087,0.5037367,0.5594008,0.5051288,0.49309808,0.44877517
D:\uwiqa_dataset\SOTA\SOTA_Dataset\funiegan\573.bmp,sota,47.93813064,0.46237706832181036,test,0.5184314,0.4919922,0.1632317,0.34477603,0.54052484,0.8849747,0.529829,0.3443031,0.5887914,0.6625359,0.4576472
D:\uwiqa_dataset\SOTA\SOTA_Dataset\ACPAB\272.bmp,sota,56.37883232,0.6019194486964563,test,0.6391971,0.39642495,0.28034472,0.32323027,0.48424762,0.63445145,0.44517297,0.4782581,0.5533995,0.50131434,0.5256683
D:\uwiqa_dataset\SOTA\SOTA_Dataset\twostep\155.bmp,sota,61.44459653,0.6856670828481335,test,0.74776727,0.53448343,0.10318971,0.36232683,0.5002747,0.4372943,0.4467454,0.55249053,0.48701358,0.4019134,0.49309796
D:\uwiqa_dataset\SOTA\SOTA_Dataset\ACPAB\796.bmp,sota,54.16493489,0.565319112729185,test,0.51777583,0.6819128,0.085854895,0.23223232,0.51282203,0.46518332,0.49520487,0.58228797,0.51316315,0.43625745,0.48697275
D:\uwiqa_dataset\SOTA\SOTA_Dataset\ACPAB\664.bmp,sota,64.22271141,0.731595108503629,test,0.6929524,0.48344967,0.16727819,0.3492721,0.5320074,0.49601126,0.45910677,0.53363466,0.4939303,0.45234087,0.4694549
D:\uwiqa_dataset\SOTA\SOTA_Dataset\ACPAB\777.bmp,sota,28.06819284,0.1338856082956869,test,0.17130633,0.5017206,0.22518662,0.27309275,0.4097064,0.87885696,0.4873736,0.36843747,0.63111275,0.6292462,0.6027977
D:\uwiqa_dataset\SOTA\SOTA_Dataset\HP\167.bmp,sota,37.2394645,0.2855058321843399,test,0.29007077,0.47277007,0.08126145,0.4459685,0.56213206,0.43039012,0.53835803,0.5573701,0.5401666,0.49582306,0.46321148
D:\uwiqa_dataset\SOTA\SOTA_Dataset\IBLA\173.bmp,sota,41.88707361,0.3623404915346381,test,0.31634766,0.55273217,0.15954873,0.2877191,0.5140761,0.5267551,0.54710203,0.5563738,0.50635713,0.5197683,0.3899836
D:\uwiqa_dataset\SOTA\SOTA_Dataset\waternet\436.bmp,sota,50.0575403,0.49741532463718097,test,0.4603952,0.2602191,0.317171,0.42260996,0.39896926,0.6013285,0.4248548,0.4398094,0.63260984,0.50131106,0.6233276
D:\uwiqa_dataset\SOTA\SOTA_Dataset\fusion12\30.bmp,sota,53.36787423,0.552142039777664,test,0.6601561,0.33926374,0.13429107,0.52644527,0.5124948,0.4685875,0.46879566,0.5405302,0.47302616,0.42015427,0.45016575
D:\uwiqa_dataset\SOTA\SOTA_Dataset\fusion18\473.bmp,sota,72.52414736,0.8688351362770853,test,0.92666024,0.4596909,0.10152172,0.4387874,0.49749598,0.4311324,0.48290932,0.6016352,0.50756985,0.40967458,0.5146658
D:\uwiqa_dataset\SOTA\SOTA_Dataset\waternet\196.bmp,sota,50.0254283,0.4968844463893206,test,0.49228996,0.27758104,0.36163998,0.36077902,0.43682703,0.7201454,0.54016453,0.4656954,0.42525986,0.6698785,0.3403641
D:\uwiqa_dataset\SOTA\SOTA_Dataset\twostep\252.bmp,sota,33.45574103,0.22295300189840866,test,0.12997554,0.6073975,0.096735425,0.29586706,0.5501723,0.52998704,0.48965895,0.47313073,0.5156603,0.5824429,0.5041757
D:\uwiqa_dataset\SOTA\SOTA_Dataset\funiegan\94.bmp,sota,56.03092385,0.5961677970095669,test,0.75099444,0.47899988,0.11669292,0.4043072,0.47852603,0.44135088,0.4599633,0.51651096,0.6247451,0.45066842,0.57683104
D:\uwiqa_dataset\SOTA\SOTA_Dataset\HP\2.bmp,sota,28.06547522,0.13384068037640598,test,0.2632835,0.56281406,0.024987867,0.41219816,0.5355855,0.43336898,0.47075155,0.5553388,0.47750747,0.40455905,0.4776483
D:\uwiqa_dataset\SOTA\SOTA_Dataset\HP\354.bmp,sota,22.36082366,0.0395309075554411,test,0.09320017,0.47213048,0.042739403,0.48513016,0.54352856,0.45696202,0.5128878,0.56063,0.5058826,0.46860957,0.45639834
D:\uwiqa_dataset\SOTA\SOTA_Dataset\twostep\213.bmp,sota,57.48647552,0.6202310979637231,test,0.7395138,0.53669804,0.07991156,0.38339037,0.41624117,0.48316833,0.44585365,0.57722944,0.5826387,0.416535,0.5970761
D:\uwiqa_dataset\SOTA\SOTA_Dataset\funiegan\145.bmp,sota,48.56502412,0.47274092333730305,test,0.4830267,0.48565117,0.23519024,0.27915853,0.44997382,0.4434629,0.43460444,0.585152,0.55303085,0.41775092,0.5571769
D:\uwiqa_dataset\SOTA\SOTA_Dataset\ACPAB\1.bmp,sota,52.00799534,0.5296604091590313,test,0.4648451,0.62756145,0.07350465,0.29893386,0.48529154,0.5447164,0.46179116,0.4980158,0.54299,0.52520585,0.49704227
D:\uwiqa_dataset\SOTA\SOTA_Dataset\fusion12\116.bmp,sota,57.71082556,0.6239400714360266,test,0.5675183,0.5081713,0.14972983,0.3420988,0.5486047,0.61314166,0.47080195,0.43452194,0.48902678,0.5191819,0.35885823
D:\uwiqa_dataset\SOTA\SOTA_Dataset\ACPAB\432.bmp,sota,25.85311702,0.09726579108718199,test,0.07907723,0.6123244,0.0874104,0.30026516,0.4181091,0.9193261,0.5339324,0.29970318,0.6601871,0.69983095,0.5955734
D:\uwiqa_dataset\SOTA\SOTA_Dataset\dive\646.bmp,sota,52.02534038,0.5299471587991744,test,0.5949036,0.62063396,0.11182148,0.2675446,0.48491967,0.6454658,0.4651373,0.4424733,0.54971755,0.6286742,0.4477948
D:\uwiqa_dataset\SOTA\SOTA_Dataset\funiegan\356.bmp,sota,40.32813674,0.33656801787773233,test,0.46236068,0.5165797,0.14937957,0.3340408,0.4773694,0.37713724,0.47563738,0.6155351,0.56772935,0.40694767,0.5540369
D:\uwiqa_dataset\SOTA\SOTA_Dataset\funiegan\595.bmp,sota,65.76838187,0.7571482607698957,test,0.73285866,0.5606186,0.08804775,0.35133368,0.504337,0.5174946,0.4521918,0.5058826,0.5069284,0.47147608,0.47012576
D:\uwiqa_dataset\SOTA\SOTA_Dataset\IBLA\38.bmp,sota,26.10220039,0.10138365802280609,test,0.23205285,0.4369763,0.23888566,0.324138,0.48096332,0.56413877,0.45347866,0.4841849,0.52111644,0.4386931,0.5005432
D:\uwiqa_dataset\SOTA\SOTA_Dataset\dive\758.bmp,sota,62.14544193,0.6972535171397692,test,0.71655357,0.49941644,0.20403035,0.29655325,0.4172882,0.55244994,0.45087078,0.5452209,0.5758751,0.43794382,0.60936636
D:\uwiqa_dataset\SOTA\SOTA_Dataset\HP\778.bmp,sota,26.36316016,0.10569786658844041,test,0.17842692,0.52157944,0.03507273,0.44334778,0.54237145,0.44198117,0.5027526,0.5758032,0.505724,0.43868417,0.46746957
D:\uwiqa_dataset\SOTA\SOTA_Dataset\fusion12\256.bmp,sota,35.23175367,0.2523141901925387,test,0.1785269,0.27562666,0.22797361,0.49639964,0.5129472,0.45385435,0.47298935,0.5606673,0.5402496,0.4690526,0.49149394
D:\uwiqa_dataset\SOTA\SOTA_Dataset\funiegan\122.bmp,sota,22.30560023,0.03861794922960522,test,0.045715194,0.42691243,0.15067889,0.4224087,0.47346935,0.5109471,0.44178015,0.5565224,0.572469,0.48202556,0.5496819
D:\uwiqa_dataset\SOTA\SOTA_Dataset\IBLA\260.bmp,sota,45.45640413,0.4213489597861393,test,0.3142448,0.3055291,0.22296636,0.4715046,0.36236426,0.7565022,0.4140786,0.3720758,0.67605466,0.5156054,0.6616543
D:\uwiqa_dataset\SOTA\SOTA_Dataset\funiegan\70.bmp,sota,50.84438021,0.5104234273018367,test,0.5746175,0.37786642,0.31136888,0.3107647,0.41146842,0.50061935,0.4446673,0.5578421,0.5881462,0.42950636,0.59560734
D:\uwiqa_dataset\SOTA\SOTA_Dataset\IBLA\792.bmp,sota,38.8314591,0.3118248189759193,test,0.37306845,0.4646302,0.19205494,0.3433149,0.49866498,0.41110677,0.5774856,0.60100275,0.55886954,0.45865184,0.51234144
D:\uwiqa_dataset\SOTA\SOTA_Dataset\dive\699.bmp,sota,53.52166144,0.5546844626908473,test,0.5893235,0.34537482,0.3306871,0.32393807,0.46884477,0.451308,0.48434833,0.5716273,0.5164086,0.42443508,0.5582079
D:\uwiqa_dataset\SOTA\SOTA_Dataset\waternet\690.bmp,sota,50.27546302,0.5010180411220642,test,0.4898407,0.25087422,0.27113643,0.47798935,0.57528627,0.8652028,0.4218743,0.2545314,0.58466727,0.7266185,0.47188658
D:\uwiqa_dataset\SOTA\SOTA_Dataset\ACPAB\144.bmp,sota,36.4734928,0.27284272449853275,test,0.3382931,0.4043452,0.17432645,0.42132837,0.5311136,0.7786038,0.4829121,0.42324793,0.56729984,0.5795024,0.42723548
D:\uwiqa_dataset\SOTA\SOTA_Dataset\waternet\243.bmp,sota,57.03530192,0.6127722585812846,test,0.6135646,0.20335028,0.40066883,0.3959809,0.4911263,0.49314642,0.46782023,0.50100136,0.5260682,0.43765593,0.5467449
D:\uwiqa_dataset\SOTA\SOTA_Dataset\fusion18\377.bmp,sota,63.86380017,0.7256615581103616,test,0.7524312,0.4668228,0.13614596,0.39703125,0.5475082,0.42098358,0.49782747,0.61279553,0.4857162,0.38329467,0.48333636
D:\uwiqa_dataset\SOTA\SOTA_Dataset\IBLA\628.bmp,sota,41.77656156,0.36051349715647846,test,0.38290888,0.4450087,0.24537942,0.3096119,0.4560187,0.6138983,0.45786807,0.40995336,0.5683491,0.44240806,0.62356484
D:\uwiqa_dataset\SOTA\SOTA_Dataset\fusion18\271.bmp,sota,46.94103576,0.4458930130513519,test,0.36055523,0.2832415,0.25958577,0.45717275,0.3341996,0.6635102,0.38099965,0.44593406,0.7200786,0.5074862,0.6611786
D:\uwiqa_dataset\SOTA\SOTA_Dataset\waternet\392.bmp,sota,54.08688171,0.5640287310825006,test,0.49467877,0.3972115,0.24529603,0.3574925,0.4102575,0.50454116,0.44473997,0.5422474,0.58333445,0.4317185,0.61015034
D:\uwiqa_dataset\SOTA\SOTA_Dataset\funiegan\685.bmp,sota,66.02232885,0.761346533309502,test,0.810306,0.44499457,0.12475405,0.43025145,0.57836807,0.42378384,0.5631664,0.6031765,0.51223266,0.43045172,0.45293802
D:\uwiqa_dataset\SOTA\SOTA_Dataset\twostep\22.bmp,sota,56.67684334,0.6068461916006879,test,0.68492395,0.3827803,0.22573617,0.39148352,0.42379078,0.4763302,0.44967544,0.56890434,0.61501104,0.44966468,0.6183276
D:\uwiqa_dataset\SOTA\SOTA_Dataset\funiegan\451.bmp,sota,50.55238029,0.5055960604014577,test,0.4739662,0.4679016,0.15859194,0.37350643,0.44113523,0.45909533,0.4690324,0.58948654,0.57559675,0.42219102,0.56760776
D:\uwiqa_dataset\SOTA\SOTA_Dataset\HP\214.bmp,sota,20.61896824,0.010734409255873366,test,0.011284306,0.116108894,0.06441368,0.8194774,0.5166605,0.43748575,0.4837691,0.56750697,0.50394696,0.43572983,0.47078964
D:\uwiqa_dataset\SOTA\SOTA_Dataset\fusion12\386.bmp,sota,56.03526532,0.5962395705517548,test,0.62866205,0.56056386,0.14884476,0.2905913,0.4586273,0.6389925,0.44778228,0.41905546,0.54532665,0.57210636,0.46198413
D:\uwiqa_dataset\SOTA\SOTA_Dataset\ACPAB\721.bmp,sota,29.71278983,0.16107422216239303,test,0.21281943,0.75932515,0.06671927,0.17395554,0.4976955,0.62473583,0.4666027,0.53332794,0.49436274,0.49399233,0.47784024
D:\uwiqa_dataset\SOTA\SOTA_Dataset\twostep\464.bmp,sota,42.42114109,0.37116973941772263,test,0.42059356,0.5724377,0.12685508,0.3007072,0.376933,0.5583164,0.41723052,0.5462775,0.6498383,0.46372998,0.6606419
D:\uwiqa_dataset\SOTA\SOTA_Dataset\waternet\49.bmp,sota,58.44608113,0.6360953775126081,test,0.6571893,0.5450082,0.17043425,0.28455758,0.49220762,0.5161841,0.47416884,0.5106932,0.51107955,0.5269617,0.47572222
D:\uwiqa_dataset\SOTA\SOTA_Dataset\HP\412.bmp,sota,31.91275733,0.1974442673713429,test,0.1208232,0.47640884,0.0644467,0.4591444,0.53952694,0.46544653,0.5060426,0.5444106,0.49352753,0.4725826,0.45327094
D:\uwiqa_dataset\SOTA\SOTA_Dataset\ACPAB\292.bmp,sota,48.34150839,0.4690457427471301,test,0.59228563,0.62151897,0.06626848,0.3122126,0.5292814,0.48619172,0.48639414,0.5674555,0.49754155,0.44171292,0.45808133
D:\uwiqa_dataset\SOTA\SOTA_Dataset\waternet\569.bmp,sota,50.09063584,0.4979624628499112,test,0.58079016,0.4563846,0.25416428,0.2894511,0.49746022,0.5238139,0.57180303,0.5646982,0.4609947,0.5141282,0.3743168
D:\uwiqa_dataset\SOTA\SOTA_Dataset\dive\175.bmp,sota,39.33287671,0.3201142964996844,test,0.42869127,0.41537634,0.28044593,0.30417776,0.35321045,0.4557801,0.39553294,0.5704934,0.7176258,0.42614925,0.6792261
D:\uwiqa_dataset\SOTA\SOTA_Dataset\funiegan\124.bmp,sota,66.01087459,0.7611571705329906,test,0.8496854,0.4404862,0.047343526,0.51217026,0.43494606,0.52247643,0.43827093,0.53000975,0.56953245,0.47326472,0.5465033
D:\uwiqa_dataset\SOTA\SOTA_Dataset\dive\652.bmp,sota,61.88425671,0.6929355814160328,test,0.63334405,0.662107,0.103106335,0.23478678,0.50281435,0.67884547,0.5243289,0.46684116,0.49715465,0.6018266,0.29383728
D:\uwiqa_dataset\SOTA\SOTA_Dataset\twostep\192.bmp,sota,47.45531329,0.4543950918393554,test,0.5149175,0.4384587,0.21566963,0.34587166,0.5235957,0.48495606,0.47021982,0.50762385,0.5449981,0.5532457,0.5433265
D:\uwiqa_dataset\SOTA\SOTA_Dataset\fusion12\529.bmp,sota,27.00042041,0.11623310590555154,test,0.14297342,0.5945568,0.12178609,0.2836571,0.49547789,0.60588616,0.44565696,0.4298289,0.5280695,0.5661693,0.43769738
D:\uwiqa_dataset\SOTA\SOTA_Dataset\waternet\673.bmp,sota,53.81341909,0.5595078243634887,test,0.57565403,0.4705102,0.1793737,0.35011613,0.49104673,0.47444826,0.47197956,0.5678035,0.5132183,0.44017,0.50212497
D:\uwiqa_dataset\SOTA\SOTA_Dataset\funiegan\545.bmp,sota,46.75330574,0.44278944478751303,test,0.54821175,0.47677478,0.1875672,0.3356581,0.44700974,0.550439,0.46981147,0.5119647,0.57019484,0.56895703,0.500121
D:\uwiqa_dataset\SOTA\SOTA_Dataset\funiegan\68.bmp,sota,53.602875,0.5560270920018618,test,0.643697,0.4884274,0.24152018,0.27005237,0.4410442,0.5276255,0.4600772,0.5405878,0.55209506,0.44752744,0.551078
D:\uwiqa_dataset\SOTA\SOTA_Dataset\twostep\752.bmp,sota,39.40787434,0.3213541635402948,test,0.5414466,0.5982492,0.13630602,0.26544476,0.5459259,0.43472916,0.49255154,0.6072296,0.48054957,0.3852107,0.44411287
D:\uwiqa_dataset\SOTA\SOTA_Dataset\ACPAB\475.bmp,sota,50.16397532,0.4991749172171693,test,0.56148624,0.57594544,0.09919564,0.3248589,0.58003336,0.54675215,0.47713175,0.55052525,0.48968056,0.44137532,0.3953285
D:\uwiqa_dataset\SOTA\SOTA_Dataset\fusion12\242.bmp,sota,49.20383228,0.48330175283094157,test,0.5957962,0.42458254,0.22881569,0.34660175,0.45585197,0.5427199,0.45864666,0.5088644,0.5452466,0.503055,0.5161701
D:\uwiqa_dataset\SOTA\SOTA_Dataset\HP\566.bmp,sota,21.71617034,0.02887344539179569,test,0.10958504,0.31524298,0.05111404,0.633643,0.59258497,0.48120517,0.47405067,0.43371272,0.44966727,0.3469552,0.32274115
D:\uwiqa_dataset\SOTA\SOTA_Dataset\HP\421.bmp,sota,31.2789357,0.18696587560532352,test,0.24238864,0.6077102,0.041756753,0.35053307,0.5749165,0.4341247,0.47344285,0.54794776,0.461842,0.38271943,0.40551326
D:\uwiqa_dataset\SOTA\SOTA_Dataset\funiegan\511.bmp,sota,49.98274441,0.496178792778986,test,0.38224676,0.38992587,0.24890164,0.3611725,0.35299236,0.59990585,0.4095069,0.5083548,0.6653244,0.4954318,0.67244107
D:\uwiqa_dataset\SOTA\SOTA_Dataset\ACPAB\533.bmp,sota,53.51090788,0.5545066839448622,test,0.55510485,0.7117768,0.07336616,0.21485698,0.5420331,0.7890367,0.4745825,0.42972675,0.5492205,0.56546366,0.46253797
D:\uwiqa_dataset\SOTA\SOTA_Dataset\fusion18\689.bmp,sota,76.43288996,0.9334547931911751,test,0.8176148,0.43916467,0.08576309,0.47507223,0.5479797,0.326588,0.6233295,0.6559917,0.6065021,0.42181078,0.5487494
D:\uwiqa_dataset\SOTA\SOTA_Dataset\IBLA\129.bmp,sota,46.90864825,0.4453575800493165,test,0.39621124,0.5166886,0.19424428,0.28906712,0.5421084,0.45485643,0.47772253,0.57454014,0.5017957,0.44107512,0.44812423
D:\uwiqa_dataset\SOTA\SOTA_Dataset\fusion12\713.bmp,sota,48.16288205,0.46609267727624965,test,0.5307287,0.5761269,0.116242945,0.30763018,0.52531475,0.5980572,0.47935078,0.4981871,0.48511922,0.52470076,0.36439192
D:\uwiqa_dataset\SOTA\SOTA_Dataset\ACPAB\406.bmp,sota,61.57422916,0.6878101802410065,test,0.59563375,0.67672884,0.04151719,0.28175393,0.5930139,0.57654697,0.47421992,0.53273916,0.49913388,0.4666726,0.38675693
D:\uwiqa_dataset\SOTA\SOTA_Dataset\funiegan\629.bmp,sota,54.97145587,0.5786525844757298,test,0.67052525,0.41628116,0.19757953,0.3861393,0.47191572,0.43055186,0.4578794,0.5839199,0.5090852,0.40438634,0.5104202
D:\uwiqa_dataset\SOTA\SOTA_Dataset\dive\510.bmp,sota,51.66592937,0.5240053461668085,test,0.66258866,0.53971016,0.1159477,0.34434217,0.44125682,0.4826765,0.4483454,0.5521746,0.58178604,0.4865862,0.57548726
D:\uwiqa_dataset\SOTA\SOTA_Dataset\waternet\686.bmp,sota,49.03027849,0.480432547177456,test,0.63099605,0.35670263,0.23160197,0.41169542,0.4935021,0.80040795,0.4705619,0.361799,0.55525607,0.6441684,0.41358715
D:\uwiqa_dataset\SOTA\SOTA_Dataset\funiegan\421.bmp,sota,50.04391481,0.4971900669061944,test,0.6975074,0.5428251,0.08579955,0.3713753,0.5031974,0.3980201,0.5068278,0.588901,0.5359462,0.427993,0.5312914
D:\uwiqa_dataset\SOTA\SOTA_Dataset\dive\281.bmp,sota,34.01655124,0.23222436281230427,test,0.199907,0.48528042,0.192259,0.32246065,0.5478243,0.40403613,0.5330117,0.5876863,0.5291781,0.4628322,0.52291125
D:\uwiqa_dataset\SOTA\SOTA_Dataset\fusion18\574.bmp,sota,63.99708393,0.7278650162872752,test,0.7035659,0.31303334,0.28132695,0.40563974,0.506158,0.5252068,0.44912407,0.54374486,0.5001388,0.4388348,0.5147307
D:\uwiqa_dataset\SOTA\SOTA_Dataset\funiegan\761.bmp,sota,64.04366156,0.7286350415302961,test,0.7920536,0.62679636,0.057664078,0.31553957,0.42978504,0.41774005,0.4277368,0.6030354,0.64816105,0.42023078,0.62997645
D:\uwiqa_dataset\SOTA\SOTA_Dataset\fusion12\240.bmp,sota,53.53875985,0.5549671350233707,test,0.5473926,0.46706256,0.18303077,0.3499066,0.51076955,0.5665768,0.45771787,0.46653348,0.51107913,0.5106419,0.48262492
D:\uwiqa_dataset\SOTA\SOTA_Dataset\fusion12\101.bmp,sota,50.33039794,0.5019262297766466,test,0.5918022,0.4061184,0.23286332,0.36101824,0.48588735,0.5343203,0.46758106,0.5016738,0.4985858,0.48030996,0.45855716
D:\uwiqa_dataset\SOTA\SOTA_Dataset\waternet\751.bmp,sota,51.13805278,0.515278446590771,test,0.499033,0.22271457,0.33217978,0.4451057,0.4676018,0.81995803,0.44960043,0.4140356,0.59016335,0.55561024,0.5671847
D:\uwiqa_dataset\SOTA\SOTA_Dataset\twostep\487.bmp,sota,44.45138778,0.4047339461165128,test,0.46064195,0.3350272,0.27580813,0.38916472,0.42644742,0.6947992,0.4376373,0.38754255,0.618214,0.566187,0.6388081
D:\uwiqa_dataset\SOTA\SOTA_Dataset\IBLA\376.bmp,sota,46.87988075,0.4448819933529001,test,0.544474,0.39844662,0.19782637,0.40372697,0.48345414,0.56402844,0.46736193,0.47428498,0.5389759,0.5181151,0.5201653
D:\uwiqa_dataset\SOTA\SOTA_Dataset\HP\711.bmp,sota,26.14001703,0.10200884585237655,test,0.03712436,0.19997911,0.08566354,0.7143573,0.5418284,0.45748857,0.4913544,0.5402539,0.49422562,0.46831322,0.46915838
D:\uwiqa_dataset\SOTA\SOTA_Dataset\IBLA\708.bmp,sota,43.12225249,0.3827605712434247,test,0.3367619,0.5661968,0.12745656,0.30634663,0.47852013,0.8206618,0.5201034,0.40591377,0.54179376,0.668549,0.43646914
D:\uwiqa_dataset\SOTA\SOTA_Dataset\funiegan\598.bmp,sota,62.20006268,0.6981565119098498,test,0.6326955,0.60046613,0.11084567,0.28868818,0.5351608,0.56359595,0.4725526,0.5371216,0.49898878,0.4592505,0.43290865
D:\uwiqa_dataset\SOTA\SOTA_Dataset\waternet\568.bmp,sota,47.42135493,0.45383368941480967,test,0.52617323,0.5070165,0.17250334,0.3204802,0.5302833,0.7094621,0.48188192,0.46148422,0.51518345,0.5661219,0.3670212
D:\uwiqa_dataset\SOTA\SOTA_Dataset\twostep\712.bmp,sota,48.5645674,0.4727333728043758,test,0.40684927,0.4602958,0.08175208,0.4579521,0.49651992,0.43671137,0.48528638,0.5838744,0.5068077,0.44365546,0.49777967
D:\uwiqa_dataset\SOTA\SOTA_Dataset\fusion18\590.bmp,sota,58.02111737,0.6290698413792948,test,0.65980005,0.49381068,0.17117026,0.33501908,0.5257758,0.4099493,0.56758016,0.6250256,0.5407962,0.44001234,0.46093026
D:\uwiqa_dataset\SOTA\SOTA_Dataset\fusion18\394.bmp,sota,60.5642908,0.6711137954937532,test,0.72437537,0.33434266,0.16944684,0.49621055,0.44320774,0.6111973,0.44729227,0.5112157,0.5346224,0.45874605,0.58378464
D:\uwiqa_dataset\SOTA\SOTA_Dataset\ACPAB\779.bmp,sota,53.3251264,0.5514353291059453,test,0.630165,0.50831324,0.10394955,0.38773724,0.5285842,0.43704525,0.5101758,0.5637964,0.5276002,0.5087484,0.47080323
D:\uwiqa_dataset\SOTA\SOTA_Dataset\ACPAB\381.bmp,sota,45.47947331,0.4217303413836099,test,0.349898,0.47446233,0.23318511,0.29235256,0.46312898,0.5063556,0.45507705,0.53643197,0.59209895,0.49880198,0.56263685
D:\uwiqa_dataset\SOTA\SOTA_Dataset\fusion18\771.bmp,sota,53.33518507,0.5516016198728051,test,0.5809679,0.48190716,0.19788903,0.32020375,0.51998544,0.37691557,0.5776247,0.6253078,0.5661622,0.43171236,0.5486515
D:\uwiqa_dataset\SOTA\SOTA_Dataset\waternet\418.bmp,sota,45.89076618,0.4285298692293706,test,0.49642956,0.27381003,0.3193872,0.4068028,0.41713282,0.5644858,0.42399728,0.45381394,0.602632,0.4830115,0.60234964
D:\uwiqa_dataset\SOTA\SOTA_Dataset\twostep\479.bmp,sota,40.92602501,0.34645235635536925,test,0.44656172,0.30105925,0.27434793,0.42459285,0.46371704,0.60156316,0.45167133,0.42675346,0.5718883,0.5122265,0.6001538
D:\uwiqa_dataset\SOTA\SOTA_Dataset\waternet\556.bmp,sota,54.74012115,0.5748281396942501,test,0.64444685,0.43226606,0.1988379,0.36889607,0.520106,0.6240379,0.47610143,0.47503704,0.5087827,0.55786055,0.45077592
D:\uwiqa_dataset\SOTA\SOTA_Dataset\fusion18\29.bmp,sota,62.47132114,0.7026409792728949,test,0.770965,0.4784024,0.15859786,0.3629997,0.51096106,0.42617497,0.48696572,0.57675153,0.48630825,0.40974513,0.5017969
D:\uwiqa_dataset\SOTA\SOTA_Dataset\dive\423.bmp,sota,33.66506932,0.22641363455357844,test,0.2212595,0.4789477,0.2213038,0.29974854,0.49114832,0.4393362,0.53276616,0.5843209,0.5144646,0.4733284,0.4917624
D:\uwiqa_dataset\SOTA\SOTA_Dataset\twostep\370.bmp,sota,54.81039973,0.5759899910087903,test,0.62555474,0.5402795,0.12751625,0.33220422,0.4860722,0.43476537,0.47564045,0.5969621,0.52138764,0.4282483,0.52945286
D:\uwiqa_dataset\SOTA\SOTA_Dataset\HP\25.bmp,sota,32.62879637,0.2092818841798517,test,0.21859755,0.36159182,0.09218977,0.54621845,0.5453731,0.46066868,0.49659383,0.5559024,0.49839324,0.4573138,0.46054024
D:\uwiqa_dataset\SOTA\SOTA_Dataset\HP\444.bmp,sota,26.97279035,0.11577632346157181,test,0.056951817,0.30233565,0.05569705,0.6419673,0.55010843,0.47615114,0.48559403,0.4908187,0.47549412,0.44412452,0.4151905
D:\uwiqa_dataset\SOTA\SOTA_Dataset\funiegan\678.bmp,sota,61.34956639,0.6840960366904002,test,0.48979902,0.66224337,0.083225936,0.25453076,0.4249551,0.79718184,0.44659904,0.36202496,0.59030795,0.6530603,0.41137737
D:\uwiqa_dataset\SOTA\SOTA_Dataset\twostep\511.bmp,sota,41.24602084,0.3517425539622773,test,0.34963697,0.37877655,0.20914179,0.41208163,0.31261408,0.71134144,0.42085728,0.42891666,0.67473966,0.51112115,0.72447824
D:\uwiqa_dataset\SOTA\SOTA_Dataset\fusion18\137.bmp,sota,56.38331995,0.601993638567889,test,0.71013504,0.4033139,0.21277398,0.38391212,0.49137336,0.43252054,0.48362538,0.5429145,0.5664596,0.44922054,0.5333434
D:\uwiqa_dataset\SOTA\SOTA_Dataset\IBLA\286.bmp,sota,41.53290572,0.3564853585970568,test,0.48525503,0.35707882,0.3075859,0.33533528,0.4900631,0.53327364,0.5398593,0.56698453,0.5069038,0.5246685,0.34439224
D:\uwiqa_dataset\SOTA\SOTA_Dataset\ACPAB\396.bmp,sota,41.34850915,0.35343689920514515,test,0.39792275,0.643962,0.06391706,0.29212096,0.38915208,0.5955218,0.4441656,0.52171934,0.5965335,0.48669958,0.6283345
D:\uwiqa_dataset\SOTA\SOTA_Dataset\HP\690.bmp,sota,22.38953284,0.040005530100779556,test,0.0059349565,0.11261815,0.024144873,0.86323696,0.52653533,0.44876292,0.4871897,0.5424642,0.4906837,0.4541366,0.4690422
D:\uwiqa_dataset\SOTA\SOTA_Dataset\twostep\300.bmp,sota,47.78417401,0.45983184454313303,test,0.3787225,0.37782365,0.22718857,0.39498773,0.44312677,0.6216691,0.45101926,0.42144063,0.56006676,0.4625466,0.62243634
D:\uwiqa_dataset\SOTA\SOTA_Dataset\HP\274.bmp,sota,25.77425433,0.09596202655402443,test,0.014643307,0.38317072,0.08357396,0.53325534,0.5592879,0.42804527,0.5101879,0.58719856,0.50836015,0.4251536,0.47205096
D:\uwiqa_dataset\SOTA\SOTA_Dataset\funiegan\147.bmp,sota,48.2252815,0.46712427016001434,test,0.56117857,0.427011,0.30553415,0.26745483,0.42143,0.5075709,0.42924112,0.56346387,0.5708358,0.42436716,0.5847795
D:\uwiqa_dataset\SOTA\SOTA_Dataset\ACPAB\588.bmp,sota,58.61545449,0.6388954719505449,test,0.64459985,0.5883092,0.15392704,0.2577637,0.59620684,0.42922527,0.5204004,0.6074331,0.50249314,0.37015787,0.41469616
D:\uwiqa_dataset\SOTA\SOTA_Dataset\fusion12\135.bmp,sota,51.31111458,0.5181395186247634,test,0.7959035,0.33648553,0.16341005,0.50010437,0.4988388,0.40659392,0.5085277,0.5719474,0.50734884,0.3772676,0.5289356
D:\uwiqa_dataset\SOTA\SOTA_Dataset\dive\601.bmp,sota,62.68513731,0.7061758059325182,test,0.76938117,0.5928249,0.1128911,0.29428396,0.5143858,0.51269764,0.4695012,0.50305706,0.5276597,0.5700349,0.45512503
D:\uwiqa_dataset\SOTA\SOTA_Dataset\HP\738.bmp,sota,27.92224823,0.131472839896289,test,0.055162773,0.33198702,0.08508399,0.58292896,0.5255249,0.4726787,0.48440075,0.52860236,0.48840943,0.48457077,0.4847757
D:\uwiqa_dataset\SOTA\SOTA_Dataset\fusion12\603.bmp,sota,54.24233848,0.5665987553001026,test,0.6363189,0.4565176,0.18869664,0.35478577,0.49592358,0.44666636,0.48166054,0.58224607,0.51010925,0.43564492,0.49105912
D:\uwiqa_dataset\SOTA\SOTA_Dataset\waternet\675.bmp,sota,65.85212725,0.7585327463391782,test,0.6221025,0.40386468,0.20673834,0.38939703,0.46857408,0.3854421,0.4969108,0.61302555,0.61080265,0.42383873,0.5634803
D:\uwiqa_dataset\SOTA\SOTA_Dataset\twostep\42.bmp,sota,40.39155097,0.3376163871886384,test,0.25910503,0.6005405,0.08183981,0.31761965,0.5031139,0.53725296,0.5009417,0.5367952,0.50081724,0.523769,0.36201954
D:\uwiqa_dataset\SOTA\SOTA_Dataset\ACPAB\84.bmp,sota,59.27425848,0.6497868741645034,test,0.50327855,0.5376583,0.16809155,0.29425016,0.51193804,0.7622815,0.4956405,0.43230987,0.5609978,0.5809204,0.44253296
D:\uwiqa_dataset\SOTA\SOTA_Dataset\dive\33.bmp,sota,71.29790681,0.8485628257813405,test,0.7374297,0.47934344,0.16527696,0.3553796,0.49078506,0.45044702,0.4640357,0.5675631,0.4987697,0.4287514,0.4893791
D:\uwiqa_dataset\SOTA\SOTA_Dataset\ACPAB\537.bmp,sota,23.73654283,0.06227441099706872,test,0.019093487,0.591122,0.031000588,0.37787747,0.60801685,0.61747694,0.49466428,0.5159554,0.5004542,0.4784021,0.34374318
D:\uwiqa_dataset\SOTA\SOTA_Dataset\ACPAB\490.bmp,sota,76.61865736,0.9365259152583644,test,0.9097539,0.6170146,0.052745737,0.33023965,0.55042624,0.4595241,0.50729746,0.5899594,0.49766126,0.42480305,0.44159827
D:\uwiqa_dataset\SOTA\SOTA_Dataset\ACPAB\21.bmp,sota,40.11755004,0.3330865810840508,test,0.4347064,0.49014023,0.21606088,0.2937989,0.44993037,0.5879596,0.4730761,0.5042371,0.56280994,0.52818966,0.54280573
D:\uwiqa_dataset\SOTA\SOTA_Dataset\funiegan\612.bmp,sota,56.91983293,0.6108633156598408,test,0.5366491,0.54844826,0.13539371,0.31615806,0.41940975,0.5146326,0.4367053,0.54302585,0.5758237,0.44154677,0.60590476
D:\uwiqa_dataset\SOTA\SOTA_Dataset\fusion12\134.bmp,sota,63.74023317,0.7236187382158249,test,0.6852847,0.3640309,0.2047058,0.43126324,0.50767833,0.44977885,0.4656821,0.5663628,0.47628394,0.40922633,0.4459896
D:\uwiqa_dataset\SOTA\SOTA_Dataset\HP\543.bmp,sota,62.78391792,0.7078088551714126,test,0.76627976,0.642817,0.07662556,0.28055745,0.5465899,0.43761733,0.50076014,0.5771128,0.49880397,0.42555612,0.45234922
D:\uwiqa_dataset\SOTA\SOTA_Dataset\fusion18\482.bmp,sota,66.44823868,0.7683877099505371,test,0.7985202,0.47723696,0.15986463,0.36289844,0.5024379,0.4749305,0.50155056,0.57633,0.49482116,0.4488724,0.4605538
D:\uwiqa_dataset\SOTA\SOTA_Dataset\twostep\555.bmp,sota,61.3134356,0.6834987194728799,test,0.54032326,0.6811311,0.04309399,0.27577487,0.5948473,0.47651747,0.5441671,0.5876909,0.49927613,0.42690608,0.32064894
D:\uwiqa_dataset\SOTA\SOTA_Dataset\IBLA\56.bmp,sota,67.07456927,0.7787422592218549,test,0.6629282,0.68398046,0.06506858,0.250951,0.541282,0.64292604,0.5053503,0.4632264,0.46368915,0.5859305,0.26161823
D:\uwiqa_dataset\SOTA\SOTA_Dataset\fusion18\193.bmp,sota,56.28214409,0.6003209908572958,test,0.61496866,0.607739,0.17121218,0.22104883,0.53954417,0.6122284,0.48536152,0.5156315,0.49134687,0.49301878,0.4427149
D:\uwiqa_dataset\SOTA\SOTA_Dataset\fusion12\283.bmp,sota,43.51830262,0.3893081048470395,test,0.41881195,0.38175943,0.3033741,0.31486648,0.4875389,0.52243865,0.4753403,0.483113,0.5223016,0.45615265,0.45438525
D:\uwiqa_dataset\SOTA\SOTA_Dataset\twostep\432.bmp,sota,33.96334175,0.2313446991096154,test,0.08773646,0.5559516,0.08865953,0.35538894,0.55624175,0.5005816,0.45994234,0.4780762,0.5284168,0.5596451,0.5307419
D:\uwiqa_dataset\SOTA\SOTA_Dataset\twostep\653.bmp,sota,44.17899931,0.4002307973344074,test,0.48736882,0.41787532,0.20913216,0.3729925,0.45896786,0.47899342,0.49556834,0.5551939,0.51767415,0.5153362,0.5139759
D:\uwiqa_dataset\SOTA\SOTA_Dataset\HP\305.bmp,sota,30.46992746,0.17359128427012743,test,0.26204693,0.45906746,0.0744527,0.46647978,0.63794017,0.4149387,0.48244217,0.4701795,0.5276666,0.5226498,0.44286934
D:\uwiqa_dataset\SOTA\SOTA_Dataset\dive\469.bmp,sota,68.70038088,0.8056203116280544,test,0.8251674,0.48178765,0.0665819,0.4516304,0.51061356,0.41680545,0.48460457,0.5670212,0.575308,0.49489143,0.5201126
D:\uwiqa_dataset\SOTA\SOTA_Dataset\dive\741.bmp,sota,63.97905248,0.7275669188600707,test,0.7958422,0.65282893,0.091992855,0.25517824,0.5211928,0.45186138,0.4919154,0.5525546,0.50287455,0.47129643,0.511598
D:\uwiqa_dataset\SOTA\SOTA_Dataset\IBLA\75.bmp,sota,36.43412156,0.27219183589279994,test,0.38808236,0.4419778,0.20410548,0.3539167,0.52238417,0.4031293,0.53099316,0.5435284,0.52729,0.41266412,0.47067332
D:\uwiqa_dataset\SOTA\SOTA_Dataset\waternet\523.bmp,sota,50.49469833,0.5046424574537136,test,0.49085858,0.5155041,0.24411531,0.24038059,0.4114697,0.5424129,0.48483622,0.52874917,0.54136384,0.5045689,0.5340352
D:\uwiqa_dataset\SOTA\SOTA_Dataset\twostep\159.bmp,sota,51.06386172,0.5140519138323097,test,0.35130516,0.5028146,0.12046413,0.37672126,0.5605544,0.56763595,0.5000845,0.4279521,0.5437359,0.42715055,0.5772379
D:\uwiqa_dataset\SOTA\SOTA_Dataset\funiegan\669.bmp,sota,51.44982929,0.5204327617176028,test,0.6482328,0.595115,0.107894346,0.2969907,0.4939525,0.39673936,0.56155574,0.5930626,0.5274527,0.43925172,0.5255249
D:\uwiqa_dataset\SOTA\SOTA_Dataset\IBLA\798.bmp,sota,48.91005308,0.47844497072600173,test,0.5366446,0.45059904,0.12935214,0.42004886,0.54866964,0.4481094,0.48975044,0.554592,0.4669296,0.37571496,0.36672357
D:\uwiqa_dataset\SOTA\SOTA_Dataset\dive\367.bmp,sota,70.36038764,0.8330636810907225,test,0.830462,0.46333924,0.115032725,0.42162806,0.5240156,0.3995895,0.5889796,0.63511854,0.56895,0.4487464,0.49211282
D:\uwiqa_dataset\SOTA\SOTA_Dataset\waternet\628.bmp,sota,47.1317001,0.4490450917368483,test,0.50390637,0.4911853,0.21766357,0.29115102,0.370888,0.7266157,0.45044246,0.41328365,0.5962542,0.5605856,0.62970984
D:\uwiqa_dataset\SOTA\SOTA_Dataset\fusion12\133.bmp,sota,64.7230822,0.7398672799123146,test,0.6760465,0.40839925,0.25144258,0.34015816,0.5024023,0.60930175,0.4685266,0.48228252,0.4938256,0.52745837,0.40732336
D:\uwiqa_dataset\SOTA\SOTA_Dataset\fusion18\598.bmp,sota,57.25245323,0.6163622220520554,test,0.72315615,0.44849777,0.1797876,0.37171462,0.4987724,0.5515861,0.44808638,0.55006474,0.5107826,0.43097758,0.50804305
D:\uwiqa_dataset\SOTA\SOTA_Dataset\waternet\25.bmp,sota,49.13766045,0.48220779464807795,test,0.5112461,0.2791111,0.36289728,0.3579916,0.42769328,0.5980075,0.45765024,0.48225945,0.554029,0.49122527,0.598751
D:\uwiqa_dataset\SOTA\SOTA_Dataset\twostep\629.bmp,sota,73.8801976,0.891253471336311,test,0.91004384,0.3124378,0.15417822,0.533384,0.49751803,0.4224608,0.46699932,0.5846904,0.499262,0.40534568,0.5085581
D:\uwiqa_dataset\SOTA\SOTA_Dataset\twostep\47.bmp,sota,65.5770314,0.7539848389263213,test,0.71488774,0.53155667,0.111783065,0.35666028,0.52452326,0.4490819,0.4869301,0.55329984,0.51424253,0.47945082,0.49248505
D:\uwiqa_dataset\SOTA\SOTA_Dataset\funiegan\57.bmp,sota,53.4963176,0.5542654762255614,test,0.50259435,0.48971212,0.14855638,0.36173147,0.45909572,0.7813975,0.49244747,0.4082521,0.58690786,0.6197093,0.48156932
D:\uwiqa_dataset\SOTA\SOTA_Dataset\IBLA\530.bmp,sota,50.57838503,0.5060259729203684,test,0.4814976,0.44045684,0.21052936,0.34901378,0.43743604,0.5561304,0.4539832,0.48070467,0.553815,0.50849956,0.52128845
D:\uwiqa_dataset\SOTA\SOTA_Dataset\IBLA\168.bmp,sota,35.8356009,0.2622970426912229,test,0.2872103,0.2994679,0.24514781,0.4553843,0.5491249,0.6051906,0.4595863,0.38641965,0.5785612,0.40996265,0.652722
D:\uwiqa_dataset\SOTA\SOTA_Dataset\dive\435.bmp,sota,46.49355551,0.43849523243749644,test,0.5231829,0.4050698,0.34548524,0.24944495,0.32550624,0.4703503,0.72785866,0.46946836,0.51288915,0.5721122,0.42587003
D:\uwiqa_dataset\SOTA\SOTA_Dataset\waternet\683.bmp,sota,46.69361257,0.44180259234920854,test,0.50632584,0.39771786,0.23120224,0.3710799,0.4523761,0.544752,0.46511486,0.51427084,0.54339,0.4827858,0.5701611
D:\uwiqa_dataset\SOTA\SOTA_Dataset\fusion18\57.bmp,sota,72.46789101,0.8679051016321233,test,0.9011899,0.5224486,0.045387514,0.43216383,0.46563613,0.5086989,0.4548373,0.538047,0.53857285,0.47776324,0.5107012
D:\uwiqa_dataset\SOTA\SOTA_Dataset\IBLA\172.bmp,sota,52.4685472,0.5372742907137663,test,0.47810352,0.5265657,0.22781394,0.24562038,0.52226186,0.37646338,0.5526183,0.6250989,0.5454172,0.38993987,0.5279319
D:\uwiqa_dataset\SOTA\SOTA_Dataset\twostep\456.bmp,sota,27.571455,0.1256734971177736,test,0.22837444,0.5707658,0.05932747,0.36990678,0.45624545,0.54219097,0.45524472,0.49748954,0.5490041,0.5482495,0.51371235
D:\uwiqa_dataset\SOTA\SOTA_Dataset\fusion12\457.bmp,sota,47.99474022,0.46331294259443473,test,0.38033274,0.42184335,0.27088645,0.30727017,0.34167716,0.8469951,0.46848658,0.39963716,0.63159037,0.6491716,0.6514095
D:\uwiqa_dataset\SOTA\SOTA_Dataset\HP\476.bmp,sota,21.71617034,0.02887344539179569,test,0.02428155,0.45641813,0.06597708,0.47760475,0.53587586,0.45494238,0.5002882,0.5601455,0.50234467,0.46377513,0.47143686
D:\uwiqa_dataset\SOTA\SOTA_Dataset\fusion18\215.bmp,sota,69.6212582,0.8208443318739428,test,0.74251765,0.41505527,0.26217565,0.32276905,0.49887863,0.442408,0.47919986,0.57799375,0.5096005,0.4334975,0.54148006
D:\uwiqa_dataset\SOTA\SOTA_Dataset\dive\516.bmp,sota,45.63216223,0.424254607275404,test,0.5053905,0.4141683,0.27807617,0.3077555,0.41055736,0.41508603,0.3969144,0.57589424,0.6968787,0.4424608,0.6027429
D:\uwiqa_dataset\SOTA\SOTA_Dataset\funiegan\506.bmp,sota,65.54585336,0.7534694009826578,test,0.8211778,0.6122294,0.059389237,0.32838133,0.53337973,0.42240992,0.50882053,0.56214964,0.5476615,0.46578,0.512335
D:\uwiqa_dataset\SOTA\SOTA_Dataset\waternet\618.bmp,sota,54.04211533,0.5632886495747325,test,0.7046931,0.39119777,0.22288932,0.38591293,0.49665964,0.52867776,0.4630115,0.50410545,0.5136886,0.50177646,0.49995422
D:\uwiqa_dataset\SOTA\SOTA_Dataset\ACPAB\327.bmp,sota,37.15572788,0.28412149143610405,test,0.36200005,0.70896786,0.06469037,0.22634171,0.54221994,0.6686932,0.49668992,0.470945,0.51301324,0.5385724,0.39254647
D:\uwiqa_dataset\SOTA\SOTA_Dataset\twostep\147.bmp,sota,71.73489994,0.855787232457394,test,0.838007,0.38131046,0.2369309,0.3817586,0.4368436,0.46440104,0.43883985,0.5711747,0.5585803,0.4111396,0.57282126
D:\uwiqa_dataset\SOTA\SOTA_Dataset\IBLA\667.bmp,sota,38.97473265,0.31419342918981874,test,0.28082114,0.37169737,0.05336984,0.5749328,0.53316224,0.43593955,0.49877194,0.5232491,0.487709,0.44145378,0.36783558
D:\uwiqa_dataset\SOTA\SOTA_Dataset\ACPAB\480.bmp,sota,69.54971865,0.8196616340987585,test,0.8854108,0.5826806,0.08127906,0.33604038,0.54062945,0.42863667,0.46979854,0.5724043,0.47248593,0.3917228,0.48187464
D:\uwiqa_dataset\SOTA\SOTA_Dataset\HP\39.bmp,sota,37.62986443,0.2919599562128407,test,0.21227339,0.54016083,0.08072927,0.37910995,0.5728123,0.46202686,0.51477563,0.5497466,0.49944344,0.4484952,0.3935527
D:\uwiqa_dataset\SOTA\SOTA_Dataset\twostep\331.bmp,sota,67.33071811,0.7829769330936374,test,0.7420851,0.33045286,0.30610085,0.36344633,0.45679834,0.4354462,0.47184312,0.5891667,0.5716595,0.42974916,0.57086
D:\uwiqa_dataset\SOTA\SOTA_Dataset\waternet\38.bmp,sota,57.23123806,0.6160114911017046,test,0.548059,0.31157255,0.2715944,0.41683304,0.4078416,0.85421413,0.48220366,0.34729925,0.5983241,0.6570034,0.5784405
D:\uwiqa_dataset\SOTA\SOTA_Dataset\dive\481.bmp,sota,55.82150556,0.5927056764669312,test,0.5137343,0.43608642,0.26081535,0.30309823,0.5201601,0.4683108,0.5005086,0.53668135,0.52366936,0.49396032,0.52974945
D:\uwiqa_dataset\SOTA\SOTA_Dataset\funiegan\366.bmp,sota,51.23810685,0.5169325487760257,test,0.5051081,0.43328896,0.22173034,0.34498066,0.3823839,0.7544468,0.4346484,0.3996524,0.6476703,0.5916761,0.6446644
D:\uwiqa_dataset\SOTA\SOTA_Dataset\twostep\753.bmp,sota,59.91262182,0.6603403498570017,test,0.64449424,0.4745888,0.23315075,0.29226047,0.46619618,0.42276615,0.46658984,0.6030297,0.52650315,0.388579,0.5434862
D:\uwiqa_dataset\SOTA\SOTA_Dataset\IBLA\766.bmp,sota,49.28049039,0.4845690710646575,test,0.44864,0.48842737,0.2561108,0.25546187,0.42917758,0.46154153,0.4115911,0.5375138,0.6490055,0.47570023,0.5963022
D:\uwiqa_dataset\SOTA\SOTA_Dataset\dive\620.bmp,sota,41.77022922,0.36040881038629735,test,0.34870452,0.4888339,0.09007394,0.42109215,0.5124922,0.55550504,0.45948187,0.53804743,0.5054815,0.4836061,0.44840494
D:\uwiqa_dataset\SOTA\SOTA_Dataset\ACPAB\749.bmp,sota,67.62976173,0.7879207470267284,test,0.73601353,0.6093163,0.055513278,0.33517045,0.55813926,0.3632764,0.5841386,0.626238,0.56535345,0.43893373,0.5436949
D:\uwiqa_dataset\SOTA\SOTA_Dataset\IBLA\328.bmp,sota,44.71771537,0.40913689592767627,test,0.41075152,0.35939646,0.14398155,0.49662206,0.40984103,0.6539592,0.4426354,0.44155857,0.59717804,0.54851687,0.5785456
D:\uwiqa_dataset\SOTA\SOTA_Dataset\HP\516.bmp,sota,22.6845811,0.044883292410914544,test,-0.00017830264,0.31925052,0.10508377,0.5756657,0.5265011,0.44409823,0.5041799,0.56918544,0.5023289,0.4586805,0.48800042
D:\uwiqa_dataset\SOTA\SOTA_Dataset\ACPAB\83.bmp,sota,58.47489709,0.6365717653537647,test,0.53207445,0.6147592,0.13529964,0.24994114,0.5804465,0.875097,0.5310098,0.36841476,0.57401186,0.6640107,0.3687139
D:\uwiqa_dataset\SOTA\SOTA_Dataset\IBLA\614.bmp,sota,50.57902227,0.5060365078249109,test,0.5369065,0.49452215,0.11631803,0.38915977,0.5319828,0.40997225,0.50590634,0.5523894,0.50547755,0.41321483,0.4371922
D:\uwiqa_dataset\SOTA\SOTA_Dataset\twostep\253.bmp,sota,47.70164999,0.45846755059868866,test,0.43350348,0.2523324,0.30138597,0.44628164,0.44531032,0.62108845,0.45699632,0.42614248,0.5667344,0.485503,0.6180981
D:\uwiqa_dataset\SOTA\SOTA_Dataset\dive\402.bmp,sota,49.61931845,0.49017060466015877,test,0.5496029,0.44610056,0.22815908,0.32574034,0.48360318,0.45018795,0.48246205,0.5715185,0.52263415,0.44681132,0.5240059
D:\uwiqa_dataset\SOTA\SOTA_Dataset\fusion18\733.bmp,sota,63.57689972,0.7209184960710506,test,0.7201805,0.5177517,0.10620734,0.37604094,0.45733577,0.5546361,0.4513702,0.5006781,0.57007027,0.5332985,0.52197033
D:\uwiqa_dataset\SOTA\SOTA_Dataset\waternet\461.bmp,sota,43.03080779,0.38124879987720267,test,0.40495896,0.40949222,0.19895773,0.39155003,0.2901311,0.8510873,0.4220829,0.3539746,0.6726562,0.6072319,0.72396755
D:\uwiqa_dataset\SOTA\SOTA_Dataset\waternet\438.bmp,sota,49.3261236,0.48532348307789397,test,0.560915,0.43751103,0.17588578,0.3866032,0.41705167,0.5098006,0.44582433,0.52212816,0.58607143,0.4497421,0.60311264
D:\uwiqa_dataset\SOTA\SOTA_Dataset\fusion12\290.bmp,sota,44.0309094,0.3977825626574454,test,0.42639422,0.37949002,0.22963871,0.3908713,0.42950684,0.6330507,0.4526901,0.45050904,0.57852757,0.5710818,0.4920352
D:\uwiqa_dataset\SOTA\SOTA_Dataset\fusion12\266.bmp,sota,38.87367516,0.31252273838188493,test,0.24923444,0.47752586,0.21949208,0.3029821,0.48061126,0.5677962,0.48152474,0.4722884,0.51412517,0.51048493,0.5235867
D:\uwiqa_dataset\SOTA\SOTA_Dataset\twostep\29.bmp,sota,52.08363702,0.5309109236876692,test,0.48057228,0.22782105,0.36360863,0.40857032,0.46287757,0.5895419,0.44264817,0.44266978,0.5292978,0.4856623,0.54067063
D:\uwiqa_dataset\SOTA\SOTA_Dataset\ACPAB\668.bmp,sota,48.33052386,0.4688641455859452,test,0.4988134,0.58462065,0.12728979,0.28808957,0.47388056,0.8137479,0.47021282,0.40272507,0.5858824,0.5809854,0.5252945
D:\uwiqa_dataset\SOTA\SOTA_Dataset\ACPAB\455.bmp,sota,34.36707399,0.23801923399302194,test,0.2571536,0.60556006,0.089403525,0.30503643,0.50015455,0.41990447,0.5392707,0.59987724,0.5111258,0.43042508,0.4925309
D:\uwiqa_dataset\SOTA\SOTA_Dataset\funiegan\306.bmp,sota,55.53555317,0.5879782878341868,test,0.39484757,0.32390556,0.40281373,0.27328074,0.35016882,0.42024004,0.6061322,0.4868753,0.6087199,0.5195324,0.44164956
D:\uwiqa_dataset\SOTA\SOTA_Dataset\twostep\354.bmp,sota,45.27730008,0.41838799677391025,test,0.4653968,0.51907325,0.14623609,0.3346907,0.39311782,0.5182723,0.4273019,0.5573689,0.6263542,0.46504962,0.6258758
D:\uwiqa_dataset\SOTA\SOTA_Dataset\funiegan\235.bmp,sota,63.33566215,0.716930336551877,test,0.62973714,0.3861065,0.29343554,0.32045794,0.48470348,0.65320736,0.46280065,0.43986616,0.5334829,0.59480864,0.4605628
D:\uwiqa_dataset\SOTA\SOTA_Dataset\fusion12\335.bmp,sota,44.1276973,0.39938266824931407,test,0.3758688,0.24957699,0.26286167,0.4875614,0.47055328,0.5959582,0.46350193,0.44326204,0.54344153,0.5010736,0.5304888
D:\uwiqa_dataset\SOTA\SOTA_Dataset\HP\67.bmp,sota,22.54679565,0.04260541192148211,test,0.0075027747,0.33158973,0.08025284,0.5881574,0.5373684,0.4805579,0.5196335,0.5396228,0.49809653,0.49538413,0.44951588
D:\uwiqa_dataset\SOTA\SOTA_Dataset\waternet\6.bmp,sota,55.63481604,0.5896193098354072,test,0.62060523,0.44905487,0.16171528,0.38922986,0.35933468,0.8826699,0.47741362,0.34320882,0.637783,0.6771453,0.6281191
D:\uwiqa_dataset\SOTA\SOTA_Dataset\HP\530.bmp,sota,23.91306115,0.06519262650643777,test,0.045548245,0.4714766,0.06755117,0.46097222,0.5488869,0.45622465,0.5279946,0.55740076,0.50530595,0.4676007,0.44171813
D:\uwiqa_dataset\SOTA\SOTA_Dataset\fusion18\695.bmp,sota,65.49372776,0.7526076562393634,test,0.61099625,0.38989508,0.25307658,0.3570284,0.42215517,0.6673694,0.44456646,0.45245433,0.56571394,0.536465,0.58755124
D:\uwiqa_dataset\SOTA\SOTA_Dataset\ACPAB\420.bmp,sota,23.64476208,0.060757084024369634,test,0.14438371,0.59576845,0.06772216,0.33650944,0.54702574,0.49018252,0.48297575,0.5116013,0.5432527,0.53272814,0.4647231
D:\uwiqa_dataset\SOTA\SOTA_Dataset\funiegan\766.bmp,sota,47.55237269,0.4559996858917464,test,0.31566033,0.5212926,0.2177285,0.26097885,0.476857,0.38320726,0.45442626,0.5949327,0.6291339,0.46729562,0.58824086
D:\uwiqa_dataset\SOTA\SOTA_Dataset\waternet\186.bmp,sota,52.32607239,0.5349188853358064,test,0.6422574,0.73941517,0.05520275,0.20538205,0.43609753,0.70634073,0.4589874,0.47311816,0.57793856,0.52106357,0.5787296
D:\uwiqa_dataset\SOTA\SOTA_Dataset\dive\660.bmp,sota,75.49931634,0.9180208766604614,test,0.741061,0.47415495,0.1189999,0.4068452,0.51128227,0.37071943,0.5379043,0.6234197,0.5523872,0.4158585,0.5475746
D:\uwiqa_dataset\SOTA\SOTA_Dataset\HP\243.bmp,sota,22.58519616,0.04324025233832767,test,0.23017,0.2547585,0.114994176,0.63024735,0.53528357,0.45299315,0.48599613,0.5546276,0.5019495,0.4576744,0.44921902
D:\uwiqa_dataset\SOTA\SOTA_Dataset\fusion12\286.bmp,sota,43.69636135,0.39225178654231363,test,0.46945614,0.35644144,0.32838485,0.31517372,0.517301,0.5014266,0.47358996,0.53350514,0.47958285,0.42414021,0.46632984
D:\uwiqa_dataset\SOTA\SOTA_Dataset\HP\489.bmp,sota,22.92945137,0.04893150802783968,test,0.1116079,0.39920148,0.13710588,0.46369264,0.56261617,0.49243197,0.5414069,0.5297072,0.51989347,0.52084285,0.40250626
D:\uwiqa_dataset\SOTA\SOTA_Dataset\fusion18\798.bmp,sota,61.47000869,0.6860871987853268,test,0.76208967,0.43506998,0.120483994,0.4444461,0.52840406,0.5283264,0.45899132,0.5311945,0.47921804,0.4387697,0.39313126
D:\uwiqa_dataset\SOTA\SOTA_Dataset\HP\278.bmp,sota,23.03402562,0.05066033820382733,test,-0.010697921,0.38901496,0.052859806,0.5581253,0.7954899,0.25570747,0.4932902,0.53949416,0.65030384,0.6140975,0.46894985
D:\uwiqa_dataset\SOTA\SOTA_Dataset\waternet\331.bmp,sota,60.63830654,0.6723374298474307,test,0.64891446,0.4642919,0.26817584,0.26753226,0.5138905,0.40689462,0.50636435,0.5952105,0.5331474,0.43896517,0.5009891
D:\uwiqa_dataset\SOTA\SOTA_Dataset\fusion18\145.bmp,sota,72.86507624,0.8744714008031005,test,0.82697487,0.38721013,0.24500832,0.3677815,0.4562178,0.4643728,0.4456112,0.572678,0.5243724,0.41094166,0.53445727
D:\uwiqa_dataset\SOTA\SOTA_Dataset\dive\48.bmp,sota,56.98242403,0.6118980769173037,test,0.63668793,0.417643,0.1567046,0.42565238,0.47808316,0.50010043,0.46649602,0.5524132,0.546299,0.48350385,0.5027881
D:\uwiqa_dataset\SOTA\SOTA_Dataset\fusion12\159.bmp,sota,28.07670445,0.13402632293829006,test,0.06197756,0.6351123,0.07274074,0.29214698,0.5936755,0.58089364,0.4553907,0.48640665,0.48946044,0.43118033,0.43993092
D:\uwiqa_dataset\SOTA\SOTA_Dataset\fusion12\90.bmp,sota,53.30054143,0.5510288883424518,test,0.64767855,0.4832933,0.18024689,0.3364598,0.50255126,0.46855932,0.4665007,0.5592253,0.48976097,0.42842746,0.4690273
D:\uwiqa_dataset\SOTA\SOTA_Dataset\HP\46.bmp,sota,22.08375776,0.03495043111255802,test,0.06658064,0.387159,0.037899017,0.57494205,0.5502352,0.4550996,0.50625825,0.532799,0.50360924,0.49091867,0.45010406
D:\uwiqa_dataset\SOTA\SOTA_Dataset\IBLA\669.bmp,sota,45.31868253,0.4190721348702034,test,0.36678928,0.61151,0.09628456,0.29220548,0.5352014,0.4884108,0.54957116,0.5802418,0.47979978,0.4548156,0.39927623
D:\uwiqa_dataset\SOTA\SOTA_Dataset\fusion12\418.bmp,sota,43.76861525,0.39344629401095726,test,0.41239476,0.22865705,0.29695284,0.47439012,0.49792558,0.5386524,0.45563823,0.43511075,0.52616096,0.42904618,0.46555352
D:\uwiqa_dataset\SOTA\SOTA_Dataset\IBLA\49.bmp,sota,57.68292151,0.6234787593666379,test,0.5529243,0.53818834,0.06830575,0.3935059,0.5580392,0.513143,0.5206603,0.49515095,0.4755285,0.48801234,0.32587275
D:\uwiqa_dataset\SOTA\SOTA_Dataset\IBLA\259.bmp,sota,54.53279516,0.5714006092287817,test,0.48654217,0.58991975,0.13060294,0.2794773,0.5145492,0.56317496,0.48205537,0.51775604,0.495074,0.4919774,0.441614
D:\uwiqa_dataset\SOTA\SOTA_Dataset\dive\411.bmp,sota,58.05587991,0.6296445385743115,test,0.4762402,0.61582476,0.11951803,0.2646572,0.3921195,0.8231962,0.45388913,0.38035026,0.60747653,0.6316472,0.5964452
D:\uwiqa_dataset\SOTA\SOTA_Dataset\fusion18\49.bmp,sota,61.9045228,0.6932706220970922,test,0.73788565,0.4545489,0.11723141,0.4282197,0.4952913,0.4854104,0.46444693,0.51876223,0.49204758,0.4668663,0.46984246
D:\uwiqa_dataset\SOTA\SOTA_Dataset\waternet\564.bmp,sota,59.01836697,0.6455564544936282,test,0.6194371,0.27426815,0.40576804,0.31996384,0.45572418,0.56340146,0.45560756,0.504635,0.5618808,0.5425178,0.5076753
D:\uwiqa_dataset\SOTA\SOTA_Dataset\fusion18\692.bmp,sota,57.37006078,0.6183065198248242,test,0.6169342,0.41865864,0.18569845,0.3956429,0.45469442,0.6934898,0.4535717,0.4815462,0.55112404,0.51169723,0.55062294
D:\uwiqa_dataset\SOTA\SOTA_Dataset\HP\183.bmp,sota,23.20130807,0.05342586554419205,test,0.00029403996,0.41591913,0.028121868,0.555959,0.54066765,0.4438046,0.51672125,0.56992733,0.508176,0.46322533,0.4775769
D:\uwiqa_dataset\SOTA\SOTA_Dataset\fusion12\727.bmp,sota,43.76839251,0.3934426116547997,test,0.42869103,0.28840536,0.22691913,0.48467553,0.4214051,0.72159517,0.4181718,0.37017742,0.64538413,0.54779536,0.5662091
D:\uwiqa_dataset\SOTA\SOTA_Dataset\ACPAB\636.bmp,sota,69.12648734,0.8126647389725609,test,0.726076,0.3957869,0.21589826,0.38831478,0.5292103,0.47260067,0.48091322,0.546843,0.51221853,0.4660776,0.4554216
D:\uwiqa_dataset\SOTA\SOTA_Dataset\fusion12\194.bmp,sota,36.43329306,0.2721781390620714,test,0.3177647,0.5998948,0.19812277,0.20198242,0.5024456,0.45726955,0.49127826,0.5799928,0.5203319,0.44234517,0.50817347
D:\uwiqa_dataset\SOTA\SOTA_Dataset\ACPAB\541.bmp,sota,46.5421977,0.4392993891577036,test,0.32253352,0.5559365,0.10191851,0.342145,0.5134865,0.4242943,0.5307748,0.59097576,0.51778877,0.46428198,0.47599
D:\uwiqa_dataset\SOTA\SOTA_Dataset\IBLA\272.bmp,sota,47.74983055,0.4592640756134412,test,0.45417255,0.26964307,0.4013702,0.32898673,0.43292332,0.53278244,0.44433963,0.49924415,0.56701463,0.4910582,0.54508066
D:\uwiqa_dataset\SOTA\SOTA_Dataset\HP\117.bmp,sota,40.65848086,0.34202929427336576,test,0.35484347,0.55694014,0.07343541,0.36962444,0.55097896,0.46593484,0.5172247,0.5539838,0.50278366,0.47037578,0.42618805
D:\uwiqa_dataset\SOTA\SOTA_Dataset\HP\70.bmp,sota,52.78727806,0.5425435757316982,test,0.6693078,0.661465,0.100677036,0.23785801,0.5439318,0.43879792,0.49654746,0.5654654,0.4922825,0.43192485,0.45421126
D:\uwiqa_dataset\SOTA\SOTA_Dataset\HP\431.bmp,sota,61.32108699,0.6836252128870833,test,0.63866675,0.68773615,0.08152857,0.23073527,0.54133475,0.4346884,0.49481168,0.5799722,0.4957042,0.420606,0.4662096
D:\uwiqa_dataset\SOTA\SOTA_Dataset\ACPAB\136.bmp,sota,38.52439292,0.3067483754153942,test,0.458718,0.4942587,0.20181336,0.30392802,0.4744723,0.74460566,0.46787637,0.45207855,0.5777057,0.54354024,0.51407486
D:\uwiqa_dataset\SOTA\SOTA_Dataset\dive\24.bmp,sota,56.26567262,0.60004868314886,test,0.54079294,0.4578879,0.23590127,0.30621082,0.41860566,0.6057474,0.45985702,0.49957913,0.5912177,0.5752392,0.523011
D:\uwiqa_dataset\SOTA\SOTA_Dataset\IBLA\450.bmp,sota,43.65064087,0.3914959317741978,test,0.48612282,0.36087868,0.1321717,0.5069496,0.4882382,0.6774527,0.45393816,0.39262313,0.5854325,0.57253927,0.47944382
D:\uwiqa_dataset\SOTA\SOTA_Dataset\twostep\682.bmp,sota,68.98061257,0.8102531251738366,test,0.7356217,0.5695331,0.09083427,0.33963257,0.5697456,0.4885985,0.43627244,0.44711763,0.45696706,0.3723065,0.33329427
D:\uwiqa_dataset\SOTA\SOTA_Dataset\twostep\553.bmp,sota,46.06655552,0.4314360331809069,test,0.47834554,0.29187092,0.21943755,0.48869148,0.45003557,0.6039641,0.4486899,0.44026488,0.5291246,0.48797837,0.52741426
D:\uwiqa_dataset\SOTA\SOTA_Dataset\IBLA\6.bmp,sota,54.18173094,0.5655967864211062,test,0.541221,0.44298545,0.17896818,0.37804636,0.42252123,0.745936,0.48148832,0.43510303,0.53901947,0.643796,0.46036375
D:\uwiqa_dataset\SOTA\SOTA_Dataset\fusion18\124.bmp,sota,59.96854193,0.6612648257543908,test,0.69652045,0.54002273,0.12737404,0.3326032,0.42619047,0.5884014,0.4348702,0.4750497,0.56307775,0.49354056,0.5713332
D:\uwiqa_dataset\SOTA\SOTA_Dataset\dive\292.bmp,sota,75.50785911,0.9181621064427694,test,0.73806816,0.5019402,0.0894848,0.40857494,0.5365746,0.34729236,0.5539464,0.62953216,0.5797462,0.45497733,0.5467321
D:\uwiqa_dataset\SOTA\SOTA_Dataset\twostep\180.bmp,sota,64.32110869,0.7332218204991643,test,0.901566,0.57668525,0.088132106,0.33518267,0.4133691,0.48668095,0.44045073,0.58917826,0.58052725,0.40051872,0.5959225
D:\uwiqa_dataset\SOTA\SOTA_Dataset\funiegan\276.bmp,sota,56.58133672,0.6052672682360682,test,0.7691915,0.66557586,0.08472809,0.24969609,0.3666504,0.73572016,0.43229124,0.45643377,0.64932096,0.52731997,0.6799904
D:\uwiqa_dataset\SOTA\SOTA_Dataset\waternet\380.bmp,sota,53.46646706,0.5537719846220212,test,0.5775379,0.36032048,0.30447417,0.33520538,0.27749035,0.8168878,0.39415962,0.4165344,0.62748015,0.64841896,0.5054299
D:\uwiqa_dataset\SOTA\SOTA_Dataset\HP\558.bmp,sota,26.90285415,0.11462013240159379,test,0.19300562,0.4695985,0.1505259,0.3798756,0.543664,0.4665708,0.5189821,0.5569978,0.5058511,0.47063887,0.4468006
D:\uwiqa_dataset\SOTA\SOTA_Dataset\waternet\476.bmp,sota,54.93149471,0.5779919432636199,test,0.5539994,0.60569227,0.084693536,0.3096142,0.42988196,0.5572391,0.4565857,0.5190147,0.5815336,0.5631336,0.50762534
D:\uwiqa_dataset\SOTA\SOTA_Dataset\HP\680.bmp,sota,36.91546933,0.2801495171567855,test,0.17505881,0.5698237,0.044101294,0.38607505,0.5470908,0.44289938,0.5051348,0.5701962,0.5001806,0.43911377,0.45892504
D:\uwiqa_dataset\SOTA\SOTA_Dataset\fusion12\775.bmp,sota,51.25833028,0.5172668841984264,test,0.773337,0.3344318,0.22852907,0.4370391,0.4594248,0.4990679,0.45572805,0.53185266,0.5668952,0.4900168,0.54023135
D:\uwiqa_dataset\SOTA\SOTA_Dataset\funiegan\706.bmp,sota,55.19115293,0.5822846344966839,test,0.5840389,0.48242036,0.1457436,0.37183604,0.52284133,0.75872296,0.4960457,0.42091763,0.54887253,0.60329175,0.4331273
D:\uwiqa_dataset\SOTA\SOTA_Dataset\ACPAB\342.bmp,sota,57.57814139,0.6217465257307323,test,0.7010747,0.64884675,0.039565846,0.3115874,0.551061,0.42210156,0.47616088,0.59367085,0.4780847,0.38459933,0.45880845
D:\uwiqa_dataset\SOTA\SOTA_Dataset\ACPAB\410.bmp,sota,29.32302774,0.15463064295768447,test,0.087051414,0.5153953,0.14984386,0.33476084,0.5385934,0.8056914,0.5108481,0.42869428,0.54687685,0.5924365,0.42364722
D:\uwiqa_dataset\SOTA\SOTA_Dataset\waternet\511.bmp,sota,56.68119489,0.6069181317862721,test,0.5013821,0.5266411,0.1260696,0.3472893,0.44644773,0.43253446,0.40557188,0.54644716,0.6813707,0.46247426,0.56453496
D:\uwiqa_dataset\SOTA\SOTA_Dataset\ACPAB\627.bmp,sota,35.3900808,0.2549316674397722,test,0.19277029,0.626467,0.10460419,0.2689288,0.43943653,0.70996135,0.49474114,0.4616917,0.55558395,0.5656351,0.5133598
D:\uwiqa_dataset\SOTA\SOTA_Dataset\twostep\621.bmp,sota,65.08466731,0.7458450349462337,test,0.95358753,0.54098725,0.06116452,0.39784825,0.5759856,0.40329567,0.51195747,0.6197711,0.4863221,0.35916385,0.46198088
D:\uwiqa_dataset\SOTA\SOTA_Dataset\funiegan\350.bmp,sota,52.37148315,0.5356696197871895,test,0.7008063,0.5074918,0.14021103,0.35229716,0.4001082,0.6613096,0.43962088,0.5117851,0.581726,0.4719678,0.60509825
D:\uwiqa_dataset\SOTA\SOTA_Dataset\fusion12\683.bmp,sota,52.8480235,0.543547824384934,test,0.4774606,0.5123073,0.15633899,0.3313537,0.501601,0.45675406,0.48919612,0.5381091,0.50390005,0.44574827,0.5068958
D:\uwiqa_dataset\SOTA\SOTA_Dataset\HP\595.bmp,sota,44.30031671,0.4022364266551278,test,0.4448029,0.44515762,0.038069956,0.51677245,0.5553866,0.4590034,0.49338624,0.52490294,0.48080817,0.4426629,0.41561803
D:\uwiqa_dataset\SOTA\SOTA_Dataset\twostep\326.bmp,sota,45.02268654,0.41417870460908923,test,0.38280356,0.3877939,0.19631507,0.415891,0.4548296,0.64514023,0.46826333,0.40325186,0.56870174,0.51049066,0.6138102
D:\uwiqa_dataset\SOTA\SOTA_Dataset\fusion12\670.bmp,sota,59.49190307,0.6533849925811541,test,0.66498363,0.60961074,0.119351596,0.27103773,0.47870532,0.4581082,0.48235995,0.58517444,0.50610167,0.44295278,0.48262557
D:\uwiqa_dataset\SOTA\SOTA_Dataset\fusion18\376.bmp,sota,58.10986274,0.630536987198033,test,0.74657404,0.43617046,0.16933724,0.39449233,0.4544727,0.5377414,0.44445914,0.52896523,0.5373369,0.45729706,0.57222605
D:\uwiqa_dataset\SOTA\SOTA_Dataset\dive\79.bmp,sota,63.58329624,0.7210242438703157,test,0.67137915,0.5434504,0.12661114,0.32993844,0.4097314,0.5634588,0.4212403,0.5020104,0.583205,0.468305,0.5862454
D:\uwiqa_dataset\SOTA\SOTA_Dataset\fusion12\174.bmp,sota,50.52665523,0.5051707715755077,test,0.46868166,0.5697973,0.17226902,0.25793368,0.5276654,0.62774473,0.50021225,0.49987742,0.4801901,0.51981974,0.38827458
D:\uwiqa_dataset\SOTA\SOTA_Dataset\twostep\696.bmp,sota,40.87165176,0.3455534532758204,test,0.39972186,0.45988163,0.1731537,0.36696467,0.4176413,0.67407036,0.4620571,0.41494566,0.58947015,0.49928385,0.6558835
D:\uwiqa_dataset\SOTA\SOTA_Dataset\dive\7.bmp,sota,47.60804303,0.4569200325707758,test,0.23061185,0.5315265,0.119651645,0.34882188,0.49533856,0.36101928,0.424065,0.6146311,0.6524751,0.46225694,0.5968472
D:\uwiqa_dataset\SOTA\SOTA_Dataset\twostep\638.bmp,sota,56.25351486,0.5998476900519896,test,0.6384907,0.497914,0.11669033,0.3853957,0.54925513,0.48663002,0.5043092,0.5435129,0.48217413,0.4670985,0.37155607
D:\uwiqa_dataset\SOTA\SOTA_Dataset\twostep\690.bmp,sota,36.34062934,0.27064621475608536,test,0.23470365,0.3457246,0.11068821,0.5435872,0.5651701,0.5041581,0.4741418,0.47504038,0.51002854,0.5293336,0.4948465
D:\uwiqa_dataset\SOTA\SOTA_Dataset\HP\59.bmp,sota,35.79501626,0.2616260940560321,test,0.25772655,0.71846944,0.022377376,0.25915313,0.5983123,0.462466,0.4908124,0.49115178,0.4637115,0.40914705,0.32832876
D:\uwiqa_dataset\SOTA\SOTA_Dataset\funiegan\604.bmp,sota,67.90314323,0.792440312663171,test,0.7178096,0.30726135,0.29222125,0.40051743,0.50554687,0.5389556,0.45152712,0.5129546,0.5178363,0.46931964,0.49617627
D:\uwiqa_dataset\SOTA\SOTA_Dataset\funiegan\555.bmp,sota,36.21948969,0.2686435240131102,test,0.40099338,0.5579829,0.14214717,0.29986992,0.62194055,0.80241597,0.42387635,0.32043287,0.55432695,0.6387681,0.43992597
D:\uwiqa_dataset\SOTA\SOTA_Dataset\twostep\63.bmp,sota,37.11993139,0.28352970089391566,test,0.3154889,0.4263339,0.18148756,0.39217857,0.55357325,0.55626494,0.47794774,0.40581772,0.53139114,0.41086462,0.59509426
D:\uwiqa_dataset\SOTA\SOTA_Dataset\fusion18\779.bmp,sota,60.30275128,0.6667900024530256,test,0.71501887,0.39110214,0.18974666,0.41915116,0.5293448,0.49972752,0.52990234,0.56318593,0.5076416,0.5304302,0.3739206
D:\uwiqa_dataset\SOTA\SOTA_Dataset\ACPAB\287.bmp,sota,70.14707501,0.8295371789961505,test,0.81510955,0.46873137,0.1683345,0.36293414,0.532585,0.42242506,0.51205754,0.5751665,0.51727307,0.45612285,0.5188001
D:\uwiqa_dataset\SOTA\SOTA_Dataset\funiegan\72.bmp,sota,49.92973192,0.49530238589663933,test,0.5805166,0.40003762,0.30953634,0.29042605,0.42381555,0.49086028,0.44788814,0.561887,0.5747706,0.42883816,0.5819995
D:\uwiqa_dataset\SOTA\SOTA_Dataset\ACPAB\415.bmp,sota,30.85263234,0.1799181930936831,test,0.23879789,0.62569326,0.122943066,0.25136366,0.51047266,0.6902083,0.46303138,0.4793899,0.5343528,0.5219623,0.4785252
D:\uwiqa_dataset\SOTA\SOTA_Dataset\fusion12\369.bmp,sota,44.46466725,0.40495348341615517,test,0.35502055,0.23692206,0.25821054,0.50486743,0.4661332,0.6003656,0.46613705,0.4438342,0.554329,0.50941813,0.54630214
D:\uwiqa_dataset\SOTA\SOTA_Dataset\funiegan\82.bmp,sota,45.34394408,0.41948976091038276,test,0.3906358,0.3867944,0.23260912,0.38059646,0.35947484,0.6971556,0.4043942,0.35290232,0.69282806,0.48471004,0.6988938
D:\uwiqa_dataset\SOTA\SOTA_Dataset\funiegan\271.bmp,sota,52.22519714,0.5332512073346705,test,0.68701166,0.49292022,0.13188383,0.3751959,0.3719413,0.47921544,0.38838273,0.5748028,0.71658605,0.42762008,0.68829113
D:\uwiqa_dataset\SOTA\SOTA_Dataset\HP\672.bmp,sota,32.26100791,0.2032015748491319,test,0.13056652,0.5685395,0.10058539,0.33087513,0.5091157,0.44988355,0.5699405,0.57263213,0.5011082,0.45367134,0.4711934
D:\uwiqa_dataset\SOTA\SOTA_Dataset\funiegan\37.bmp,sota,57.35005457,0.6179757755014832,test,0.6594548,0.28373036,0.3652272,0.35104245,0.4214727,0.4608711,0.46098265,0.58369017,0.5920856,0.42298388,0.6011118
D:\uwiqa_dataset\SOTA\SOTA_Dataset\funiegan\508.bmp,sota,78.16106879,0.9620251889703174,test,0.99243695,0.5408756,0.029200723,0.42992365,0.5098458,0.38418186,0.52141476,0.610392,0.5464515,0.42780226,0.541551
D:\uwiqa_dataset\SOTA\SOTA_Dataset\fusion18\33.bmp,sota,71.14641673,0.8460583792118764,test,0.83341366,0.47874406,0.14178093,0.379475,0.49271664,0.44026044,0.44866246,0.5743086,0.47201854,0.38838378,0.47792768
D:\uwiqa_dataset\SOTA\SOTA_Dataset\funiegan\623.bmp,sota,62.11194571,0.6966997548520407,test,0.7415737,0.5936673,0.16968393,0.23664878,0.46416387,0.7063009,0.51024646,0.46267354,0.49937958,0.6190101,0.316256
D:\uwiqa_dataset\SOTA\SOTA_Dataset\funiegan\252.bmp,sota,55.21269248,0.5826407281241036,test,0.71646017,0.43409023,0.21696228,0.3489475,0.5346948,0.5042787,0.5002653,0.462696,0.5535282,0.51808566,0.50386083
D:\uwiqa_dataset\SOTA\SOTA_Dataset\IBLA\704.bmp,sota,51.24606345,0.5170640879472678,test,0.57049423,0.58242863,0.15344012,0.26413128,0.518051,0.60268104,0.4994727,0.50013673,0.49389413,0.5423516,0.3918363
D:\uwiqa_dataset\SOTA\SOTA_Dataset\twostep\472.bmp,sota,31.47884192,0.19027074181764267,test,0.16963252,0.4421266,0.2824278,0.27544555,0.39308754,0.48520645,0.4744252,0.5671662,0.59392095,0.45338476,0.5874058
D:\uwiqa_dataset\SOTA\SOTA_Dataset\HP\776.bmp,sota,24.44840396,0.07404295825087773,test,0.068201825,0.6750771,0.04655897,0.2783639,0.53830856,0.4178005,0.49790105,0.5939768,0.49999857,0.40846324,0.48653534
D:\uwiqa_dataset\SOTA\SOTA_Dataset\ACPAB\400.bmp,sota,66.75097976,0.7733926505990723,test,0.785223,0.49065703,0.0844889,0.4248541,0.5014509,0.40196016,0.5228321,0.5970897,0.54508686,0.44786933,0.5357609
D:\uwiqa_dataset\SOTA\SOTA_Dataset\ACPAB\419.bmp,sota,42.27402737,0.36873764319482083,test,0.47105703,0.6890136,0.089574,0.22141246,0.5268354,0.58149,0.48716256,0.51385427,0.5160647,0.4976931,0.45533988
D:\uwiqa_dataset\SOTA\SOTA_Dataset\twostep\211.bmp,sota,33.77254627,0.22819045240676036,test,0.24281123,0.5216338,0.18085644,0.29750976,0.49687138,0.6775565,0.43579838,0.3166943,0.6394195,0.58676004,0.6110745
D:\uwiqa_dataset\SOTA\SOTA_Dataset\twostep\678.bmp,sota,43.76806874,0.39343725906230126,test,0.3561382,0.64017165,0.091767564,0.26806086,0.38914207,0.6676747,0.43711317,0.429453,0.58523095,0.5360797,0.586883
D:\uwiqa_dataset\SOTA\SOTA_Dataset\twostep\727.bmp,sota,41.04070484,0.34834825281822823,test,0.41100112,0.2700319,0.19626114,0.533707,0.3561825,0.7056218,0.4367529,0.40127435,0.6430579,0.5155706,0.7017036
D:\uwiqa_dataset\SOTA\SOTA_Dataset\waternet\292.bmp,sota,47.15229973,0.44938564652885665,test,0.4136511,0.1399027,0.28357384,0.5765235,0.40328562,0.74602485,0.4533473,0.38602844,0.60819185,0.5666333,0.6495792
D:\uwiqa_dataset\SOTA\SOTA_Dataset\waternet\97.bmp,sota,57.02427121,0.6125898979685088,test,0.8418347,0.36535928,0.18276048,0.45188025,0.499084,0.48158014,0.48563632,0.5515214,0.5040317,0.47252673,0.43304858
D:\uwiqa_dataset\SOTA\SOTA_Dataset\ACPAB\645.bmp,sota,62.39323252,0.7013500117291905,test,0.76593256,0.6954152,0.09938177,0.20520303,0.527911,0.5162639,0.47921804,0.54633856,0.50134796,0.46499214,0.46456617
D:\uwiqa_dataset\SOTA\SOTA_Dataset\fusion18\678.bmp,sota,63.40522608,0.7180803732133333,test,0.5840385,0.63125163,0.09846085,0.27028748,0.41934124,0.7296598,0.4327347,0.3809273,0.5987141,0.6067069,0.47196108
D:\uwiqa_dataset\SOTA\SOTA_Dataset\fusion12\211.bmp,sota,40.04738618,0.3319266263300672,test,0.27095026,0.57508385,0.14421801,0.28069815,0.4289987,0.5770743,0.4096024,0.41375467,0.6909338,0.5249583,0.52665234
D:\uwiqa_dataset\SOTA\SOTA_Dataset\dive\522.bmp,sota,64.33846243,0.733508713968429,test,0.6905719,0.7038056,0.06998919,0.22620519,0.55448616,0.5758853,0.45255145,0.49103132,0.4936612,0.53949094,0.4176337
D:\uwiqa_dataset\SOTA\SOTA_Dataset\funiegan\293.bmp,sota,62.60473057,0.7048465150366734,test,0.71689975,0.4710048,0.20755422,0.32144094,0.5061928,0.38391784,0.5477374,0.59290415,0.55797154,0.44909665,0.5684796
D:\uwiqa_dataset\SOTA\SOTA_Dataset\funiegan\470.bmp,sota,63.00146752,0.7114054032055034,test,0.5503941,0.6106935,0.10543754,0.28386894,0.58484626,0.59768206,0.50610006,0.5296826,0.47245166,0.4944983,0.3157394
D:\uwiqa_dataset\SOTA\SOTA_Dataset\fusion18\42.bmp,sota,64.25702061,0.7321623110441587,test,0.7518815,0.4386636,0.17331149,0.3880249,0.4738228,0.72822076,0.4769474,0.43396592,0.5578543,0.5852808,0.4524223
D:\uwiqa_dataset\SOTA\SOTA_Dataset\IBLA\243.bmp,sota,45.08352696,0.41518452347956414,test,0.529646,0.1840631,0.3803523,0.43558463,0.51456547,0.535959,0.46795404,0.419729,0.5640305,0.4082356,0.5448789
D:\uwiqa_dataset\SOTA\SOTA_Dataset\dive\348.bmp,sota,45.53820127,0.422701236890125,test,0.44780022,0.47678506,0.2443103,0.27890468,0.33035228,0.551108,0.38521087,0.53274477,0.6914352,0.51330984,0.61649466
D:\uwiqa_dataset\SOTA\SOTA_Dataset\HP\746.bmp,sota,53.00805483,0.54619347560794,test,0.32956183,0.60389227,0.10086114,0.29524657,0.54248226,0.453567,0.4958752,0.5680225,0.49963275,0.44338864,0.46257412
D:\uwiqa_dataset\SOTA\SOTA_Dataset\waternet\194.bmp,sota,45.37786355,0.42005052040222235,test,0.31862587,0.61751956,0.2071426,0.17533778,0.46137077,0.5009108,0.47620147,0.56333166,0.54296285,0.45373502,0.54539704
D:\uwiqa_dataset\SOTA\SOTA_Dataset\fusion18\632.bmp,sota,58.55790617,0.6379440783503671,test,0.62292707,0.3626364,0.27794233,0.35942134,0.52843446,0.4627701,0.4661066,0.52227426,0.50592047,0.4316473,0.52328455
D:\uwiqa_dataset\SOTA\SOTA_Dataset\dive\322.bmp,sota,61.42847644,0.6854005841830066,test,0.69790286,0.46099034,0.19690563,0.34210402,0.5062112,0.3976576,0.54049635,0.61756986,0.5340869,0.41816187,0.5057532
D:\uwiqa_dataset\SOTA\SOTA_Dataset\fusion12\637.bmp,sota,56.67396351,0.6067985820122307,test,0.61397165,0.33684254,0.35679334,0.30636412,0.48286062,0.5617475,0.4791266,0.5028622,0.53180796,0.5595003,0.4433862
D:\uwiqa_dataset\SOTA\SOTA_Dataset\twostep\581.bmp,sota,25.9045807,0.0981165929141267,test,0.14566153,0.40960014,0.05404563,0.53635424,0.5428618,0.5245312,0.47947386,0.51843286,0.48380232,0.50126207,0.43971416
D:\uwiqa_dataset\SOTA\SOTA_Dataset\fusion18\616.bmp,sota,48.1189579,0.4653665195847088,test,0.5533929,0.56751275,0.10541269,0.3270746,0.624934,0.50322104,0.4571637,0.5641716,0.46611628,0.42660764,0.41699275
D:\uwiqa_dataset\SOTA\SOTA_Dataset\IBLA\724.bmp,sota,38.88670409,0.31273813373346376,test,0.37032497,0.40832797,0.23015846,0.36151356,0.37994844,0.76012516,0.38123432,0.3889161,0.7275249,0.61814034,0.5475651
D:\uwiqa_dataset\SOTA\SOTA_Dataset\funiegan\422.bmp,sota,58.24569742,0.6327826173959987,test,0.45569548,0.51237243,0.21504185,0.27258572,0.50282395,0.48597732,0.5069349,0.5561282,0.48913303,0.47434342,0.4731586
D:\uwiqa_dataset\SOTA\SOTA_Dataset\fusion18\102.bmp,sota,67.69727669,0.7890369099461717,test,0.5525518,0.68490434,0.059080824,0.25601488,0.50343007,0.44359383,0.4697392,0.6021147,0.48516715,0.3905882,0.48606956
D:\uwiqa_dataset\SOTA\SOTA_Dataset\fusion12\725.bmp,sota,50.88884222,0.5111584769395158,test,0.5266918,0.47455162,0.11429187,0.4111565,0.41549268,0.7663354,0.44109383,0.3577137,0.61147356,0.58454436,0.5493835
D:\uwiqa_dataset\SOTA\SOTA_Dataset\twostep\333.bmp,sota,53.38916691,0.5524940521297645,test,0.46472484,0.58380264,0.061036035,0.3551613,0.5112256,0.4837018,0.46279788,0.4893468,0.48804992,0.45125222,0.4397166
D:\uwiqa_dataset\SOTA\SOTA_Dataset\fusion18\372.bmp,sota,56.98671816,0.6119690678306845,test,0.71899676,0.35094917,0.20437661,0.44467425,0.5248358,0.50846595,0.43967497,0.47655863,0.51109326,0.47449517,0.48404592
