image_path,dataset,mos,mos_norm,split,pred,r_clip,r_attr,r_phys,gate_attr_artifact,gate_attr_color,gate_attr_illumination,gate_attr_naturalness,gate_attr_sharpness,gate_attr_turbidity,gate_attr_visibility
D:\uwiqa_dataset\UIQD\images\4081.jpg,uiqd,1.75,0.1875,test,0.10230561,0.316333,0.34131762,0.3423494,0.46464851,0.48877802,0.47955772,0.5595325,0.5320311,0.5232606,0.5112231
D:\uwiqa_dataset\UIQD\images\3842.jpg,uiqd,4.25,0.8125,test,0.8837715,0.62216514,0.12705304,0.25078183,0.3970027,0.5791269,0.47776613,0.38153026,0.55137557,0.40348095,0.44015777
D:\uwiqa_dataset\UIQD\images\713.jpg,uiqd,1.666666667,0.16666666675000003,test,0.19754422,0.3404763,0.31785524,0.34166846,0.4743251,0.47575724,0.4542347,0.5773409,0.5729209,0.5197186,0.518974
D:\uwiqa_dataset\UIQD\images\3647.jpg,uiqd,4.083333333,0.7708333332499999,test,0.70234,0.5587117,0.13638607,0.30490223,0.30823517,0.4632722,0.5238122,0.533892,0.5648974,0.5915758,0.51853347
D:\uwiqa_dataset\UIQD\images\3134.jpg,uiqd,4.25,0.8125,test,0.81858766,0.4874547,0.21523702,0.2973082,0.42324862,0.5572678,0.44504082,0.36073363,0.4905076,0.38974243,0.42343253
D:\uwiqa_dataset\UIQD\images\157.jpg,uiqd,4.25,0.8125,test,0.609517,0.42845193,0.29181972,0.27972835,0.5701666,0.39018285,0.3452588,0.46552655,0.41803282,0.33026436,0.44125968
D:\uwiqa_dataset\UIQD\images\4910.jpg,uiqd,1.75,0.1875,test,0.09799736,0.36351877,0.29829952,0.33818167,0.54527324,0.42239878,0.48367408,0.56612307,0.5247439,0.4774942,0.47046515
D:\uwiqa_dataset\UIQD\images\2918.jpg,uiqd,2.916666667,0.47916666674999997,test,0.4904884,0.45641977,0.22973631,0.313844,0.5425779,0.469539,0.40369323,0.5521425,0.51955914,0.44659266,0.5224543
D:\uwiqa_dataset\UIQD\images\3692.jpg,uiqd,1.25,0.0625,test,0.123012885,0.32766244,0.33880132,0.33353624,0.47698364,0.50248295,0.43364593,0.58954793,0.6019078,0.51995164,0.5349854
D:\uwiqa_dataset\UIQD\images\3298.jpg,uiqd,3.25,0.5625,test,0.53166723,0.5489884,0.2376762,0.2133354,0.40063447,0.45649993,0.532429,0.4441188,0.48050553,0.44362763,0.55667114
D:\uwiqa_dataset\UIQD\images\3026.jpg,uiqd,3.333333333,0.58333333325,test,0.58839566,0.43219483,0.27932128,0.28848386,0.33498496,0.5362704,0.5574509,0.4295253,0.54553163,0.566213,0.4708861
D:\uwiqa_dataset\UIQD\images\2351.jpg,uiqd,2.25,0.3125,test,0.3255069,0.38550627,0.29694435,0.31754944,0.49496913,0.49079573,0.42003676,0.60726535,0.60168105,0.4970439,0.5489205
D:\uwiqa_dataset\UIQD\images\4368.jpg,uiqd,1.916666667,0.22916666675000003,test,0.19845918,0.37037015,0.32421863,0.30541122,0.5611319,0.44513348,0.4518984,0.5686481,0.5487707,0.46960908,0.48266447
D:\uwiqa_dataset\UIQD\images\2841.jpg,uiqd,3.583333333,0.64583333325,test,0.76339954,0.54902726,0.18872584,0.26224697,0.48590636,0.52048016,0.3680215,0.4131062,0.49253872,0.39557478,0.4749561
D:\uwiqa_dataset\UIQD\images\3823.jpg,uiqd,2.166666667,0.29166666674999997,test,0.21074766,0.5083144,0.2242543,0.26743135,0.44770092,0.50106317,0.47367126,0.55224544,0.5439666,0.5242732,0.5206324
D:\uwiqa_dataset\UIQD\images\5004.jpg,uiqd,4.083333333,0.7708333332499999,test,0.7544443,0.59187686,0.1808051,0.22731797,0.45529732,0.5483181,0.43891975,0.3337891,0.49214098,0.35490382,0.502496
D:\uwiqa_dataset\UIQD\images\6130.jpg,uiqd,2.25,0.3125,test,0.4062962,0.45007756,0.2909151,0.25900733,0.54082286,0.4696285,0.45982936,0.56179166,0.5025491,0.43957636,0.5223433
D:\uwiqa_dataset\UIQD\images\3774.jpg,uiqd,2.5,0.375,test,0.42934772,0.4611546,0.2740075,0.26483795,0.3871929,0.43855757,0.53617454,0.5284107,0.52600384,0.54392487,0.506557
D:\uwiqa_dataset\UIQD\images\2390.jpg,uiqd,3.583333333,0.64583333325,test,0.6307171,0.38361284,0.33164975,0.28473735,0.42045358,0.53076816,0.45786312,0.43085667,0.51944333,0.4554392,0.38868278
D:\uwiqa_dataset\UIQD\images\5197.jpg,uiqd,4.25,0.8125,test,0.84320325,0.57326365,0.13449973,0.2922367,0.42263758,0.51695186,0.48923138,0.39154753,0.47436458,0.3836951,0.47020102
D:\uwiqa_dataset\UIQD\images\470.jpg,uiqd,4.0,0.75,test,0.70498747,0.47214407,0.07084601,0.45701,0.2127694,0.46200815,0.5023314,0.5196287,0.5759793,0.62447387,0.55283505
D:\uwiqa_dataset\UIQD\images\1821.jpg,uiqd,3.333333333,0.58333333325,test,0.6384254,0.53705317,0.16222413,0.30072266,0.3572294,0.56290996,0.4915042,0.517394,0.58167607,0.5734118,0.48849335
D:\uwiqa_dataset\UIQD\images\4093.jpg,uiqd,1.916666667,0.22916666675000003,test,0.275696,0.39195567,0.299854,0.30819032,0.52922195,0.46617115,0.46177945,0.54156893,0.53997874,0.46451986,0.4782514
D:\uwiqa_dataset\UIQD\images\3665.jpg,uiqd,1.75,0.1875,test,0.19791299,0.3466576,0.3000517,0.35329068,0.42192408,0.5168904,0.47314927,0.57199717,0.57043785,0.55307084,0.528777
D:\uwiqa_dataset\UIQD\images\3760.jpg,uiqd,3.833333333,0.70833333325,test,0.7228857,0.4954245,0.2234311,0.28114435,0.45487627,0.49645516,0.41923591,0.38796753,0.51699543,0.37854436,0.44190368
D:\uwiqa_dataset\UIQD\images\1695.jpg,uiqd,3.666666667,0.66666666675,test,0.6930205,0.47096574,0.22461481,0.3044194,0.46313158,0.5148757,0.47404036,0.43509072,0.52360475,0.46291983,0.47007406
D:\uwiqa_dataset\UIQD\images\4054.jpg,uiqd,1.75,0.1875,test,0.12888005,0.3207928,0.3289099,0.3502973,0.52046275,0.45460135,0.48433596,0.59176165,0.5227281,0.5170771,0.47800744
D:\uwiqa_dataset\UIQD\images\1324.jpg,uiqd,3.333333333,0.58333333325,test,0.5484516,0.50168836,0.24507296,0.25323865,0.4160045,0.50310403,0.45612755,0.5076301,0.49512467,0.44946605,0.44122878
D:\uwiqa_dataset\UIQD\images\3899.jpg,uiqd,3.083333333,0.52083333325,test,0.48571923,0.50968313,0.21400502,0.27631187,0.36620137,0.48284933,0.46384555,0.5776443,0.6053162,0.56818604,0.5245281
D:\uwiqa_dataset\UIQD\images\5949.jpg,uiqd,1.75,0.1875,test,0.14079191,0.4847219,0.28616735,0.22911076,0.5152616,0.47008792,0.43085894,0.6079037,0.5462992,0.5112434,0.5662655
D:\uwiqa_dataset\UIQD\images\4216.jpg,uiqd,3.583333333,0.64583333325,test,0.67792153,0.4805601,0.26455933,0.25488058,0.42715356,0.53743625,0.4448497,0.3949525,0.5039244,0.44887465,0.5033363
D:\uwiqa_dataset\UIQD\images\3781.jpg,uiqd,4.583333333,0.8958333332499999,test,0.9214261,0.6340535,0.0921719,0.2737746,0.32897764,0.5517137,0.53954077,0.39619827,0.5506583,0.5090145,0.45231178
D:\uwiqa_dataset\UIQD\images\1913.jpg,uiqd,3.75,0.6875,test,0.7228397,0.53611064,0.22721176,0.23667759,0.45363453,0.5241529,0.4964564,0.4822282,0.50824547,0.46809027,0.4692599
D:\uwiqa_dataset\UIQD\images\4600.jpg,uiqd,4.333333333,0.8333333332499999,test,0.767175,0.58718675,0.16588867,0.2469246,0.44475955,0.5323811,0.48281404,0.40695605,0.5068849,0.39021447,0.49766096
D:\uwiqa_dataset\UIQD\images\2289.jpg,uiqd,1.583333333,0.14583333324999997,test,0.09436726,0.3833658,0.22942144,0.38721278,0.52380353,0.46436507,0.45531356,0.5626689,0.5631445,0.48033044,0.5061438
D:\uwiqa_dataset\UIQD\images\3952.jpg,uiqd,1.5,0.125,test,0.15070254,0.32412034,0.33841348,0.33746624,0.49461505,0.48357755,0.43709144,0.5881221,0.57741636,0.49243647,0.5393164
D:\uwiqa_dataset\UIQD\images\1787.jpg,uiqd,4.25,0.8125,test,0.8071503,0.5428493,0.16529182,0.2918589,0.45620143,0.51981896,0.45637643,0.42768428,0.45882303,0.38990456,0.37358618
D:\uwiqa_dataset\UIQD\images\133.jpg,uiqd,1.833333333,0.20833333324999997,test,0.2636536,0.3456412,0.30344152,0.3509173,0.5000154,0.46682623,0.45565745,0.59636456,0.556368,0.50746,0.516565
D:\uwiqa_dataset\UIQD\images\3103.jpg,uiqd,1.416666667,0.10416666675000003,test,0.14841929,0.32552588,0.34515983,0.3293143,0.45919198,0.49615794,0.45557454,0.5798842,0.5737563,0.5248675,0.53398675
D:\uwiqa_dataset\UIQD\images\2803.jpg,uiqd,2.666666667,0.41666666674999997,test,0.34332904,0.39882082,0.2868942,0.31428498,0.48090252,0.49212423,0.45404184,0.5566182,0.5348299,0.48652422,0.5264828
D:\uwiqa_dataset\UIQD\images\1644.jpg,uiqd,1.583333333,0.14583333324999997,test,0.12759006,0.3715507,0.41787162,0.21057768,0.44308174,0.51637614,0.4715468,0.58685017,0.54298735,0.54312146,0.529177
D:\uwiqa_dataset\UIQD\images\325.jpg,uiqd,2.0,0.25,test,0.27130497,0.4242943,0.3040606,0.27164513,0.5069779,0.4847606,0.4389302,0.5619757,0.5266922,0.46210393,0.5227949
D:\uwiqa_dataset\UIQD\images\5038.jpg,uiqd,1.333333333,0.08333333324999997,test,0.016829558,0.33142766,0.22855815,0.4400142,0.49167368,0.43959847,0.49574113,0.57392955,0.51972604,0.5123931,0.49158874
D:\uwiqa_dataset\UIQD\images\1836.jpg,uiqd,3.666666667,0.66666666675,test,0.6471327,0.54227644,0.24336119,0.21436243,0.4834723,0.49833083,0.41663125,0.42298836,0.46958593,0.3493203,0.5037235
D:\uwiqa_dataset\UIQD\images\24.jpg,uiqd,1.666666667,0.16666666675000003,test,0.20081729,0.4278058,0.36349323,0.20870101,0.3669412,0.6239838,0.45057428,0.57993805,0.57801104,0.6140812,0.5450589
D:\uwiqa_dataset\UIQD\images\3922.jpg,uiqd,1.583333333,0.14583333324999997,test,0.17345247,0.36751372,0.3306277,0.3018585,0.46150842,0.50337946,0.47976092,0.5758702,0.53040797,0.530931,0.50945985
D:\uwiqa_dataset\UIQD\images\5986.jpg,uiqd,3.833333333,0.70833333325,test,0.83589166,0.5115243,0.12762989,0.36084574,0.377633,0.5733956,0.51958984,0.41378874,0.53164774,0.50165796,0.43960878
D:\uwiqa_dataset\UIQD\images\1877.jpg,uiqd,3.333333333,0.58333333325,test,0.6346362,0.63260144,0.13610293,0.23129569,0.46424478,0.49003303,0.4112169,0.62845993,0.61443055,0.5270487,0.53316075
D:\uwiqa_dataset\UIQD\images\1631.jpg,uiqd,1.166666667,0.041666666750000025,test,0.11714564,0.30747867,0.28773496,0.4047864,0.5407435,0.43585634,0.48621482,0.5908121,0.5483236,0.5104218,0.48030213
D:\uwiqa_dataset\UIQD\images\2433.jpg,uiqd,2.25,0.3125,test,0.3845641,0.4945596,0.29798695,0.20745341,0.4480688,0.50080484,0.508679,0.47371155,0.4855535,0.43797368,0.47364482
D:\uwiqa_dataset\UIQD\images\2499.jpg,uiqd,3.0,0.5,test,0.49276572,0.4837245,0.20704965,0.3092259,0.35149294,0.44450134,0.44151154,0.59425384,0.61279434,0.52711695,0.5386748
D:\uwiqa_dataset\UIQD\images\3334.jpg,uiqd,4.083333333,0.7708333332499999,test,0.87613755,0.573606,0.11379508,0.31259885,0.48251516,0.5040192,0.50167406,0.49960858,0.49034303,0.42399102,0.45596427
D:\uwiqa_dataset\UIQD\images\5943.jpg,uiqd,1.666666667,0.16666666675000003,test,0.12518212,0.32743156,0.33240384,0.3401646,0.5029524,0.47771922,0.4411782,0.59102756,0.57639194,0.5034409,0.5256337
D:\uwiqa_dataset\UIQD\images\3882.jpg,uiqd,3.583333333,0.64583333325,test,0.70054984,0.5153323,0.23146398,0.2532037,0.39540198,0.5793547,0.47817647,0.3774671,0.52463543,0.46442255,0.52549034
D:\uwiqa_dataset\UIQD\images\6033.jpg,uiqd,2.333333333,0.33333333325000003,test,0.31733978,0.4269731,0.27219853,0.30082837,0.47799623,0.50973934,0.46470636,0.5614491,0.44816905,0.5278781,0.5495295
D:\uwiqa_dataset\UIQD\images\4479.jpg,uiqd,3.333333333,0.58333333325,test,0.7116645,0.48496407,0.22191413,0.29312184,0.49994922,0.4959232,0.42332077,0.45668265,0.439967,0.4014145,0.4921138
D:\uwiqa_dataset\UIQD\images\297.jpg,uiqd,4.333333333,0.8333333332499999,test,0.8274798,0.5186131,0.17564796,0.305739,0.39686272,0.5775339,0.47236365,0.32102895,0.5697906,0.41937453,0.42653173
D:\uwiqa_dataset\UIQD\images\2671.jpg,uiqd,2.833333333,0.45833333325000003,test,0.62771636,0.43888444,0.23516408,0.3259515,0.3887764,0.512077,0.546924,0.46971142,0.50535643,0.4845651,0.46906456
D:\uwiqa_dataset\UIQD\images\1607.jpg,uiqd,1.083333333,0.020833333249999975,test,0.040257737,0.35843328,0.44130468,0.20026205,0.46756792,0.48919693,0.45571303,0.64475906,0.5088793,0.55190337,0.4849735
D:\uwiqa_dataset\UIQD\images\5378.jpg,uiqd,1.25,0.0625,test,0.057659294,0.35346413,0.43742383,0.2091121,0.4315432,0.53771514,0.46684277,0.5594838,0.56160885,0.53762215,0.5357417
D:\uwiqa_dataset\UIQD\images\5678.jpg,uiqd,4.166666667,0.7916666667500001,test,0.6660451,0.5104303,0.18060628,0.3089634,0.5452676,0.45916137,0.4296657,0.5385085,0.4910063,0.41885892,0.5048545
D:\uwiqa_dataset\UIQD\images\3672.jpg,uiqd,1.25,0.0625,test,0.09066112,0.31505752,0.2875252,0.39741722,0.5301827,0.42998517,0.46721137,0.6480873,0.54253227,0.52881783,0.48427993
D:\uwiqa_dataset\UIQD\images\3286.jpg,uiqd,3.833333333,0.70833333325,test,0.65095365,0.41758788,0.3027113,0.27970082,0.47408178,0.45769358,0.40810034,0.39146745,0.46540764,0.33487365,0.36379462
D:\uwiqa_dataset\UIQD\images\1193.jpg,uiqd,3.833333333,0.70833333325,test,0.73266244,0.5067349,0.14711615,0.3461489,0.34512514,0.50804293,0.54411703,0.44986326,0.5376269,0.5342402,0.49430692
D:\uwiqa_dataset\UIQD\images\4343.jpg,uiqd,3.0,0.5,test,0.6388853,0.64670193,0.14073695,0.21256112,0.31851792,0.6764343,0.50834376,0.35063773,0.6207893,0.6024997,0.46025744
D:\uwiqa_dataset\UIQD\images\1006.jpg,uiqd,2.416666667,0.35416666674999997,test,0.27923962,0.3722364,0.31135747,0.31640616,0.49428818,0.49562022,0.43913418,0.5814143,0.564869,0.51374453,0.5201832
D:\uwiqa_dataset\UIQD\images\3007.jpg,uiqd,1.833333333,0.20833333324999997,test,0.20881182,0.32699978,0.2617651,0.4112351,0.49592388,0.46451008,0.4503537,0.59043604,0.5736093,0.50842553,0.51727456
D:\uwiqa_dataset\UIQD\images\2229.jpg,uiqd,1.25,0.0625,test,0.047219276,0.40549412,0.3646309,0.2298749,0.51261646,0.44444484,0.44093433,0.6751765,0.48178017,0.5292575,0.4534515
D:\uwiqa_dataset\UIQD\images\1452.jpg,uiqd,2.083333333,0.27083333325000003,test,0.2919029,0.3690529,0.29114908,0.33979806,0.51003546,0.48014766,0.44713432,0.5676351,0.5564728,0.4914438,0.5182357
D:\uwiqa_dataset\UIQD\images\2997.jpg,uiqd,4.166666667,0.7916666667500001,test,0.7176252,0.58797884,0.077436306,0.33458486,0.27951136,0.5420961,0.47313222,0.46548858,0.55630386,0.5615919,0.4950238
D:\uwiqa_dataset\UIQD\images\539.jpg,uiqd,3.75,0.6875,test,0.5820205,0.44769835,0.30349192,0.24880983,0.5195837,0.47707564,0.426503,0.5138883,0.5231401,0.46292722,0.49600634
D:\uwiqa_dataset\UIQD\images\4667.jpg,uiqd,2.25,0.3125,test,0.3506904,0.39292508,0.29009938,0.31697553,0.478418,0.49207538,0.44556966,0.5838074,0.5762799,0.5104245,0.52976346
D:\uwiqa_dataset\UIQD\images\3965.jpg,uiqd,1.416666667,0.10416666675000003,test,0.058834456,0.38918957,0.4112787,0.1995317,0.42895094,0.542289,0.47368538,0.5741639,0.5364173,0.5520975,0.528658
D:\uwiqa_dataset\UIQD\images\3828.jpg,uiqd,2.666666667,0.41666666674999997,test,0.41827977,0.40466112,0.2958054,0.29953343,0.50793064,0.4795935,0.43714654,0.5676263,0.54478514,0.4749787,0.5164153
D:\uwiqa_dataset\UIQD\images\5823.jpg,uiqd,2.5,0.375,test,0.45162505,0.4807943,0.29059494,0.22861077,0.5450283,0.45869395,0.34904483,0.39141846,0.4252772,0.34013516,0.34951714
D:\uwiqa_dataset\UIQD\images\2945.jpg,uiqd,4.0,0.75,test,0.76988876,0.44941685,0.22324495,0.3273382,0.55443645,0.468126,0.34642848,0.51010835,0.46357897,0.38582042,0.53347886
D:\uwiqa_dataset\UIQD\images\5522.jpg,uiqd,3.083333333,0.52083333325,test,0.7138018,0.4850375,0.2565269,0.25843555,0.48692995,0.5179975,0.41856912,0.4445495,0.46965587,0.40503168,0.49075732
D:\uwiqa_dataset\UIQD\images\1048.jpg,uiqd,1.416666667,0.10416666675000003,test,0.07190855,0.28659013,0.1752771,0.5381328,0.51243037,0.4652672,0.4599311,0.6053451,0.5503141,0.51615417,0.5012875
D:\uwiqa_dataset\UIQD\images\3540.jpg,uiqd,4.166666667,0.7916666667500001,test,0.79705864,0.5015296,0.13031286,0.36815757,0.36167496,0.5410901,0.53972536,0.45413205,0.5383127,0.53187937,0.45585924
D:\uwiqa_dataset\UIQD\images\1384.jpg,uiqd,3.833333333,0.70833333325,test,0.7072812,0.5431716,0.22795573,0.22887266,0.47336772,0.512669,0.39125568,0.39141777,0.51176846,0.3929709,0.462465
D:\uwiqa_dataset\UIQD\images\801.jpg,uiqd,1.583333333,0.14583333324999997,test,0.1470437,0.4107916,0.38033772,0.2088706,0.4728167,0.49729306,0.4969577,0.56142676,0.48942596,0.50927806,0.489002
D:\uwiqa_dataset\UIQD\images\1738.jpg,uiqd,1.833333333,0.20833333324999997,test,0.2450141,0.34480712,0.28826508,0.36692786,0.4648682,0.5036931,0.44179624,0.5836741,0.59293383,0.5238488,0.53737473
D:\uwiqa_dataset\UIQD\images\2272.jpg,uiqd,2.916666667,0.47916666674999997,test,0.53705776,0.43196663,0.26373264,0.30430073,0.5486628,0.4703209,0.3907356,0.55436826,0.5117129,0.43261352,0.5164956
D:\uwiqa_dataset\UIQD\images\933.jpg,uiqd,4.083333333,0.7708333332499999,test,0.778009,0.4873813,0.13781229,0.37480646,0.38558948,0.537837,0.5336637,0.40997866,0.51228964,0.46282512,0.4709519
D:\uwiqa_dataset\UIQD\images\2953.jpg,uiqd,1.583333333,0.14583333324999997,test,0.14822893,0.46828854,0.30486244,0.22684908,0.51609814,0.50213945,0.39863655,0.58558,0.53295565,0.4792696,0.5730309
D:\uwiqa_dataset\UIQD\images\4511.jpg,uiqd,1.333333333,0.08333333324999997,test,0.09072916,0.46139076,0.24613824,0.2924709,0.46507856,0.43032095,0.5370878,0.49345765,0.5049738,0.44808757,0.5043304
D:\uwiqa_dataset\UIQD\images\5907.jpg,uiqd,4.166666667,0.7916666667500001,test,0.6030449,0.593174,0.1346949,0.27213112,0.26346847,0.6841826,0.5002359,0.55719733,0.5213713,0.6924098,0.47061765
D:\uwiqa_dataset\UIQD\images\1612.jpg,uiqd,3.416666667,0.60416666675,test,0.7165441,0.5155757,0.23364028,0.25078404,0.4299483,0.5351906,0.52394164,0.37590247,0.47586623,0.37916675,0.45882243
D:\uwiqa_dataset\UIQD\images\97.jpg,uiqd,2.583333333,0.39583333325000003,test,0.4356328,0.48816022,0.24355426,0.2682855,0.5296682,0.46231502,0.42800856,0.56365526,0.5130518,0.43653658,0.52172494
D:\uwiqa_dataset\UIQD\images\673.jpg,uiqd,4.083333333,0.7708333332499999,test,0.6526244,0.5751746,0.16818057,0.2566448,0.32465175,0.47631693,0.53697956,0.49581802,0.5378873,0.5602299,0.49406725
D:\uwiqa_dataset\UIQD\images\3265.jpg,uiqd,4.083333333,0.7708333332499999,test,0.8455324,0.5313,0.1674349,0.3012651,0.4586631,0.5069659,0.44193584,0.43796402,0.44348624,0.37870112,0.39336133
D:\uwiqa_dataset\UIQD\images\5580.jpg,uiqd,3.75,0.6875,test,0.71028346,0.49902913,0.2542349,0.246736,0.4639082,0.52772814,0.4502589,0.3890263,0.51121056,0.3864855,0.48727077
D:\uwiqa_dataset\UIQD\images\5924.jpg,uiqd,1.5,0.125,test,0.0394484,0.3509176,0.49141562,0.15766679,0.45244005,0.53182536,0.47080925,0.57492363,0.51482415,0.5337231,0.5185219
D:\uwiqa_dataset\UIQD\images\352.jpg,uiqd,4.583333333,0.8958333332499999,test,0.8417232,0.5212059,0.21176012,0.267034,0.46927783,0.5387967,0.3643295,0.40436637,0.48880658,0.35407615,0.5126393
D:\uwiqa_dataset\UIQD\images\5380.jpg,uiqd,2.416666667,0.35416666674999997,test,0.36990023,0.40948674,0.2841014,0.30641183,0.5035959,0.48510554,0.42436767,0.5930622,0.5849666,0.487659,0.53827685
D:\uwiqa_dataset\UIQD\images\1651.jpg,uiqd,3.416666667,0.60416666675,test,0.59912133,0.45817742,0.3134435,0.22837906,0.47814128,0.4816986,0.40677395,0.46795762,0.432099,0.37752,0.44898462
D:\uwiqa_dataset\UIQD\images\753.jpg,uiqd,1.75,0.1875,test,0.05784298,0.39817318,0.4506787,0.1511481,0.4486803,0.5406273,0.43679154,0.60620916,0.5529783,0.54725575,0.5318729
D:\uwiqa_dataset\UIQD\images\4351.jpg,uiqd,1.416666667,0.10416666675000003,test,0.044075623,0.4180988,0.23042834,0.35147285,0.51731086,0.43927085,0.49831697,0.6054702,0.5268982,0.5249013,0.4850246
D:\uwiqa_dataset\UIQD\images\5959.jpg,uiqd,4.666666667,0.9166666667500001,test,0.96953386,0.58347815,0.084711835,0.33181006,0.35462773,0.5611289,0.49949637,0.37591574,0.52704334,0.47126356,0.45165595
D:\uwiqa_dataset\UIQD\images\5514.jpg,uiqd,1.916666667,0.22916666675000003,test,0.28995344,0.3471712,0.30949295,0.34333587,0.45223254,0.50803334,0.4470579,0.5777504,0.5831082,0.52875334,0.539481
D:\uwiqa_dataset\UIQD\images\5722.jpg,uiqd,3.166666667,0.54166666675,test,0.56985754,0.44558093,0.32014373,0.23427542,0.52964723,0.4709962,0.33222592,0.41934305,0.40570837,0.327945,0.36187142
D:\uwiqa_dataset\UIQD\images\1198.jpg,uiqd,1.75,0.1875,test,0.21717569,0.31576377,0.34084654,0.3433897,0.4717113,0.48057225,0.47177678,0.5701518,0.54098594,0.5179598,0.5164115
D:\uwiqa_dataset\UIQD\images\535.jpg,uiqd,1.416666667,0.10416666675000003,test,0.07158597,0.3024107,0.15569998,0.5418893,0.53486764,0.45180562,0.4472708,0.6170911,0.5836392,0.51192915,0.50795466
D:\uwiqa_dataset\UIQD\images\4101.jpg,uiqd,1.416666667,0.10416666675000003,test,0.11686298,0.28110147,0.17408082,0.54481775,0.5162724,0.45968038,0.45305642,0.6115976,0.5852384,0.5157098,0.51995164
D:\uwiqa_dataset\UIQD\images\4482.jpg,uiqd,2.166666667,0.29166666674999997,test,0.38793498,0.613105,0.2041946,0.18270034,0.28574696,0.73910874,0.50100213,0.41762742,0.6438861,0.6511647,0.52889353
D:\uwiqa_dataset\UIQD\images\4687.jpg,uiqd,2.25,0.3125,test,0.3437157,0.4076392,0.2921458,0.300215,0.47723523,0.4766846,0.46834365,0.5564951,0.519499,0.49060652,0.5288679
D:\uwiqa_dataset\UIQD\images\3114.jpg,uiqd,1.833333333,0.20833333324999997,test,0.2502152,0.38047644,0.28243643,0.33708715,0.46946284,0.49652892,0.4479479,0.5852285,0.577889,0.51798636,0.5350888
D:\uwiqa_dataset\UIQD\images\5744.jpg,uiqd,1.416666667,0.10416666675000003,test,0.030541975,0.3212892,0.5458622,0.13284862,0.48197648,0.5018628,0.4399601,0.63724315,0.51932865,0.5406393,0.49402907
D:\uwiqa_dataset\UIQD\images\2577.jpg,uiqd,2.166666667,0.29166666674999997,test,0.26900512,0.35350078,0.30757275,0.33892646,0.46732116,0.49556282,0.45507467,0.5722801,0.5585047,0.51186764,0.5329584
D:\uwiqa_dataset\UIQD\images\1663.jpg,uiqd,1.666666667,0.16666666675000003,test,0.11669806,0.43070385,0.35607406,0.21322209,0.43727615,0.541892,0.47320354,0.5686835,0.5236759,0.54285544,0.52304715
D:\uwiqa_dataset\UIQD\images\81.jpg,uiqd,1.833333333,0.20833333324999997,test,0.23493813,0.38599232,0.31605327,0.2979544,0.4841839,0.47832766,0.4490805,0.5773431,0.5575808,0.4999,0.53453165
D:\uwiqa_dataset\UIQD\images\492.jpg,uiqd,2.083333333,0.27083333325000003,test,0.24222755,0.42452812,0.30297545,0.27249646,0.46650973,0.5049155,0.44994572,0.57162786,0.5608231,0.5095993,0.536432
D:\uwiqa_dataset\UIQD\images\4247.jpg,uiqd,1.416666667,0.10416666675000003,test,0.15520933,0.42160538,0.36936092,0.20903371,0.46777576,0.5317985,0.4316324,0.51598954,0.5075011,0.45185536,0.53757185
D:\uwiqa_dataset\UIQD\images\3166.jpg,uiqd,2.25,0.3125,test,0.37724367,0.4009783,0.31374094,0.2852808,0.48341024,0.4824444,0.46931,0.5661953,0.5307186,0.4998414,0.5152638
D:\uwiqa_dataset\UIQD\images\5067.jpg,uiqd,4.833333333,0.9583333332499999,test,0.9167506,0.59727263,0.08009854,0.32262886,0.39815876,0.51594496,0.5229591,0.3424705,0.55894405,0.3896484,0.42670652
D:\uwiqa_dataset\UIQD\images\5486.jpg,uiqd,2.0,0.25,test,0.17486617,0.3927557,0.34053832,0.266706,0.4326401,0.5303407,0.47145796,0.5706105,0.5527026,0.54352814,0.534144
D:\uwiqa_dataset\UIQD\images\5410.jpg,uiqd,3.666666667,0.66666666675,test,0.61229795,0.48950267,0.14099544,0.36950192,0.2905017,0.42388883,0.5167335,0.5814707,0.5209977,0.6044563,0.560144
D:\uwiqa_dataset\UIQD\images\3359.jpg,uiqd,1.166666667,0.041666666750000025,test,0.052280392,0.37358198,0.16455552,0.46186253,0.5572662,0.4511875,0.45414826,0.5799855,0.5635074,0.4784363,0.48191634
D:\uwiqa_dataset\UIQD\images\1739.jpg,uiqd,2.0,0.25,test,0.27926406,0.45668304,0.31843248,0.22488448,0.4961799,0.47472414,0.46919024,0.5801791,0.53487337,0.503926,0.5120109
D:\uwiqa_dataset\UIQD\images\2264.jpg,uiqd,1.666666667,0.16666666675000003,test,0.12456201,0.34250548,0.18780912,0.46968544,0.5408083,0.4437385,0.47313607,0.5745647,0.53856677,0.4861089,0.4830612
D:\uwiqa_dataset\UIQD\images\5516.jpg,uiqd,3.75,0.6875,test,0.7410794,0.48417908,0.25238085,0.26343998,0.43409598,0.5429012,0.40949056,0.35016286,0.4452554,0.34878716,0.43595418
D:\uwiqa_dataset\UIQD\images\2260.jpg,uiqd,1.333333333,0.08333333324999997,test,0.16019285,0.3622056,0.31378537,0.32400906,0.57498974,0.48151597,0.44691554,0.5875857,0.58060306,0.47885594,0.52745414
D:\uwiqa_dataset\UIQD\images\1085.jpg,uiqd,4.083333333,0.7708333332499999,test,0.7369655,0.5032141,0.17580007,0.32098582,0.29595032,0.6708787,0.5200034,0.3222245,0.6126687,0.5925108,0.42630613
D:\uwiqa_dataset\UIQD\images\1635.jpg,uiqd,1.75,0.1875,test,0.21325819,0.39316425,0.31601682,0.29081896,0.48578775,0.4990776,0.44744903,0.5569419,0.5305562,0.4824291,0.5292406
D:\uwiqa_dataset\UIQD\images\5120.jpg,uiqd,2.75,0.4375,test,0.5489045,0.5257278,0.1910031,0.28326905,0.38022584,0.4867319,0.520001,0.50975597,0.5266309,0.5354377,0.49150142
D:\uwiqa_dataset\UIQD\images\4012.jpg,uiqd,4.333333333,0.8333333332499999,test,0.85049736,0.47675672,0.16274233,0.360501,0.42504275,0.57058656,0.47947812,0.42553505,0.5408052,0.48517323,0.4674663
D:\uwiqa_dataset\UIQD\images\5493.jpg,uiqd,1.333333333,0.08333333324999997,test,0.049218792,0.4450485,0.23825753,0.31669396,0.43543237,0.5165321,0.4498275,0.6129826,0.59267974,0.55592424,0.54397666
D:\uwiqa_dataset\UIQD\images\2670.jpg,uiqd,2.666666667,0.41666666674999997,test,0.47852305,0.48884133,0.22901392,0.28214476,0.41518962,0.4865852,0.47723147,0.53526366,0.54243255,0.5353419,0.52198374
D:\uwiqa_dataset\UIQD\images\5684.jpg,uiqd,1.916666667,0.22916666675000003,test,0.25484943,0.42831197,0.32703137,0.2446567,0.51125276,0.4819291,0.4423188,0.5611205,0.5275703,0.4692703,0.5150979
D:\uwiqa_dataset\UIQD\images\5490.jpg,uiqd,4.5,0.875,test,0.92679876,0.5458217,0.13958186,0.31459647,0.45383695,0.5032544,0.46772403,0.3813042,0.5103355,0.38012266,0.42564654
D:\uwiqa_dataset\UIQD\images\2465.jpg,uiqd,3.666666667,0.66666666675,test,0.8244025,0.5461241,0.14861436,0.3052615,0.35192847,0.6357451,0.47153628,0.3181,0.5725769,0.5183442,0.44325754
D:\uwiqa_dataset\UIQD\images\1722.jpg,uiqd,2.333333333,0.33333333325000003,test,0.32931247,0.46110752,0.24190418,0.29698834,0.52575743,0.4744932,0.43986398,0.5698802,0.5360917,0.46185207,0.5203913
D:\uwiqa_dataset\UIQD\images\5770.jpg,uiqd,1.583333333,0.14583333324999997,test,0.079493895,0.36518154,0.45404232,0.18077616,0.42920575,0.5537608,0.45308095,0.59315485,0.55477196,0.56093323,0.5308411
D:\uwiqa_dataset\UIQD\images\1213.jpg,uiqd,1.833333333,0.20833333324999997,test,0.14940155,0.31185958,0.34585324,0.3422872,0.45401454,0.49681187,0.47661442,0.5558131,0.5474133,0.52702963,0.5207362
D:\uwiqa_dataset\UIQD\images\3039.jpg,uiqd,3.0,0.5,test,0.6138582,0.5912591,0.17520858,0.23353225,0.38531104,0.53672385,0.5201544,0.4829122,0.5266027,0.53660667,0.5307362
D:\uwiqa_dataset\UIQD\images\3205.jpg,uiqd,2.083333333,0.27083333325000003,test,0.42849264,0.4406233,0.24088672,0.31848988,0.52329975,0.47680947,0.42206466,0.5805878,0.54541904,0.45801926,0.53182817
D:\uwiqa_dataset\UIQD\images\1670.jpg,uiqd,3.666666667,0.66666666675,test,0.67019844,0.53032714,0.16761915,0.30205372,0.31412148,0.5759109,0.5503007,0.41661227,0.5855551,0.57516646,0.5352364
D:\uwiqa_dataset\UIQD\images\5648.jpg,uiqd,3.333333333,0.58333333325,test,0.5840094,0.46932474,0.27225673,0.2584185,0.44221193,0.5136946,0.4976759,0.4043394,0.48219946,0.3616858,0.5237882
D:\uwiqa_dataset\UIQD\images\2035.jpg,uiqd,1.666666667,0.16666666675000003,test,0.15689307,0.37105766,0.433601,0.19534135,0.4124433,0.554568,0.47733206,0.5660809,0.5459729,0.57106274,0.522179
D:\uwiqa_dataset\UIQD\images\1700.jpg,uiqd,2.75,0.4375,test,0.4292926,0.5350689,0.26644248,0.19848865,0.52976316,0.44450516,0.44309288,0.4963079,0.5003681,0.4186074,0.44962758
D:\uwiqa_dataset\UIQD\images\3120.jpg,uiqd,2.5,0.375,test,0.3163655,0.41916868,0.2813549,0.29947644,0.4966026,0.46207199,0.46898955,0.5460504,0.55425906,0.48587728,0.50281787
D:\uwiqa_dataset\UIQD\images\319.jpg,uiqd,3.666666667,0.66666666675,test,0.58942664,0.7296496,0.083936505,0.18641384,0.3334686,0.7208525,0.5434381,0.28139073,0.6402762,0.5490216,0.42974833
D:\uwiqa_dataset\UIQD\images\5892.jpg,uiqd,1.25,0.0625,test,0.025775038,0.35485148,0.15074009,0.49440843,0.49148357,0.43732396,0.48483095,0.5902759,0.5357914,0.5207221,0.49599227
D:\uwiqa_dataset\UIQD\images\4590.jpg,uiqd,3.583333333,0.64583333325,test,0.66485035,0.5393493,0.11192713,0.34872362,0.26709694,0.43713066,0.5352152,0.5431468,0.5495863,0.5992434,0.57359546
D:\uwiqa_dataset\UIQD\images\4926.jpg,uiqd,1.333333333,0.08333333324999997,test,0.056642506,0.33702904,0.4753375,0.1876335,0.43571815,0.5631527,0.4562979,0.5896164,0.5041284,0.5591621,0.5179728
D:\uwiqa_dataset\UIQD\images\1023.jpg,uiqd,1.25,0.0625,test,0.06511686,0.37340245,0.3899684,0.23662916,0.4163002,0.55341774,0.4707377,0.59248555,0.54449534,0.57334965,0.5274816
D:\uwiqa_dataset\UIQD\images\623.jpg,uiqd,3.0,0.5,test,0.364189,0.7039989,0.1564219,0.13957927,0.35980427,0.6883914,0.44918063,0.39031342,0.5981314,0.53745896,0.5097387
D:\uwiqa_dataset\UIQD\images\4605.jpg,uiqd,2.166666667,0.29166666674999997,test,0.31287017,0.42350382,0.29863533,0.27786076,0.4927527,0.48615882,0.44726896,0.56028223,0.5266747,0.4694797,0.53362566
D:\uwiqa_dataset\UIQD\images\5788.jpg,uiqd,2.333333333,0.33333333325000003,test,0.2979613,0.40760115,0.26289323,0.3295056,0.48139334,0.49859828,0.43325773,0.57950354,0.58366936,0.50806034,0.53453743
D:\uwiqa_dataset\UIQD\images\4376.jpg,uiqd,1.083333333,0.020833333249999975,test,0.01553508,0.421763,0.2017981,0.37643895,0.46157435,0.4503439,0.493289,0.6111303,0.5214739,0.5506436,0.4923656
D:\uwiqa_dataset\UIQD\images\3930.jpg,uiqd,2.25,0.3125,test,0.3327299,0.3966647,0.3202921,0.2830432,0.49907628,0.46790367,0.47108728,0.5460762,0.49634925,0.46173328,0.5079099
D:\uwiqa_dataset\UIQD\images\5433.jpg,uiqd,1.25,0.0625,test,0.09281355,0.30902508,0.25955674,0.43141812,0.5158948,0.4577805,0.4541891,0.62177664,0.58178604,0.522964,0.5166592
D:\uwiqa_dataset\UIQD\images\394.jpg,uiqd,1.166666667,0.041666666750000025,test,0.07858604,0.34017918,0.51138204,0.14843877,0.4667454,0.5192027,0.47297063,0.58342326,0.5031125,0.5316017,0.5052733
D:\uwiqa_dataset\UIQD\images\89.jpg,uiqd,1.333333333,0.08333333324999997,test,0.06723783,0.36767453,0.43466926,0.1976562,0.43294978,0.55012095,0.45868,0.5695647,0.5507616,0.54417485,0.5341649
D:\uwiqa_dataset\UIQD\images\466.jpg,uiqd,1.583333333,0.14583333324999997,test,0.1307129,0.34088868,0.40529177,0.25381953,0.50323313,0.48065752,0.4260201,0.59788966,0.60873806,0.5035493,0.5373388
D:\uwiqa_dataset\UIQD\images\234.jpg,uiqd,1.75,0.1875,test,0.19643429,0.3117028,0.33281437,0.35548285,0.47117937,0.49106777,0.44721407,0.58062035,0.57972354,0.5224408,0.5273439
D:\uwiqa_dataset\UIQD\images\6002.jpg,uiqd,3.833333333,0.70833333325,test,0.73685,0.43149176,0.28994554,0.27856266,0.45534757,0.48839033,0.41501,0.38407555,0.5085386,0.35727492,0.40983978
D:\uwiqa_dataset\UIQD\images\865.jpg,uiqd,2.75,0.4375,test,0.3869578,0.42492467,0.25385377,0.32122153,0.51939005,0.46896344,0.4439692,0.5565097,0.5140197,0.4523537,0.5262356
D:\uwiqa_dataset\UIQD\images\209.jpg,uiqd,1.416666667,0.10416666675000003,test,0.055711847,0.24980836,0.120659746,0.62953186,0.53626853,0.45471492,0.44728723,0.62132776,0.564051,0.51243263,0.49654928
D:\uwiqa_dataset\UIQD\images\4866.jpg,uiqd,1.916666667,0.22916666675000003,test,0.26939276,0.45739302,0.2733397,0.26926726,0.48865372,0.49821043,0.46585467,0.53110904,0.5148142,0.46149448,0.47283468
D:\uwiqa_dataset\UIQD\images\562.jpg,uiqd,2.833333333,0.45833333325000003,test,0.622433,0.5113021,0.25384688,0.23485096,0.3053543,0.6185161,0.5650953,0.44027355,0.5977914,0.63246447,0.4537157
D:\uwiqa_dataset\UIQD\images\5444.jpg,uiqd,3.833333333,0.70833333325,test,0.6907826,0.55301154,0.1762855,0.27070296,0.47783002,0.461996,0.46769252,0.4107764,0.44802773,0.35435316,0.47309327
D:\uwiqa_dataset\UIQD\images\5235.jpg,uiqd,2.583333333,0.39583333325000003,test,0.33766004,0.42742997,0.30861232,0.26395774,0.58749986,0.4405514,0.42532143,0.67050415,0.60507524,0.49329507,0.5598319
D:\uwiqa_dataset\UIQD\images\1176.jpg,uiqd,2.25,0.3125,test,0.25671676,0.45135415,0.19445206,0.35419384,0.4204783,0.4356202,0.4728957,0.5427139,0.5797409,0.4956763,0.48916367
D:\uwiqa_dataset\UIQD\images\5320.jpg,uiqd,2.333333333,0.33333333325000003,test,0.28564402,0.52979344,0.18584795,0.28435865,0.42868403,0.45711565,0.50029075,0.53834355,0.5380835,0.5257208,0.5045858
D:\uwiqa_dataset\UIQD\images\764.jpg,uiqd,3.833333333,0.70833333325,test,0.6265604,0.48382443,0.27458933,0.2415862,0.47109163,0.5368861,0.35654923,0.38879862,0.45412305,0.38569683,0.4727601
D:\uwiqa_dataset\UIQD\images\3506.jpg,uiqd,3.333333333,0.58333333325,test,0.46043608,0.42924705,0.26500577,0.30574712,0.4932413,0.48987982,0.45151058,0.546999,0.5336055,0.48964608,0.5149593
D:\uwiqa_dataset\UIQD\images\6085.jpg,uiqd,3.916666667,0.72916666675,test,0.76475376,0.48453152,0.19680473,0.31866378,0.38091072,0.53236437,0.45942917,0.3837312,0.45247495,0.378201,0.40861684
D:\uwiqa_dataset\UIQD\images\3780.jpg,uiqd,1.333333333,0.08333333324999997,test,0.10792012,0.43046317,0.3065933,0.2629436,0.45195708,0.51401836,0.48536336,0.57191503,0.50930935,0.535516,0.51285905
D:\uwiqa_dataset\UIQD\images\6049.jpg,uiqd,1.5,0.125,test,0.09825666,0.41001981,0.41155082,0.17842937,0.4191595,0.55704856,0.48217496,0.5453188,0.52943766,0.54554516,0.5292072
D:\uwiqa_dataset\UIQD\images\3505.jpg,uiqd,3.666666667,0.66666666675,test,0.757222,0.598508,0.1142995,0.28719252,0.48753676,0.4402251,0.45424628,0.47775468,0.5481423,0.44967192,0.46514112
D:\uwiqa_dataset\UIQD\images\2900.jpg,uiqd,3.166666667,0.54166666675,test,0.6756913,0.486565,0.2181045,0.29533055,0.51834446,0.47891504,0.43550846,0.5351372,0.5002401,0.44784003,0.5166918
D:\uwiqa_dataset\UIQD\images\3521.jpg,uiqd,1.416666667,0.10416666675000003,test,0.07432214,0.2449685,0.18694665,0.56808484,0.5269004,0.45312163,0.46007827,0.60021824,0.56511873,0.5100205,0.5017809
D:\uwiqa_dataset\UIQD\images\2698.jpg,uiqd,2.0,0.25,test,0.22096032,0.42680424,0.26328567,0.30991006,0.48923942,0.4981102,0.40413246,0.53459126,0.5654594,0.4923256,0.53602046
D:\uwiqa_dataset\UIQD\images\5805.jpg,uiqd,2.416666667,0.35416666674999997,test,0.38706785,0.41315222,0.24072386,0.34612393,0.5305531,0.47978386,0.41896293,0.60376966,0.631449,0.48829067,0.5140538
D:\uwiqa_dataset\UIQD\images\626.jpg,uiqd,1.416666667,0.10416666675000003,test,0.06728379,0.38074917,0.32905877,0.290192,0.48163578,0.4882265,0.46791902,0.60370183,0.5121499,0.52486104,0.5028386
D:\uwiqa_dataset\UIQD\images\2346.jpg,uiqd,1.666666667,0.16666666675000003,test,0.23304765,0.33633637,0.32326198,0.34040165,0.48281604,0.48798206,0.42920715,0.59898454,0.60781324,0.51680666,0.53925955
D:\uwiqa_dataset\UIQD\images\3124.jpg,uiqd,1.333333333,0.08333333324999997,test,0.017405,0.3493703,0.47767177,0.17295791,0.47621536,0.5122764,0.45548916,0.60291207,0.5288204,0.53391075,0.50490755
D:\uwiqa_dataset\UIQD\images\3790.jpg,uiqd,1.5,0.125,test,0.16523924,0.34392765,0.34971434,0.30635804,0.48923013,0.48372623,0.4614808,0.55732787,0.55137897,0.5035624,0.50900126
D:\uwiqa_dataset\UIQD\images\1080.jpg,uiqd,1.5,0.125,test,0.09954919,0.283423,0.21797659,0.49860042,0.525746,0.46444413,0.44681346,0.602803,0.5847659,0.5085283,0.5133272
D:\uwiqa_dataset\UIQD\images\3500.jpg,uiqd,1.416666667,0.10416666675000003,test,0.14973217,0.31584287,0.35008037,0.33407673,0.47633582,0.48673764,0.45381045,0.5884912,0.54993784,0.5145698,0.52719855
D:\uwiqa_dataset\UIQD\images\5091.jpg,uiqd,2.583333333,0.39583333325000003,test,0.32704297,0.35330158,0.26477894,0.3819195,0.4853376,0.48382333,0.4648922,0.5689903,0.5472907,0.5080659,0.513944
D:\uwiqa_dataset\UIQD\images\5007.jpg,uiqd,1.583333333,0.14583333324999997,test,0.20242146,0.36413386,0.35527018,0.28059596,0.45204324,0.5119247,0.47459826,0.5567403,0.5348949,0.51772517,0.52798486
D:\uwiqa_dataset\UIQD\images\2597.jpg,uiqd,2.666666667,0.41666666674999997,test,0.3568338,0.421611,0.24150984,0.3368792,0.52125674,0.46221006,0.40291297,0.59696513,0.5567721,0.49053594,0.5416137
D:\uwiqa_dataset\UIQD\images\2580.jpg,uiqd,2.416666667,0.35416666674999997,test,0.402952,0.43606552,0.334059,0.2298755,0.5284085,0.43601483,0.40659088,0.41638678,0.4887023,0.39413652,0.47194993
D:\uwiqa_dataset\UIQD\images\1194.jpg,uiqd,4.0,0.75,test,0.517203,0.41352192,0.09155132,0.49492684,0.22548637,0.45965067,0.50110465,0.55429196,0.5558727,0.6384045,0.5405265
D:\uwiqa_dataset\UIQD\images\6188.jpg,uiqd,3.416666667,0.60416666675,test,0.61113816,0.4281375,0.33085012,0.24101236,0.46879798,0.51068205,0.47200486,0.45880035,0.46642113,0.4069143,0.50117266
D:\uwiqa_dataset\UIQD\images\4241.jpg,uiqd,2.416666667,0.35416666674999997,test,0.4121897,0.46305174,0.28046012,0.25648823,0.45713928,0.49646,0.4492831,0.49530745,0.49243787,0.46853054,0.5249445
D:\uwiqa_dataset\UIQD\images\1860.jpg,uiqd,1.25,0.0625,test,0.047281973,0.3300487,0.21173625,0.4582151,0.4756617,0.43604547,0.5022857,0.57563084,0.549454,0.52852726,0.5062173
D:\uwiqa_dataset\UIQD\images\2699.jpg,uiqd,3.583333333,0.64583333325,test,0.69506407,0.4763484,0.23910895,0.2845427,0.4464734,0.54143,0.4593625,0.3972561,0.4709249,0.41070166,0.54400086
D:\uwiqa_dataset\UIQD\images\2982.jpg,uiqd,1.75,0.1875,test,0.15474007,0.33906353,0.3415096,0.31942686,0.43614346,0.5086402,0.46022117,0.57966846,0.5887306,0.5421242,0.5430188
D:\uwiqa_dataset\UIQD\images\5292.jpg,uiqd,2.5,0.375,test,0.40555537,0.45529026,0.27159914,0.2731106,0.52952313,0.47124872,0.4002588,0.5893369,0.5665773,0.45771006,0.52918833
D:\uwiqa_dataset\UIQD\images\473.jpg,uiqd,3.916666667,0.72916666675,test,0.7403939,0.5789688,0.13285775,0.2881734,0.5849522,0.3973709,0.42972136,0.47807652,0.46410167,0.39961272,0.49762022
D:\uwiqa_dataset\UIQD\images\612.jpg,uiqd,1.5,0.125,test,0.1842914,0.37463668,0.24980403,0.3755592,0.48927715,0.45619595,0.4151096,0.6456265,0.59511113,0.5157026,0.52807105
D:\uwiqa_dataset\UIQD\images\866.jpg,uiqd,1.666666667,0.16666666675000003,test,0.14704144,0.38870576,0.31898123,0.29231295,0.43824723,0.5331717,0.44546986,0.58854806,0.5662357,0.54397637,0.5367387
D:\uwiqa_dataset\UIQD\images\5041.jpg,uiqd,3.5,0.625,test,0.6284452,0.4887745,0.18602644,0.32519904,0.36617136,0.45938838,0.5588379,0.4391042,0.52361155,0.49707583,0.56795704
D:\uwiqa_dataset\UIQD\images\199.jpg,uiqd,4.0,0.75,test,0.8657632,0.66067713,0.10152301,0.23779985,0.45502827,0.5467024,0.42187583,0.36796948,0.5117977,0.38848573,0.50530624
D:\uwiqa_dataset\UIQD\images\231.jpg,uiqd,3.333333333,0.58333333325,test,0.58268684,0.4560147,0.24663363,0.29735166,0.4723443,0.51141214,0.4361642,0.504563,0.49781495,0.45240802,0.44509795
D:\uwiqa_dataset\UIQD\images\3096.jpg,uiqd,2.166666667,0.29166666674999997,test,0.25895777,0.39289925,0.2811368,0.32596397,0.5088007,0.4746784,0.44574544,0.5937384,0.5735649,0.49738812,0.5249999
D:\uwiqa_dataset\UIQD\images\3190.jpg,uiqd,2.166666667,0.29166666674999997,test,0.33404177,0.41403493,0.25550932,0.33045566,0.62789553,0.45483,0.393059,0.66874325,0.6591253,0.47118074,0.5641923
D:\uwiqa_dataset\UIQD\images\2167.jpg,uiqd,3.666666667,0.66666666675,test,0.72164375,0.5467533,0.16496949,0.28827727,0.42795405,0.6255133,0.4264393,0.3389022,0.55122066,0.40655482,0.46543005
D:\uwiqa_dataset\UIQD\images\5539.jpg,uiqd,3.5,0.625,test,0.6163091,0.525283,0.1445633,0.3301537,0.27986053,0.4372118,0.5354094,0.55209315,0.5403987,0.59778297,0.5691747
D:\uwiqa_dataset\UIQD\images\3143.jpg,uiqd,4.583333333,0.8958333332499999,test,0.9636896,0.5323783,0.07553582,0.39208585,0.31884593,0.53918785,0.4941984,0.3661857,0.5202275,0.4573982,0.44359526
D:\uwiqa_dataset\UIQD\images\1633.jpg,uiqd,2.083333333,0.27083333325000003,test,0.34102717,0.3920883,0.26555595,0.34235576,0.56091577,0.48060003,0.42305845,0.5859562,0.6061188,0.48211038,0.5206056
D:\uwiqa_dataset\UIQD\images\3887.jpg,uiqd,3.333333333,0.58333333325,test,0.6190818,0.5947016,0.15372482,0.25157353,0.39064595,0.58570784,0.48413464,0.4433947,0.5710733,0.55802566,0.47154456
D:\uwiqa_dataset\UIQD\images\6022.jpg,uiqd,1.25,0.0625,test,0.04296121,0.40990955,0.19010065,0.39998975,0.48743334,0.42322782,0.5090673,0.5483828,0.5115821,0.48913348,0.4853112
D:\uwiqa_dataset\UIQD\images\4268.jpg,uiqd,1.166666667,0.041666666750000025,test,0.05946394,0.24425304,0.14766422,0.6080828,0.52896535,0.44658867,0.45651305,0.5944859,0.5941839,0.50518197,0.5120898
D:\uwiqa_dataset\UIQD\images\2705.jpg,uiqd,1.166666667,0.041666666750000025,test,0.06919629,0.32177186,0.08711659,0.5911115,0.53280866,0.45240307,0.4455374,0.62561244,0.5814088,0.5133656,0.51101935
D:\uwiqa_dataset\UIQD\images\3411.jpg,uiqd,1.166666667,0.041666666750000025,test,0.031303205,0.35939565,0.4105813,0.23002303,0.5309703,0.41342625,0.49386424,0.62489253,0.46971667,0.47516266,0.44206306
D:\uwiqa_dataset\UIQD\images\3163.jpg,uiqd,2.75,0.4375,test,0.45662543,0.5641182,0.17096739,0.2649144,0.48555312,0.47568262,0.475443,0.5478785,0.50993854,0.4867681,0.5008097
D:\uwiqa_dataset\UIQD\images\1513.jpg,uiqd,3.083333333,0.52083333325,test,0.48183683,0.48483872,0.21899179,0.29616943,0.55643845,0.46504736,0.43244246,0.5760869,0.54542315,0.44612652,0.51396286
D:\uwiqa_dataset\UIQD\images\1621.jpg,uiqd,3.083333333,0.52083333325,test,0.6202103,0.44639674,0.31122583,0.24237747,0.44639736,0.5236101,0.46516934,0.44217062,0.47194818,0.4657786,0.55895674
D:\uwiqa_dataset\UIQD\images\2452.jpg,uiqd,3.583333333,0.64583333325,test,0.6562559,0.4784781,0.24061722,0.28090468,0.48472875,0.5119366,0.3902471,0.42726368,0.46376586,0.33945218,0.5747769
D:\uwiqa_dataset\UIQD\images\5240.jpg,uiqd,1.5,0.125,test,0.08280474,0.34889224,0.47621256,0.17489527,0.4173966,0.58798504,0.44959903,0.5759711,0.5236398,0.5643028,0.532673
D:\uwiqa_dataset\UIQD\images\5783.jpg,uiqd,4.333333333,0.8333333332499999,test,0.6983585,0.47992566,0.23776224,0.2823121,0.52905595,0.45304468,0.42027667,0.49739262,0.50417644,0.43538654,0.49968383
D:\uwiqa_dataset\UIQD\images\5407.jpg,uiqd,1.833333333,0.20833333324999997,test,0.16697401,0.3483245,0.3152823,0.33639318,0.47037244,0.48587,0.47159716,0.55513954,0.5361138,0.5014249,0.52541924
D:\uwiqa_dataset\UIQD\images\4161.jpg,uiqd,2.083333333,0.27083333325000003,test,0.15990269,0.40955028,0.41295633,0.17749333,0.44777444,0.514003,0.48117122,0.5585162,0.5232229,0.524354,0.52613074
D:\uwiqa_dataset\UIQD\images\1075.jpg,uiqd,1.75,0.1875,test,0.25204757,0.385731,0.29720885,0.31706017,0.53879744,0.45974922,0.42905828,0.6070247,0.60316604,0.49976736,0.5178382
D:\uwiqa_dataset\UIQD\images\5428.jpg,uiqd,2.333333333,0.33333333325000003,test,0.3696029,0.4330744,0.2790564,0.28786916,0.47104338,0.49769762,0.44678736,0.57550484,0.5674699,0.5064712,0.5361933
D:\uwiqa_dataset\UIQD\images\309.jpg,uiqd,3.0,0.5,test,0.44101357,0.43348655,0.28004164,0.2864719,0.52227664,0.46377945,0.43522018,0.5567158,0.52755296,0.45383185,0.50050795
D:\uwiqa_dataset\UIQD\images\4375.jpg,uiqd,1.166666667,0.041666666750000025,test,-0.0051595634,0.39515746,0.22388469,0.38095784,0.49113262,0.44402465,0.48271802,0.60016334,0.5177173,0.5210816,0.49335346
D:\uwiqa_dataset\UIQD\images\4940.jpg,uiqd,1.833333333,0.20833333324999997,test,0.17957544,0.39496553,0.26981622,0.33521822,0.5339661,0.47344306,0.40741003,0.6138028,0.649467,0.4988835,0.5297832
D:\uwiqa_dataset\UIQD\images\4699.jpg,uiqd,4.0,0.75,test,0.6332904,0.6011898,0.10726561,0.29154462,0.29134315,0.43044943,0.5365728,0.5321273,0.54660016,0.5890832,0.57000375
D:\uwiqa_dataset\UIQD\images\4569.jpg,uiqd,3.25,0.5625,test,0.43463632,0.5392747,0.17431948,0.2864058,0.31142297,0.5221072,0.5313642,0.54142064,0.45088708,0.6191021,0.46401823
D:\uwiqa_dataset\UIQD\images\795.jpg,uiqd,4.583333333,0.8958333332499999,test,0.94715315,0.6520017,0.09018098,0.25781736,0.40658355,0.61380005,0.45940658,0.33771557,0.5763266,0.4399484,0.46047503
D:\uwiqa_dataset\UIQD\images\2700.jpg,uiqd,3.583333333,0.64583333325,test,0.6892241,0.517836,0.20857668,0.27358735,0.43245375,0.56359196,0.43876025,0.3865809,0.50706565,0.45398286,0.4638035
D:\uwiqa_dataset\UIQD\images\5956.jpg,uiqd,3.75,0.6875,test,0.6149257,0.46319512,0.24025826,0.29654658,0.3872653,0.4867486,0.5077932,0.47001645,0.46769196,0.44748387,0.49778873
D:\uwiqa_dataset\UIQD\images\1269.jpg,uiqd,2.166666667,0.29166666674999997,test,0.2834188,0.4660721,0.26735774,0.26657015,0.44177958,0.5268864,0.4830717,0.34466037,0.5763923,0.4662638,0.42828432
D:\uwiqa_dataset\UIQD\images\2021.jpg,uiqd,1.75,0.1875,test,0.15720604,0.4270661,0.3286673,0.24426661,0.45989415,0.508508,0.4896851,0.5562013,0.5114211,0.5197035,0.49786192
D:\uwiqa_dataset\UIQD\images\6096.jpg,uiqd,1.416666667,0.10416666675000003,test,0.007805829,0.40870497,0.13052516,0.4607699,0.46534094,0.4396181,0.4618723,0.647704,0.56434345,0.5560001,0.50511664
D:\uwiqa_dataset\UIQD\images\3606.jpg,uiqd,2.333333333,0.33333333325000003,test,0.3657338,0.44655827,0.29463473,0.258807,0.3793385,0.5864789,0.4771449,0.43533853,0.57548153,0.5482705,0.4819089
D:\uwiqa_dataset\UIQD\images\5442.jpg,uiqd,2.083333333,0.27083333325000003,test,0.18971375,0.6165765,0.27740023,0.106023274,0.42607728,0.47977385,0.49279803,0.33730137,0.54276145,0.3690482,0.48635262
D:\uwiqa_dataset\UIQD\images\1057.jpg,uiqd,3.333333333,0.58333333325,test,0.6430938,0.4502709,0.288441,0.2612882,0.46314007,0.50556386,0.44985238,0.48320356,0.5324311,0.45843297,0.46052057
D:\uwiqa_dataset\UIQD\images\2408.jpg,uiqd,2.25,0.3125,test,0.37161115,0.65292156,0.124620296,0.22245815,0.46676546,0.46459153,0.4803053,0.5478058,0.52797157,0.4913154,0.51747084
D:\uwiqa_dataset\UIQD\images\3800.jpg,uiqd,3.416666667,0.60416666675,test,0.7832177,0.66756517,0.085001476,0.24743335,0.4688193,0.5141876,0.47248545,0.50378895,0.50631565,0.5017406,0.51106197
D:\uwiqa_dataset\UIQD\images\5137.jpg,uiqd,3.416666667,0.60416666675,test,0.70229954,0.5439169,0.17212252,0.28396055,0.47594172,0.5179689,0.46444753,0.47044134,0.4748529,0.42582786,0.5301478
D:\uwiqa_dataset\UIQD\images\4462.jpg,uiqd,3.583333333,0.64583333325,test,0.7767803,0.5406275,0.14649466,0.31287786,0.29680035,0.62550193,0.51413614,0.37208444,0.5830475,0.58688146,0.41679695
D:\uwiqa_dataset\UIQD\images\5652.jpg,uiqd,2.666666667,0.41666666674999997,test,0.32141656,0.37831813,0.31409562,0.30758622,0.48522675,0.47999227,0.45390293,0.5992689,0.56527317,0.5125217,0.5309202
D:\uwiqa_dataset\UIQD\images\4491.jpg,uiqd,2.416666667,0.35416666674999997,test,0.40246037,0.44125867,0.27671576,0.28202564,0.5253048,0.489916,0.41763228,0.57795423,0.57127136,0.4833406,0.5209045
D:\uwiqa_dataset\UIQD\images\4513.jpg,uiqd,3.666666667,0.66666666675,test,0.7683012,0.51492965,0.18766625,0.2974041,0.4658552,0.52670085,0.4429709,0.41851443,0.4867891,0.36377928,0.49133503
D:\uwiqa_dataset\UIQD\images\2440.jpg,uiqd,1.833333333,0.20833333324999997,test,0.22255737,0.41995618,0.3333804,0.24666342,0.42894545,0.5463206,0.4655184,0.5355634,0.5453356,0.51963466,0.5371896
D:\uwiqa_dataset\UIQD\images\1972.jpg,uiqd,1.916666667,0.22916666675000003,test,0.23284145,0.5970027,0.1871097,0.21588762,0.4880094,0.51731265,0.38584313,0.5943377,0.59893805,0.51676905,0.56948185
D:\uwiqa_dataset\UIQD\images\3784.jpg,uiqd,2.75,0.4375,test,0.42543474,0.44453686,0.23779109,0.31767204,0.48180354,0.48516503,0.4699694,0.5379537,0.5235484,0.49071166,0.5040372
D:\uwiqa_dataset\UIQD\images\2880.jpg,uiqd,1.75,0.1875,test,0.18141496,0.3282439,0.35295302,0.3188031,0.50216335,0.47586775,0.4665838,0.5564383,0.5067974,0.4751919,0.52172375
D:\uwiqa_dataset\UIQD\images\3795.jpg,uiqd,4.166666667,0.7916666667500001,test,0.802193,0.5282556,0.18708801,0.28465644,0.4243486,0.5617663,0.40113342,0.3147902,0.5195823,0.38231483,0.3865907
D:\uwiqa_dataset\UIQD\images\4872.jpg,uiqd,3.916666667,0.72916666675,test,0.76163995,0.5445369,0.20043483,0.25502828,0.43337008,0.52323943,0.48875815,0.4815295,0.5065525,0.48464355,0.5157732
D:\uwiqa_dataset\UIQD\images\240.jpg,uiqd,1.5,0.125,test,0.09995942,0.26895022,0.16455719,0.56649256,0.5368792,0.4595166,0.44821352,0.58825296,0.56987256,0.49342465,0.5026774
D:\uwiqa_dataset\UIQD\images\2345.jpg,uiqd,1.916666667,0.22916666675000003,test,0.1508275,0.4165506,0.23514926,0.3483001,0.4591147,0.4659381,0.50867337,0.5778336,0.5293591,0.543936,0.50478685
D:\uwiqa_dataset\UIQD\images\3809.jpg,uiqd,2.083333333,0.27083333325000003,test,0.2972599,0.53226125,0.22396389,0.24377488,0.52060384,0.43759492,0.47633207,0.47706956,0.49459255,0.4056638,0.52480537
D:\uwiqa_dataset\UIQD\images\5696.jpg,uiqd,4.0,0.75,test,0.71659625,0.4872349,0.2482739,0.26449123,0.4609648,0.53633577,0.4012103,0.39119714,0.49273798,0.3752408,0.44937298
D:\uwiqa_dataset\UIQD\images\545.jpg,uiqd,3.083333333,0.52083333325,test,0.6761299,0.51459885,0.15983027,0.32557082,0.48012286,0.5114072,0.47768864,0.46320432,0.45806292,0.42825624,0.5602067
D:\uwiqa_dataset\UIQD\images\2570.jpg,uiqd,2.25,0.3125,test,0.25591186,0.39286125,0.33334023,0.2737985,0.48174763,0.49685055,0.45426768,0.56357217,0.53863394,0.49668252,0.52347934
D:\uwiqa_dataset\UIQD\images\2104.jpg,uiqd,1.75,0.1875,test,0.1710464,0.31880814,0.30212075,0.37907112,0.50043947,0.4672565,0.47742438,0.53661716,0.5370436,0.47967422,0.5050763
D:\uwiqa_dataset\UIQD\images\264.jpg,uiqd,4.416666667,0.8541666667500001,test,0.85773855,0.6756407,0.07451491,0.24984439,0.3286494,0.69023794,0.5444941,0.3406146,0.61018986,0.5722687,0.45616153
D:\uwiqa_dataset\UIQD\images\4528.jpg,uiqd,2.75,0.4375,test,0.3899748,0.46734917,0.30063185,0.23201904,0.4823544,0.5041039,0.39100555,0.4039529,0.3992833,0.3218917,0.3789886
D:\uwiqa_dataset\UIQD\images\38.jpg,uiqd,2.25,0.3125,test,0.30595857,0.3701857,0.28687727,0.34293705,0.48127872,0.4954915,0.44125432,0.5740721,0.5579876,0.49484837,0.53694266
D:\uwiqa_dataset\UIQD\images\80.jpg,uiqd,1.75,0.1875,test,0.16995013,0.40443704,0.2800164,0.31554657,0.43741283,0.48153204,0.49790004,0.5930309,0.5652439,0.5689185,0.5169605
D:\uwiqa_dataset\UIQD\images\168.jpg,uiqd,1.75,0.1875,test,0.13353938,0.37096456,0.41290966,0.21612585,0.45368782,0.5249397,0.4848513,0.5564911,0.49401477,0.5235694,0.5123497
D:\uwiqa_dataset\UIQD\images\5193.jpg,uiqd,1.333333333,0.08333333324999997,test,0.058967076,0.4100015,0.22957309,0.36042544,0.4469056,0.48323113,0.4888625,0.5917894,0.5491003,0.55774295,0.5103011
D:\uwiqa_dataset\UIQD\images\1104.jpg,uiqd,3.416666667,0.60416666675,test,0.6778229,0.50619245,0.16872983,0.3250777,0.5488212,0.44253162,0.41882703,0.55155015,0.4861987,0.40982476,0.5129958
D:\uwiqa_dataset\UIQD\images\1150.jpg,uiqd,3.416666667,0.60416666675,test,0.71631247,0.543766,0.16992989,0.28630412,0.35802624,0.5743842,0.4811779,0.4183467,0.5446064,0.5255443,0.49803934
D:\uwiqa_dataset\UIQD\images\4776.jpg,uiqd,1.166666667,0.041666666750000025,test,0.039405055,0.27540183,0.10778685,0.6168113,0.5148426,0.43028334,0.48887295,0.6189536,0.5677146,0.5325282,0.5031724
D:\uwiqa_dataset\UIQD\images\4374.jpg,uiqd,3.333333333,0.58333333325,test,0.66740507,0.47068024,0.17780046,0.35151938,0.3045895,0.49111906,0.50872433,0.4869361,0.5476064,0.56363904,0.545186
D:\uwiqa_dataset\UIQD\images\4559.jpg,uiqd,1.25,0.0625,test,0.049085777,0.33619052,0.39326465,0.2705448,0.4762386,0.49178317,0.46023554,0.5989742,0.53891766,0.5227273,0.5194742
D:\uwiqa_dataset\UIQD\images\4553.jpg,uiqd,3.833333333,0.70833333325,test,0.72733814,0.456285,0.2509817,0.29273322,0.4113517,0.5848363,0.47362986,0.3765974,0.54358613,0.47136247,0.3888948
D:\uwiqa_dataset\UIQD\images\5757.jpg,uiqd,1.583333333,0.14583333324999997,test,0.059557397,0.2861241,0.16624813,0.54762775,0.518219,0.42793807,0.4917838,0.6197378,0.543405,0.529287,0.48845744
D:\uwiqa_dataset\UIQD\images\6203.jpg,uiqd,2.916666667,0.47916666674999997,test,0.39613345,0.4302076,0.250601,0.31919143,0.5897616,0.47371876,0.4222326,0.58087015,0.58273,0.4631897,0.513572
D:\uwiqa_dataset\UIQD\images\4950.jpg,uiqd,2.916666667,0.47916666674999997,test,0.6025991,0.4570251,0.2826769,0.260298,0.31531882,0.4739919,0.5506333,0.45888817,0.5537304,0.5564654,0.54769576
D:\uwiqa_dataset\UIQD\images\5171.jpg,uiqd,1.833333333,0.20833333324999997,test,0.12942357,0.32775602,0.39898145,0.27326256,0.45975894,0.5079265,0.4755203,0.57289636,0.5140022,0.53168535,0.5070732
D:\uwiqa_dataset\UIQD\images\6143.jpg,uiqd,2.416666667,0.35416666674999997,test,0.41135243,0.42966816,0.29269418,0.27763766,0.48615238,0.46132413,0.49922267,0.5251335,0.5073116,0.4771742,0.501061
D:\uwiqa_dataset\UIQD\images\2532.jpg,uiqd,4.166666667,0.7916666667500001,test,0.852615,0.6292709,0.117280364,0.2534487,0.36416823,0.6187105,0.50907093,0.32361358,0.6020027,0.4691155,0.41110015
D:\uwiqa_dataset\UIQD\images\1554.jpg,uiqd,2.25,0.3125,test,0.40056184,0.42843774,0.3157548,0.2558074,0.4411094,0.5101728,0.4902492,0.39655623,0.5262712,0.47202674,0.5126575
D:\uwiqa_dataset\UIQD\images\51.jpg,uiqd,1.916666667,0.22916666675000003,test,0.25151378,0.4556478,0.33214855,0.21220367,0.47058374,0.50787306,0.44983304,0.54373395,0.52617687,0.4778904,0.53527385
D:\uwiqa_dataset\UIQD\images\627.jpg,uiqd,4.0,0.75,test,0.7792228,0.4997651,0.16402651,0.33620843,0.40721232,0.57791954,0.46517038,0.37366083,0.4951651,0.43961662,0.5114537
D:\uwiqa_dataset\UIQD\images\2911.jpg,uiqd,4.583333333,0.8958333332499999,test,0.93225706,0.5562112,0.047731485,0.39605737,0.2375478,0.47724143,0.50752985,0.4596022,0.5576721,0.6045039,0.5316697
D:\uwiqa_dataset\UIQD\images\6276.jpg,uiqd,2.75,0.4375,test,0.46156994,0.5234405,0.19655675,0.2800028,0.54397225,0.4791681,0.4577791,0.5519416,0.53758377,0.45638102,0.4997505
D:\uwiqa_dataset\UIQD\images\3212.jpg,uiqd,2.666666667,0.41666666674999997,test,0.45201668,0.48663425,0.27492926,0.23843648,0.53669685,0.40430105,0.43545324,0.5240413,0.51919323,0.38970134,0.47013587
D:\uwiqa_dataset\UIQD\images\4484.jpg,uiqd,1.333333333,0.08333333324999997,test,0.09015987,0.34880167,0.21167643,0.43952188,0.5167239,0.45416787,0.44971424,0.6433874,0.5599438,0.5292309,0.49747947
D:\uwiqa_dataset\UIQD\images\1873.jpg,uiqd,2.166666667,0.29166666674999997,test,0.22489318,0.42699778,0.27564737,0.29735482,0.5242673,0.45472035,0.4287106,0.6275896,0.5330098,0.51183456,0.57692045
D:\uwiqa_dataset\UIQD\images\3259.jpg,uiqd,2.833333333,0.45833333325000003,test,0.47623643,0.50645095,0.19539723,0.29815185,0.41991234,0.49797046,0.44675726,0.52670676,0.51234996,0.51739013,0.56181663
D:\uwiqa_dataset\UIQD\images\2485.jpg,uiqd,2.333333333,0.33333333325000003,test,0.39511356,0.4338998,0.33663908,0.22946113,0.4991121,0.48801863,0.4273525,0.5022716,0.47482672,0.42061839,0.5004891
D:\uwiqa_dataset\UIQD\images\2654.jpg,uiqd,1.5,0.125,test,0.12281456,0.2897678,0.20608641,0.50414574,0.5218534,0.42966756,0.48035958,0.6137538,0.5866291,0.5269483,0.5072219
D:\uwiqa_dataset\UIQD\images\6283.jpg,uiqd,4.75,0.9375,test,0.8235,0.49572542,0.14365321,0.36062136,0.54631215,0.46052024,0.3775814,0.47121564,0.45104215,0.3817627,0.50090635
D:\uwiqa_dataset\UIQD\images\5481.jpg,uiqd,2.5,0.375,test,0.38279995,0.44584295,0.30701512,0.24714188,0.48887688,0.5173588,0.39186814,0.50586957,0.520677,0.4515449,0.5402048
D:\uwiqa_dataset\UIQD\images\1534.jpg,uiqd,2.5,0.375,test,0.3451992,0.4656048,0.32396135,0.21043384,0.4452501,0.5157136,0.44410887,0.4153811,0.45774305,0.3874439,0.40007097
D:\uwiqa_dataset\UIQD\images\1673.jpg,uiqd,4.0,0.75,test,0.7428203,0.515547,0.23431973,0.2501333,0.43929783,0.53240335,0.41304246,0.3870166,0.5188087,0.3326625,0.4813885
D:\uwiqa_dataset\UIQD\images\2132.jpg,uiqd,1.833333333,0.20833333324999997,test,0.22701222,0.40127364,0.33834633,0.26037997,0.52086395,0.4773281,0.44212875,0.57158315,0.5348518,0.46844995,0.5235911
D:\uwiqa_dataset\UIQD\images\5163.jpg,uiqd,4.333333333,0.8333333332499999,test,0.8401161,0.49805802,0.16533051,0.3366114,0.3996748,0.5370579,0.4573232,0.31421745,0.58191043,0.34713298,0.40594715
D:\uwiqa_dataset\UIQD\images\5362.jpg,uiqd,1.666666667,0.16666666675000003,test,0.11984777,0.42116678,0.3789341,0.19989914,0.43611693,0.53343284,0.47833213,0.5253361,0.52630824,0.5076346,0.5335322
D:\uwiqa_dataset\UIQD\images\731.jpg,uiqd,1.083333333,0.020833333249999975,test,0.013924998,0.37794003,0.4169988,0.20506115,0.46280822,0.5097513,0.46082452,0.60243773,0.5395108,0.54223144,0.5106345
D:\uwiqa_dataset\UIQD\images\1962.jpg,uiqd,1.333333333,0.08333333324999997,test,0.0455285,0.36523533,0.5023576,0.13240707,0.4851032,0.4774119,0.44605994,0.6739467,0.4611653,0.5563911,0.4441925
D:\uwiqa_dataset\UIQD\images\2454.jpg,uiqd,1.583333333,0.14583333324999997,test,0.12430279,0.32317874,0.34810668,0.32871464,0.4921404,0.47664908,0.46840292,0.5818561,0.51969576,0.5086245,0.5032722
D:\uwiqa_dataset\UIQD\images\2458.jpg,uiqd,3.583333333,0.64583333325,test,0.77553314,0.5975555,0.12827635,0.27416813,0.34127775,0.63164616,0.50825685,0.33459386,0.60594296,0.5463462,0.4530875
D:\uwiqa_dataset\UIQD\images\5272.jpg,uiqd,2.166666667,0.29166666674999997,test,0.3695337,0.45683673,0.36687818,0.17628516,0.4491505,0.5140946,0.48724043,0.52210325,0.5185706,0.50740784,0.5047471
D:\uwiqa_dataset\UIQD\images\94.jpg,uiqd,2.916666667,0.47916666674999997,test,0.4934395,0.5041914,0.18468206,0.31112656,0.43192258,0.46420482,0.49277967,0.5188405,0.52289826,0.48002973,0.48328033
D:\uwiqa_dataset\UIQD\images\2859.jpg,uiqd,3.0,0.5,test,0.5954254,0.46664363,0.26224813,0.27110824,0.42277238,0.49665812,0.43680173,0.52511376,0.5235964,0.47637102,0.4796478
D:\uwiqa_dataset\UIQD\images\5133.jpg,uiqd,4.25,0.8125,test,0.9189591,0.6367619,0.071076296,0.2921617,0.3944191,0.5493628,0.4771342,0.35058203,0.59456855,0.4099327,0.4259067
D:\uwiqa_dataset\UIQD\images\1685.jpg,uiqd,1.75,0.1875,test,0.22912627,0.36614987,0.33984113,0.29400906,0.4383721,0.525839,0.4711743,0.56076485,0.55016285,0.54086727,0.5252032
D:\uwiqa_dataset\UIQD\images\4851.jpg,uiqd,1.416666667,0.10416666675000003,test,0.10212889,0.342476,0.40148565,0.25603837,0.46890378,0.49413666,0.4842988,0.569993,0.5118165,0.5188364,0.5120169
D:\uwiqa_dataset\UIQD\images\970.jpg,uiqd,1.75,0.1875,test,0.16340333,0.549881,0.2179862,0.23213285,0.51013464,0.46981633,0.41134024,0.539321,0.55895245,0.4926952,0.5300419
D:\uwiqa_dataset\UIQD\images\1340.jpg,uiqd,3.5,0.625,test,0.7769895,0.60450697,0.11538412,0.2801089,0.38193244,0.5846456,0.50503176,0.47538853,0.5634472,0.5738125,0.48185888
D:\uwiqa_dataset\UIQD\images\5379.jpg,uiqd,2.416666667,0.35416666674999997,test,0.3867328,0.41886854,0.32863095,0.25250047,0.49168372,0.47567183,0.46971792,0.56931114,0.5332899,0.49829724,0.513296
D:\uwiqa_dataset\UIQD\images\477.jpg,uiqd,3.666666667,0.66666666675,test,0.8896784,0.62559885,0.09687538,0.27752575,0.37636086,0.54508865,0.45172825,0.38174695,0.58337766,0.45415017,0.43264332
D:\uwiqa_dataset\UIQD\images\1771.jpg,uiqd,2.25,0.3125,test,0.34676456,0.40404934,0.23077947,0.36517116,0.51492965,0.46096694,0.4659678,0.55959994,0.5339511,0.48887733,0.491939
D:\uwiqa_dataset\UIQD\images\2446.jpg,uiqd,1.583333333,0.14583333324999997,test,0.18319717,0.34886935,0.3132989,0.3378318,0.4959295,0.48217246,0.45402557,0.5600401,0.5380931,0.48222584,0.52192676
D:\uwiqa_dataset\UIQD\images\1162.jpg,uiqd,1.75,0.1875,test,0.24666293,0.43417913,0.2834784,0.2823425,0.45170158,0.5143134,0.4914452,0.5399182,0.50303733,0.51347554,0.51600325
D:\uwiqa_dataset\UIQD\images\4169.jpg,uiqd,3.583333333,0.64583333325,test,0.59198266,0.4519732,0.23392437,0.3141025,0.24379343,0.4112193,0.52235866,0.56102,0.57471144,0.6141605,0.5859826
D:\uwiqa_dataset\UIQD\images\92.jpg,uiqd,2.916666667,0.47916666674999997,test,0.41459018,0.40155345,0.284075,0.31437153,0.5050375,0.4834189,0.44909644,0.556902,0.5435502,0.48838338,0.51672095
D:\uwiqa_dataset\UIQD\images\1358.jpg,uiqd,2.166666667,0.29166666674999997,test,0.30890813,0.46916068,0.29181948,0.2390198,0.53057086,0.4681169,0.4179796,0.5745371,0.5342833,0.44650656,0.52432036
D:\uwiqa_dataset\UIQD\images\5206.jpg,uiqd,1.166666667,0.041666666750000025,test,0.05434645,0.35224208,0.11381432,0.53394353,0.55628926,0.4376958,0.43048579,0.65160125,0.55629206,0.5059768,0.4738003
D:\uwiqa_dataset\UIQD\images\5077.jpg,uiqd,3.416666667,0.60416666675,test,0.78323674,0.49348027,0.15600492,0.35051477,0.36134624,0.61426085,0.46980137,0.32554102,0.524881,0.47518563,0.45490825
D:\uwiqa_dataset\UIQD\images\908.jpg,uiqd,1.916666667,0.22916666675000003,test,0.22604012,0.58148915,0.20581758,0.2126933,0.52047133,0.4782477,0.41641423,0.614049,0.599713,0.48816115,0.54192287
D:\uwiqa_dataset\UIQD\images\1746.jpg,uiqd,2.333333333,0.33333333325000003,test,0.3213164,0.41742867,0.28344455,0.29912677,0.50584555,0.46711963,0.4649751,0.5617852,0.52625966,0.47831193,0.50927716
D:\uwiqa_dataset\UIQD\images\4402.jpg,uiqd,2.333333333,0.33333333325000003,test,0.27186182,0.57273895,0.26339668,0.1638644,0.4826076,0.50716513,0.43819138,0.49388143,0.50929755,0.44607577,0.525686
D:\uwiqa_dataset\UIQD\images\5210.jpg,uiqd,2.083333333,0.27083333325000003,test,0.21964064,0.57137644,0.23754637,0.19107725,0.44620055,0.51318836,0.5034683,0.4527051,0.48545748,0.43622372,0.47137764
D:\uwiqa_dataset\UIQD\images\5264.jpg,uiqd,2.166666667,0.29166666674999997,test,0.20794035,0.42046562,0.27397308,0.30556133,0.44837806,0.51871604,0.47301677,0.5460682,0.5219536,0.50884014,0.5325655
D:\uwiqa_dataset\UIQD\images\2950.jpg,uiqd,1.166666667,0.041666666750000025,test,0.024858184,0.36362645,0.3894272,0.24694633,0.5334487,0.43670705,0.484372,0.57836026,0.49198633,0.4650091,0.46124664
D:\uwiqa_dataset\UIQD\images\2378.jpg,uiqd,1.25,0.0625,test,0.03546561,0.38408387,0.36630362,0.24961247,0.5086096,0.4537536,0.44752923,0.64681864,0.5188235,0.51981795,0.48077703
D:\uwiqa_dataset\UIQD\images\4954.jpg,uiqd,3.75,0.6875,test,0.6864887,0.44138363,0.20746686,0.35114953,0.4407402,0.5235685,0.481688,0.5140377,0.55221975,0.4856757,0.42427632
D:\uwiqa_dataset\UIQD\images\3847.jpg,uiqd,1.75,0.1875,test,0.23340492,0.40511638,0.32308406,0.27179956,0.51487106,0.4800682,0.42255932,0.5492447,0.4993017,0.42269436,0.53294396
D:\uwiqa_dataset\UIQD\images\4443.jpg,uiqd,2.333333333,0.33333333325000003,test,0.48430124,0.4347276,0.24673848,0.31853387,0.5266976,0.4663569,0.43649554,0.55938077,0.52971065,0.46082604,0.51531845
D:\uwiqa_dataset\UIQD\images\3803.jpg,uiqd,1.833333333,0.20833333324999997,test,0.21975388,0.3499546,0.31564337,0.33440205,0.44622386,0.505665,0.45594344,0.57384384,0.574931,0.5247478,0.5421911
D:\uwiqa_dataset\UIQD\images\4611.jpg,uiqd,1.583333333,0.14583333324999997,test,0.15491718,0.5011118,0.30518124,0.19370696,0.5026951,0.5043819,0.43372494,0.5578114,0.4758345,0.4836381,0.5599898
D:\uwiqa_dataset\UIQD\images\4166.jpg,uiqd,2.333333333,0.33333333325000003,test,0.36445794,0.43716317,0.30598,0.2568568,0.46504673,0.49614,0.47348505,0.53651965,0.52290255,0.49397916,0.5204381
D:\uwiqa_dataset\UIQD\images\2214.jpg,uiqd,3.5,0.625,test,0.6841444,0.51652133,0.14407234,0.33940628,0.5333154,0.4671743,0.46342972,0.5475683,0.44685993,0.4102905,0.5384938
D:\uwiqa_dataset\UIQD\images\5693.jpg,uiqd,2.333333333,0.33333333325000003,test,0.22085464,0.39717472,0.3398847,0.26294065,0.42360562,0.55341625,0.46570784,0.5503481,0.56269085,0.54990953,0.5283975
D:\uwiqa_dataset\UIQD\images\4202.jpg,uiqd,3.5,0.625,test,0.5754419,0.53436834,0.18093443,0.28469723,0.36813208,0.5737982,0.49217707,0.5044254,0.57553864,0.5654565,0.46061176
D:\uwiqa_dataset\UIQD\images\3150.jpg,uiqd,2.833333333,0.45833333325000003,test,0.49830672,0.46966428,0.2249746,0.30536106,0.54106164,0.4323134,0.41081616,0.5543767,0.5286354,0.42849302,0.4917627
D:\uwiqa_dataset\UIQD\images\4766.jpg,uiqd,2.833333333,0.45833333325000003,test,0.36713862,0.4226232,0.24905804,0.3283188,0.56232744,0.47002393,0.43349147,0.5645654,0.5565617,0.4492654,0.50270337
D:\uwiqa_dataset\UIQD\images\3623.jpg,uiqd,1.666666667,0.16666666675000003,test,0.17694366,0.38026735,0.31221282,0.30751988,0.49986544,0.48371127,0.45483983,0.57096773,0.5337051,0.4903153,0.5198659
D:\uwiqa_dataset\UIQD\images\1245.jpg,uiqd,2.25,0.3125,test,0.29820934,0.5176437,0.26789597,0.21446031,0.501542,0.41234508,0.43574473,0.38791004,0.46616057,0.29470393,0.519477
D:\uwiqa_dataset\UIQD\images\1058.jpg,uiqd,2.333333333,0.33333333325000003,test,0.3015994,0.38497233,0.28776157,0.3272661,0.51694524,0.48563847,0.42201197,0.5994122,0.595983,0.49563017,0.5305136
D:\uwiqa_dataset\UIQD\images\15.jpg,uiqd,1.666666667,0.16666666675000003,test,0.2437591,0.3362052,0.328661,0.33513373,0.4731173,0.49269804,0.45605925,0.5742768,0.5520039,0.5104676,0.52798235
D:\uwiqa_dataset\UIQD\images\2996.jpg,uiqd,1.416666667,0.10416666675000003,test,0.15974924,0.34901056,0.24623463,0.40475485,0.43247792,0.46492416,0.50014395,0.59779,0.55818886,0.5654781,0.52154744
D:\uwiqa_dataset\UIQD\images\347.jpg,uiqd,2.666666667,0.41666666674999997,test,0.3203998,0.4229883,0.26956925,0.30744246,0.47836813,0.51027036,0.46203643,0.55995035,0.45207515,0.5257093,0.55093265
D:\uwiqa_dataset\UIQD\images\3077.jpg,uiqd,1.25,0.0625,test,0.02312449,0.3581425,0.39364514,0.24821237,0.47652945,0.46671036,0.49407598,0.54237807,0.5086951,0.49508446,0.50934243
D:\uwiqa_dataset\UIQD\images\1984.jpg,uiqd,3.333333333,0.58333333325,test,0.6857489,0.57079107,0.17920586,0.25000307,0.47898763,0.50140715,0.38165244,0.40558472,0.47887737,0.34559265,0.46796736
D:\uwiqa_dataset\UIQD\images\1871.jpg,uiqd,2.916666667,0.47916666674999997,test,0.51350003,0.47320628,0.2131696,0.31362414,0.5266607,0.45341063,0.41112396,0.54456633,0.50568384,0.42189726,0.5047731
D:\uwiqa_dataset\UIQD\images\682.jpg,uiqd,2.666666667,0.41666666674999997,test,0.44008926,0.45007926,0.28252092,0.26739985,0.5330684,0.45726955,0.45228451,0.5548594,0.5056117,0.43165526,0.5096719
D:\uwiqa_dataset\UIQD\images\6108.jpg,uiqd,2.166666667,0.29166666674999997,test,0.16690385,0.37314776,0.35932893,0.26752332,0.42140883,0.5539044,0.47135776,0.55823517,0.54279375,0.54811484,0.53428257
D:\uwiqa_dataset\UIQD\images\1546.jpg,uiqd,3.083333333,0.52083333325,test,0.553948,0.5512611,0.15699048,0.2917484,0.49702352,0.46822476,0.4541065,0.5110252,0.4921389,0.43102834,0.50944185
D:\uwiqa_dataset\UIQD\images\3255.jpg,uiqd,1.333333333,0.08333333324999997,test,0.08059735,0.23266155,0.21360697,0.5537315,0.51635647,0.4573939,0.451181,0.6022568,0.59766394,0.5163968,0.5182162
D:\uwiqa_dataset\UIQD\images\2891.jpg,uiqd,2.333333333,0.33333333325000003,test,0.30710238,0.42211777,0.24539496,0.3324873,0.464681,0.47433436,0.4568324,0.5914733,0.52137625,0.5167897,0.51919395
D:\uwiqa_dataset\UIQD\images\382.jpg,uiqd,1.583333333,0.14583333324999997,test,0.059123978,0.36437672,0.33235827,0.30326498,0.473019,0.47704634,0.46791178,0.5902816,0.52870184,0.5266694,0.5020856
D:\uwiqa_dataset\UIQD\images\2593.jpg,uiqd,1.916666667,0.22916666675000003,test,0.2036649,0.48617944,0.24016991,0.27365062,0.50478315,0.50379825,0.3947205,0.59841305,0.5871074,0.5178415,0.5640022
D:\uwiqa_dataset\UIQD\images\4145.jpg,uiqd,3.666666667,0.66666666675,test,0.6668194,0.5295839,0.19904138,0.2713748,0.45071247,0.48054165,0.51722217,0.42365825,0.49922374,0.37536412,0.48347363
D:\uwiqa_dataset\UIQD\images\706.jpg,uiqd,2.75,0.4375,test,0.43417943,0.42190745,0.27149943,0.30659315,0.5085772,0.48624638,0.43289554,0.5689848,0.5632677,0.492619,0.5198514
D:\uwiqa_dataset\UIQD\images\6172.jpg,uiqd,2.333333333,0.33333333325000003,test,0.41867828,0.390245,0.2917825,0.31797254,0.62860715,0.42706335,0.39228204,0.6419957,0.61006427,0.4409346,0.547317
D:\uwiqa_dataset\UIQD\images\4257.jpg,uiqd,2.083333333,0.27083333325000003,test,0.2675831,0.3882811,0.31411806,0.29760087,0.48432198,0.5068946,0.43399563,0.57025355,0.5503887,0.49140456,0.53838056
D:\uwiqa_dataset\UIQD\images\4232.jpg,uiqd,1.416666667,0.10416666675000003,test,0.18072832,0.39448908,0.29861194,0.306899,0.48449692,0.48412868,0.47817,0.52255493,0.5093755,0.4740077,0.5042215
D:\uwiqa_dataset\UIQD\images\3732.jpg,uiqd,2.583333333,0.39583333325000003,test,0.35216847,0.46175668,0.28568804,0.2525553,0.45969146,0.5113946,0.4519173,0.46728924,0.47550747,0.43500227,0.45848924
D:\uwiqa_dataset\UIQD\images\3865.jpg,uiqd,1.916666667,0.22916666675000003,test,0.29239824,0.37122387,0.27550656,0.35326964,0.49631718,0.46863994,0.46731785,0.5206016,0.4914488,0.43545145,0.52036524
D:\uwiqa_dataset\UIQD\images\1011.jpg,uiqd,1.166666667,0.041666666750000025,test,0.046173874,0.38521433,0.13224146,0.48254424,0.5008137,0.44242322,0.48442984,0.6318412,0.57219094,0.54605347,0.5074731
D:\uwiqa_dataset\UIQD\images\1942.jpg,uiqd,2.0,0.25,test,0.29674253,0.46130067,0.33969003,0.19900934,0.44073555,0.5296762,0.45747852,0.5588482,0.5589229,0.5253643,0.5372061
D:\uwiqa_dataset\UIQD\images\5526.jpg,uiqd,2.0,0.25,test,0.2654104,0.47096193,0.2632382,0.2657999,0.49959043,0.42477655,0.48438174,0.48409438,0.47808024,0.39714432,0.52758336
D:\uwiqa_dataset\UIQD\images\4651.jpg,uiqd,4.083333333,0.7708333332499999,test,0.8597926,0.4989491,0.10912429,0.39192665,0.2961371,0.63113135,0.54568416,0.40561792,0.58033895,0.63048005,0.41873673
D:\uwiqa_dataset\UIQD\images\6250.jpg,uiqd,2.25,0.3125,test,0.32205126,0.3998774,0.2684207,0.33170187,0.54412013,0.46753722,0.43206447,0.583745,0.54271233,0.4550097,0.5287881
D:\uwiqa_dataset\UIQD\images\4704.jpg,uiqd,1.583333333,0.14583333324999997,test,0.13663779,0.48919806,0.38238198,0.12842,0.43566078,0.49578795,0.5397263,0.42748415,0.49104834,0.42450288,0.51541823
D:\uwiqa_dataset\UIQD\images\2169.jpg,uiqd,1.5,0.125,test,0.07311476,0.37002912,0.43179676,0.19817413,0.4318282,0.54248106,0.46895573,0.57511544,0.5343745,0.55060196,0.5272803
D:\uwiqa_dataset\UIQD\images\266.jpg,uiqd,2.166666667,0.29166666674999997,test,0.25984812,0.3779014,0.2565155,0.3655831,0.53405637,0.45543763,0.45018312,0.5710173,0.57735986,0.46573415,0.50768685
D:\uwiqa_dataset\UIQD\images\3455.jpg,uiqd,1.75,0.1875,test,0.28913707,0.3757419,0.30354768,0.3207104,0.5423681,0.3923708,0.4256259,0.4557856,0.46674716,0.30039918,0.52024984
D:\uwiqa_dataset\UIQD\images\487.jpg,uiqd,1.083333333,0.020833333249999975,test,0.08999573,0.3804597,0.30600515,0.31353518,0.46752143,0.47637334,0.43249878,0.64809585,0.54353076,0.54251236,0.5006028
D:\uwiqa_dataset\UIQD\images\4819.jpg,uiqd,2.25,0.3125,test,0.28631732,0.46514183,0.2370248,0.29783332,0.50011915,0.47523302,0.46338445,0.53345704,0.4975155,0.45307827,0.5180085
D:\uwiqa_dataset\UIQD\images\2459.jpg,uiqd,4.0,0.75,test,0.69519144,0.4095408,0.28853032,0.3019289,0.4019639,0.5502242,0.4622115,0.37342164,0.51780814,0.44695145,0.3764245
D:\uwiqa_dataset\UIQD\images\3036.jpg,uiqd,2.083333333,0.27083333325000003,test,0.2165528,0.6362986,0.14143175,0.2222697,0.43415713,0.49675533,0.49256578,0.518873,0.52809876,0.512038,0.48406276
D:\uwiqa_dataset\UIQD\images\1200.jpg,uiqd,1.583333333,0.14583333324999997,test,0.14299423,0.39177287,0.3396473,0.26857984,0.41362533,0.5645272,0.46289605,0.5733289,0.5466465,0.5680337,0.5322702
D:\uwiqa_dataset\UIQD\images\1398.jpg,uiqd,2.25,0.3125,test,0.2585617,0.33313674,0.29082805,0.37603524,0.48219696,0.47480145,0.48244616,0.56006175,0.54049754,0.5158705,0.50773466
D:\uwiqa_dataset\UIQD\images\2645.jpg,uiqd,2.166666667,0.29166666674999997,test,0.31489053,0.42044288,0.24827088,0.33128622,0.5214667,0.47866485,0.4343676,0.5727075,0.55098236,0.4748966,0.51606095
D:\uwiqa_dataset\UIQD\images\197.jpg,uiqd,1.833333333,0.20833333324999997,test,0.23325478,0.3276016,0.31804982,0.3543486,0.485605,0.48392904,0.4610621,0.56705296,0.54589176,0.50399727,0.51989156
D:\uwiqa_dataset\UIQD\images\2830.jpg,uiqd,2.833333333,0.45833333325000003,test,0.5960149,0.4829004,0.24409327,0.27300626,0.51417667,0.44495407,0.36906248,0.38955843,0.40040284,0.30686423,0.38023576
D:\uwiqa_dataset\UIQD\images\697.jpg,uiqd,1.333333333,0.08333333324999997,test,0.12984869,0.4377914,0.27507275,0.28713587,0.41761944,0.5243974,0.47136417,0.5881678,0.5892124,0.563917,0.54598784
D:\uwiqa_dataset\UIQD\images\3264.jpg,uiqd,3.166666667,0.54166666675,test,0.6636353,0.4850141,0.20222215,0.31276378,0.5078805,0.477079,0.4336869,0.5406982,0.5217723,0.4640104,0.5178251
D:\uwiqa_dataset\UIQD\images\2603.jpg,uiqd,1.166666667,0.041666666750000025,test,0.03817288,0.33591643,0.1485461,0.51553744,0.53508973,0.44938102,0.4705629,0.5616828,0.55885077,0.48078468,0.49023813
D:\uwiqa_dataset\UIQD\images\4467.jpg,uiqd,3.5,0.625,test,0.74889976,0.598968,0.12973973,0.2712923,0.5007082,0.48020378,0.4732806,0.50630975,0.47659308,0.43610674,0.51895636
D:\uwiqa_dataset\UIQD\images\4057.jpg,uiqd,2.333333333,0.33333333325000003,test,0.31673804,0.45943004,0.2787401,0.26182988,0.5255846,0.4792425,0.4362886,0.5938918,0.5258794,0.49260703,0.5366001
D:\uwiqa_dataset\UIQD\images\2789.jpg,uiqd,1.25,0.0625,test,0.0356285,0.34990233,0.28127262,0.36882505,0.4463597,0.4817,0.48407465,0.5897957,0.56801456,0.5543336,0.52316403
D:\uwiqa_dataset\UIQD\images\2317.jpg,uiqd,2.583333333,0.39583333325000003,test,0.4540567,0.44161138,0.25873393,0.29965472,0.56018853,0.438104,0.4436371,0.5632523,0.55815065,0.4648906,0.47917533
D:\uwiqa_dataset\UIQD\images\5620.jpg,uiqd,2.416666667,0.35416666674999997,test,0.45254013,0.52836496,0.2128648,0.2587703,0.60501474,0.4329379,0.41853645,0.619669,0.5739473,0.4454954,0.5426582
D:\uwiqa_dataset\UIQD\images\1076.jpg,uiqd,2.333333333,0.33333333325000003,test,0.35512546,0.43118355,0.26365602,0.30516046,0.4963227,0.47749144,0.49481618,0.50892615,0.48256227,0.42904723,0.5089832
D:\uwiqa_dataset\UIQD\images\3247.jpg,uiqd,1.833333333,0.20833333324999997,test,0.17384551,0.41501555,0.34395245,0.24103205,0.5187479,0.50722104,0.39164522,0.5705391,0.54185134,0.45201322,0.55288166
D:\uwiqa_dataset\UIQD\images\5828.jpg,uiqd,2.0,0.25,test,0.20565848,0.41929716,0.31069595,0.27000687,0.54873174,0.47503862,0.38477948,0.6232561,0.5778053,0.45742086,0.5801682
D:\uwiqa_dataset\UIQD\images\85.jpg,uiqd,1.166666667,0.041666666750000025,test,0.05630771,0.36222062,0.217299,0.42048037,0.4628315,0.45025727,0.50654453,0.576819,0.5193475,0.5342461,0.4978802
D:\uwiqa_dataset\UIQD\images\5732.jpg,uiqd,3.75,0.6875,test,0.6550928,0.52464217,0.18612479,0.289233,0.5220757,0.46526796,0.42521003,0.5375631,0.49804413,0.42526895,0.5239001
D:\uwiqa_dataset\UIQD\images\5136.jpg,uiqd,2.5,0.375,test,0.36559385,0.41873237,0.26406682,0.31720084,0.49774322,0.47132647,0.47234154,0.5441708,0.519077,0.48006722,0.4994067
D:\uwiqa_dataset\UIQD\images\4163.jpg,uiqd,2.166666667,0.29166666674999997,test,0.2555677,0.454754,0.26483488,0.28041115,0.48477182,0.5174865,0.3933185,0.58121485,0.5698275,0.4867754,0.5661964
D:\uwiqa_dataset\UIQD\images\1863.jpg,uiqd,1.083333333,0.020833333249999975,test,0.026833907,0.35484588,0.15505706,0.49009705,0.5772896,0.3930545,0.46270764,0.6392177,0.5212934,0.4848932,0.43353602
D:\uwiqa_dataset\UIQD\images\4140.jpg,uiqd,1.916666667,0.22916666675000003,test,0.18621358,0.42278817,0.2985162,0.27869558,0.4123214,0.5411132,0.46952653,0.58235914,0.58681965,0.5685155,0.54256606
D:\uwiqa_dataset\UIQD\images\3461.jpg,uiqd,2.5,0.375,test,0.36746618,0.44407135,0.27041855,0.28551012,0.34525093,0.6173234,0.5457482,0.32704893,0.6426247,0.5736526,0.40646318
D:\uwiqa_dataset\UIQD\images\536.jpg,uiqd,1.916666667,0.22916666675000003,test,0.31446922,0.3809622,0.3103843,0.30865353,0.4876764,0.4738366,0.4555543,0.5967791,0.5654354,0.5147251,0.5250304
D:\uwiqa_dataset\UIQD\images\3545.jpg,uiqd,1.333333333,0.08333333324999997,test,0.09188247,0.30682167,0.24235663,0.45082176,0.51888514,0.44550306,0.46851858,0.61913264,0.5700724,0.53043824,0.50096446
D:\uwiqa_dataset\UIQD\images\3974.jpg,uiqd,2.0,0.25,test,0.18387267,0.4669725,0.3119204,0.22110711,0.47559184,0.5393457,0.40559006,0.5425699,0.54772156,0.4847139,0.54418224
D:\uwiqa_dataset\UIQD\images\3017.jpg,uiqd,2.666666667,0.41666666674999997,test,0.41544893,0.4401686,0.23370516,0.32612625,0.52810717,0.4613595,0.42919308,0.5643969,0.5324479,0.45135102,0.5072514
D:\uwiqa_dataset\UIQD\images\2572.jpg,uiqd,3.583333333,0.64583333325,test,0.692167,0.4859298,0.26791775,0.24615246,0.45948932,0.49708867,0.46322447,0.40355363,0.49083847,0.39144945,0.5062362
D:\uwiqa_dataset\UIQD\images\379.jpg,uiqd,4.333333333,0.8333333332499999,test,0.7649775,0.6247528,0.12631895,0.24892823,0.39756322,0.6059648,0.48752406,0.37457028,0.54651064,0.4681953,0.5164055
D:\uwiqa_dataset\UIQD\images\1658.jpg,uiqd,1.916666667,0.22916666675000003,test,0.31399027,0.45017013,0.33733955,0.21249035,0.44814616,0.5211712,0.4587352,0.55530673,0.5537213,0.5204082,0.5326503
D:\uwiqa_dataset\UIQD\images\5605.jpg,uiqd,2.583333333,0.39583333325000003,test,0.4062207,0.5151626,0.24620204,0.23863542,0.5081231,0.5331927,0.36650625,0.42657506,0.41675657,0.33418974,0.3519664
D:\uwiqa_dataset\UIQD\images\3961.jpg,uiqd,2.25,0.3125,test,0.33124807,0.39864123,0.2748852,0.32647356,0.47840545,0.47717226,0.49387065,0.5347951,0.51229286,0.49895412,0.49798453
D:\uwiqa_dataset\UIQD\images\433.jpg,uiqd,1.416666667,0.10416666675000003,test,0.10553836,0.33100456,0.300736,0.36825943,0.5349995,0.457482,0.4572545,0.5928846,0.54957116,0.4969518,0.49756822
D:\uwiqa_dataset\UIQD\images\1145.jpg,uiqd,2.333333333,0.33333333325000003,test,0.31000683,0.38653082,0.26865274,0.34481645,0.48998523,0.478968,0.46954325,0.5615726,0.535132,0.49977866,0.5090165
D:\uwiqa_dataset\UIQD\images\186.jpg,uiqd,4.916666667,0.9791666667500001,test,0.8842826,0.4685338,0.18969071,0.34177548,0.50491226,0.47972727,0.30107978,0.34187245,0.42283583,0.28778678,0.40437835
D:\uwiqa_dataset\UIQD\images\512.jpg,uiqd,1.833333333,0.20833333324999997,test,0.20306557,0.3370856,0.3309728,0.3319416,0.45618802,0.50555235,0.4606818,0.56885445,0.5540189,0.5187141,0.53320014
D:\uwiqa_dataset\UIQD\images\1484.jpg,uiqd,3.166666667,0.54166666675,test,0.5645829,0.4879155,0.24889712,0.26318735,0.4668792,0.48327237,0.41914225,0.5543747,0.5298031,0.46704164,0.51072633
D:\uwiqa_dataset\UIQD\images\1845.jpg,uiqd,2.25,0.3125,test,0.42162856,0.5574598,0.22893913,0.2136011,0.43866885,0.44288048,0.48524854,0.3483032,0.5421418,0.3042178,0.45550612
D:\uwiqa_dataset\UIQD\images\6166.jpg,uiqd,1.5,0.125,test,0.10671102,0.40242064,0.37370315,0.22387622,0.43813664,0.5476162,0.40663603,0.53643274,0.5656667,0.5035913,0.5461653
D:\uwiqa_dataset\UIQD\images\6107.jpg,uiqd,3.75,0.6875,test,0.69097406,0.5379431,0.2279152,0.23414168,0.46022063,0.50895226,0.44034243,0.4028912,0.49871662,0.40778393,0.50361586
D:\uwiqa_dataset\UIQD\images\2717.jpg,uiqd,4.083333333,0.7708333332499999,test,0.81858766,0.4874547,0.21523702,0.2973082,0.42324862,0.5572678,0.44504082,0.36073363,0.4905076,0.38974243,0.42343253
D:\uwiqa_dataset\UIQD\images\4951.jpg,uiqd,3.333333333,0.58333333325,test,0.60434073,0.47183526,0.26608157,0.2620831,0.5207818,0.45002413,0.44972998,0.5148749,0.46227783,0.37692004,0.5463819
D:\uwiqa_dataset\UIQD\images\4318.jpg,uiqd,1.416666667,0.10416666675000003,test,0.16132262,0.45174843,0.35185122,0.19640039,0.4229298,0.5489502,0.47812295,0.54782695,0.54289,0.5416601,0.5320051
D:\uwiqa_dataset\UIQD\images\4393.jpg,uiqd,1.5,0.125,test,0.13422427,0.31489748,0.37324128,0.3118613,0.4591256,0.50484854,0.45500758,0.5866113,0.56076115,0.53076404,0.5290704
D:\uwiqa_dataset\UIQD\images\1923.jpg,uiqd,2.25,0.3125,test,0.27354577,0.46832556,0.24748737,0.28418702,0.3700296,0.53255177,0.5282236,0.5209983,0.5610302,0.5854616,0.50647163
D:\uwiqa_dataset\UIQD\images\1216.jpg,uiqd,2.25,0.3125,test,0.27686906,0.5615017,0.25421306,0.18428534,0.50548154,0.40489268,0.437112,0.39042935,0.4601276,0.294955,0.51972544
D:\uwiqa_dataset\UIQD\images\4626.jpg,uiqd,4.25,0.8125,test,0.828477,0.45752138,0.21238914,0.33008945,0.3857737,0.5670433,0.45812622,0.35078502,0.5052544,0.4202681,0.35163036
D:\uwiqa_dataset\UIQD\images\5632.jpg,uiqd,1.833333333,0.20833333324999997,test,0.1488772,0.38682467,0.3222845,0.29089084,0.50811666,0.48345914,0.42982993,0.5891792,0.57724667,0.48434705,0.53815866
D:\uwiqa_dataset\UIQD\images\2178.jpg,uiqd,2.666666667,0.41666666674999997,test,0.44862446,0.44956222,0.27187458,0.27856326,0.5110444,0.47024882,0.4350765,0.5519288,0.506756,0.44177476,0.512478
D:\uwiqa_dataset\UIQD\images\2729.jpg,uiqd,1.916666667,0.22916666675000003,test,0.21998966,0.3335766,0.2935925,0.3728309,0.47528186,0.49442172,0.43469676,0.60640144,0.57750154,0.51929504,0.5359413
D:\uwiqa_dataset\UIQD\images\1039.jpg,uiqd,1.666666667,0.16666666675000003,test,0.12467015,0.33011672,0.1945194,0.47536385,0.52795815,0.42750826,0.49223316,0.613754,0.54214025,0.52119505,0.48958915
D:\uwiqa_dataset\UIQD\images\1489.jpg,uiqd,1.5,0.125,test,0.19665027,0.37294173,0.33146524,0.29559302,0.45809284,0.5021063,0.48408806,0.56546885,0.52783096,0.52908534,0.5088057
D:\uwiqa_dataset\UIQD\images\5310.jpg,uiqd,2.333333333,0.33333333325000003,test,0.36082006,0.50941,0.2579091,0.2326809,0.4765966,0.47500607,0.4874707,0.553492,0.5236586,0.5047308,0.5122049
D:\uwiqa_dataset\UIQD\images\4517.jpg,uiqd,2.0,0.25,test,0.16585924,0.5443242,0.28461692,0.1710588,0.5457515,0.47662827,0.4159857,0.6068502,0.52785224,0.47458056,0.57642287
D:\uwiqa_dataset\UIQD\images\684.jpg,uiqd,4.0,0.75,test,0.606075,0.5062842,0.2170543,0.2766616,0.53177285,0.47972935,0.4064786,0.49819842,0.4187266,0.38429275,0.4475982
D:\uwiqa_dataset\UIQD\images\4329.jpg,uiqd,3.666666667,0.66666666675,test,0.60679066,0.4897377,0.2360116,0.27425075,0.51489776,0.43788627,0.41172743,0.51229227,0.48035243,0.3828657,0.4978556
D:\uwiqa_dataset\UIQD\images\3341.jpg,uiqd,2.5,0.375,test,0.32753602,0.39095846,0.3034264,0.3056151,0.5680099,0.4733411,0.4256699,0.59080184,0.5903707,0.4750767,0.52470034
D:\uwiqa_dataset\UIQD\images\4707.jpg,uiqd,4.333333333,0.8333333332499999,test,0.7829465,0.5117241,0.17658523,0.3116907,0.4678344,0.5429669,0.40069628,0.4164212,0.47154492,0.3986309,0.510803
D:\uwiqa_dataset\UIQD\images\5984.jpg,uiqd,1.5,0.125,test,0.033914015,0.3624554,0.1753256,0.46221897,0.45401788,0.44309065,0.50153345,0.58851963,0.5427022,0.5446177,0.5112545
D:\uwiqa_dataset\UIQD\images\1555.jpg,uiqd,1.833333333,0.20833333324999997,test,0.23268804,0.50758225,0.27854466,0.21387309,0.51829714,0.46341026,0.45445597,0.47222337,0.49989012,0.4279165,0.50661165
D:\uwiqa_dataset\UIQD\images\229.jpg,uiqd,1.083333333,0.020833333249999975,test,0.024652716,0.34251696,0.11302086,0.5444622,0.58541733,0.41269872,0.41976354,0.66804165,0.5458272,0.48509276,0.43609336
D:\uwiqa_dataset\UIQD\images\5358.jpg,uiqd,1.416666667,0.10416666675000003,test,0.022549048,0.38848203,0.39460066,0.21691729,0.51697755,0.43806627,0.44740674,0.6656,0.49131948,0.5194081,0.4534475
D:\uwiqa_dataset\UIQD\images\426.jpg,uiqd,1.916666667,0.22916666675000003,test,0.30238935,0.444143,0.26579502,0.29006195,0.4619398,0.51822823,0.45665988,0.535046,0.52978325,0.489193,0.5216404
D:\uwiqa_dataset\UIQD\images\249.jpg,uiqd,4.25,0.8125,test,0.792021,0.61288065,0.18056303,0.20655634,0.35314247,0.63083506,0.53602004,0.31309888,0.5779542,0.48354575,0.4634407
D:\uwiqa_dataset\UIQD\images\6195.jpg,uiqd,1.916666667,0.22916666675000003,test,0.12961683,0.35528457,0.34556514,0.2991503,0.45572993,0.500508,0.4704608,0.5740595,0.55515444,0.52923036,0.52898365
D:\uwiqa_dataset\UIQD\images\4041.jpg,uiqd,2.416666667,0.35416666674999997,test,0.32604536,0.35640204,0.29900116,0.3445968,0.46676275,0.49299908,0.45473802,0.5796022,0.57610005,0.52055067,0.5300664
D:\uwiqa_dataset\UIQD\images\4539.jpg,uiqd,1.916666667,0.22916666675000003,test,0.1773166,0.43008515,0.24623866,0.32367623,0.45408487,0.47248274,0.42831796,0.61321425,0.6220601,0.52825606,0.5418256
D:\uwiqa_dataset\UIQD\images\4156.jpg,uiqd,2.416666667,0.35416666674999997,test,0.35111165,0.3806932,0.30706525,0.31224152,0.459075,0.4917975,0.49374464,0.5533237,0.5314105,0.5238136,0.51506555
D:\uwiqa_dataset\UIQD\images\402.jpg,uiqd,3.416666667,0.60416666675,test,0.593697,0.42961282,0.27480924,0.29557794,0.40796396,0.51112336,0.4496611,0.48485735,0.47387007,0.41731018,0.4182922
D:\uwiqa_dataset\UIQD\images\1486.jpg,uiqd,2.833333333,0.45833333325000003,test,0.62618786,0.5550827,0.23173015,0.2131871,0.3358199,0.5081945,0.54290193,0.44449398,0.53972775,0.52877295,0.50914544
D:\uwiqa_dataset\UIQD\images\4520.jpg,uiqd,1.333333333,0.08333333324999997,test,0.18224941,0.36558786,0.33203563,0.30237648,0.4718,0.5157905,0.43696174,0.5642036,0.5555309,0.4958267,0.5356426
D:\uwiqa_dataset\UIQD\images\605.jpg,uiqd,3.333333333,0.58333333325,test,0.5971945,0.5863576,0.13920245,0.2744399,0.391836,0.5303268,0.49015152,0.50624317,0.5158071,0.53467405,0.52847546
D:\uwiqa_dataset\UIQD\images\1221.jpg,uiqd,3.666666667,0.66666666675,test,0.7173467,0.5107428,0.21086253,0.2783947,0.5779241,0.45140475,0.37198603,0.57109845,0.4899912,0.40034539,0.53270584
D:\uwiqa_dataset\UIQD\images\2860.jpg,uiqd,2.0,0.25,test,0.3035901,0.4328707,0.26971892,0.29741046,0.62974495,0.3959701,0.4331381,0.6384287,0.5417816,0.4629675,0.5652384
D:\uwiqa_dataset\UIQD\images\1355.jpg,uiqd,2.333333333,0.33333333325000003,test,0.32784274,0.41264096,0.29968464,0.28767437,0.4685271,0.47852314,0.50847137,0.5143798,0.5014109,0.48520386,0.5004397
D:\uwiqa_dataset\UIQD\images\1184.jpg,uiqd,2.333333333,0.33333333325000003,test,0.3285127,0.4117131,0.33328167,0.25500524,0.5048938,0.50200737,0.39843056,0.52028626,0.517604,0.4467175,0.53407085
D:\uwiqa_dataset\UIQD\images\1102.jpg,uiqd,1.166666667,0.041666666750000025,test,0.056229025,0.35529998,0.46929616,0.17540383,0.46741962,0.4890781,0.50923276,0.5494451,0.4791355,0.5088351,0.49522814
D:\uwiqa_dataset\UIQD\images\5611.jpg,uiqd,2.166666667,0.29166666674999997,test,0.29179424,0.40774706,0.27328548,0.31896746,0.47308078,0.5012353,0.4549721,0.5582806,0.54684865,0.50239706,0.5240084
D:\uwiqa_dataset\UIQD\images\1421.jpg,uiqd,4.0,0.75,test,0.8021496,0.54073495,0.18978891,0.26947615,0.38029858,0.5056164,0.51738715,0.40313312,0.53227663,0.44694582,0.43458635
D:\uwiqa_dataset\UIQD\images\3640.jpg,uiqd,1.666666667,0.16666666675000003,test,0.2160492,0.37652254,0.28518668,0.33829075,0.5116833,0.47051677,0.4548077,0.60211706,0.54492337,0.5148995,0.4944202
D:\uwiqa_dataset\UIQD\images\5209.jpg,uiqd,1.916666667,0.22916666675000003,test,0.24667752,0.5731458,0.2736815,0.15317273,0.48837999,0.44246197,0.49771488,0.44631764,0.48101482,0.37761545,0.5382006
D:\uwiqa_dataset\UIQD\images\3338.jpg,uiqd,1.333333333,0.08333333324999997,test,0.09461633,0.32550535,0.341348,0.33314663,0.4695595,0.47936887,0.4627106,0.59687173,0.5400808,0.52896005,0.5122863
D:\uwiqa_dataset\UIQD\images\3129.jpg,uiqd,2.0,0.25,test,0.20781367,0.3573567,0.3616001,0.28104317,0.43718365,0.5285932,0.47620007,0.567097,0.53758764,0.5391111,0.5284749
D:\uwiqa_dataset\UIQD\images\2799.jpg,uiqd,1.916666667,0.22916666675000003,test,0.25784197,0.38172188,0.3015934,0.3166847,0.56067383,0.4685788,0.4283802,0.5901663,0.58678055,0.46909574,0.52381945
D:\uwiqa_dataset\UIQD\images\5495.jpg,uiqd,3.083333333,0.52083333325,test,0.53537387,0.46714973,0.22645283,0.3063974,0.36821494,0.4735565,0.45145202,0.50754875,0.51704085,0.44898012,0.45352647
D:\uwiqa_dataset\UIQD\images\255.jpg,uiqd,2.416666667,0.35416666674999997,test,0.3846983,0.40980306,0.26897404,0.32122284,0.52173245,0.48428497,0.41893345,0.58621067,0.5819316,0.48214674,0.5250389
D:\uwiqa_dataset\UIQD\images\5303.jpg,uiqd,2.166666667,0.29166666674999997,test,0.27051696,0.38489512,0.3239308,0.29117408,0.4663196,0.4908457,0.48536623,0.55367106,0.529303,0.5119671,0.515719
D:\uwiqa_dataset\UIQD\images\5944.jpg,uiqd,3.833333333,0.70833333325,test,0.70295566,0.6654679,0.10250335,0.23202866,0.29423234,0.6822545,0.5851737,0.30025414,0.634336,0.56152153,0.41149452
D:\uwiqa_dataset\UIQD\images\18.jpg,uiqd,1.416666667,0.10416666675000003,test,0.15930966,0.3201907,0.32733232,0.35247698,0.4628028,0.489281,0.46225366,0.5676972,0.55884063,0.52162755,0.52582216
D:\uwiqa_dataset\UIQD\images\4120.jpg,uiqd,2.25,0.3125,test,0.39177236,0.46631315,0.27195662,0.26173025,0.37731156,0.4094538,0.5442941,0.510653,0.4951363,0.5223943,0.51743513
D:\uwiqa_dataset\UIQD\images\222.jpg,uiqd,2.666666667,0.41666666674999997,test,0.35958,0.49722493,0.25160497,0.25117016,0.51335394,0.4835602,0.43003285,0.5817338,0.56718695,0.48236284,0.5256186
D:\uwiqa_dataset\UIQD\images\3050.jpg,uiqd,1.833333333,0.20833333324999997,test,0.2802848,0.48665118,0.24563845,0.26771033,0.52090394,0.42433932,0.40760323,0.4466649,0.4578676,0.30195218,0.5596303
D:\uwiqa_dataset\UIQD\images\5068.jpg,uiqd,3.083333333,0.52083333325,test,0.5562319,0.45804447,0.22829384,0.31366172,0.5043665,0.48465776,0.42544276,0.59187,0.59435284,0.49689722,0.5448722
D:\uwiqa_dataset\UIQD\images\66.jpg,uiqd,1.833333333,0.20833333324999997,test,0.31551751,0.35303032,0.28501147,0.36195818,0.45763755,0.4867173,0.46789706,0.56844974,0.5644376,0.5278574,0.52552855
D:\uwiqa_dataset\UIQD\images\1560.jpg,uiqd,3.833333333,0.70833333325,test,0.77340406,0.45895144,0.111360334,0.42968827,0.29762217,0.45698357,0.5046014,0.51597667,0.57481414,0.5893719,0.50665617
D:\uwiqa_dataset\UIQD\images\4191.jpg,uiqd,2.416666667,0.35416666674999997,test,0.26369563,0.35649243,0.27260795,0.37089962,0.4809365,0.48932135,0.44647628,0.57234573,0.5636145,0.5002243,0.5349939
D:\uwiqa_dataset\UIQD\images\158.jpg,uiqd,4.166666667,0.7916666667500001,test,0.76691467,0.48389605,0.20028044,0.31582353,0.39820924,0.5859062,0.47350687,0.36111477,0.53060514,0.45653242,0.43235344
D:\uwiqa_dataset\UIQD\images\3162.jpg,uiqd,3.75,0.6875,test,0.72062564,0.57569957,0.15891472,0.26538566,0.46610308,0.48306704,0.4801949,0.5087085,0.4736092,0.43862668,0.5378661
D:\uwiqa_dataset\UIQD\images\1537.jpg,uiqd,3.5,0.625,test,0.6875481,0.48508927,0.25672784,0.25818297,0.521822,0.45398554,0.4117536,0.49556985,0.49192962,0.41123298,0.46977213
D:\uwiqa_dataset\UIQD\images\469.jpg,uiqd,4.083333333,0.7708333332499999,test,0.6353596,0.6372641,0.12281666,0.2399192,0.5162897,0.486468,0.39053807,0.5248915,0.5147039,0.44722402,0.5493602
D:\uwiqa_dataset\UIQD\images\3575.jpg,uiqd,2.25,0.3125,test,0.42374197,0.41591898,0.28601915,0.29806185,0.524213,0.49045542,0.42031142,0.5687607,0.5305269,0.47248435,0.53550375
D:\uwiqa_dataset\UIQD\images\3196.jpg,uiqd,1.75,0.1875,test,0.3622299,0.5162031,0.3023233,0.18147358,0.46739128,0.4944673,0.48470673,0.5121008,0.48876864,0.46202525,0.51760393
D:\uwiqa_dataset\UIQD\images\1510.jpg,uiqd,2.0,0.25,test,0.13623782,0.32080707,0.39964384,0.27954906,0.53514737,0.46164218,0.47917843,0.5739326,0.5007756,0.47591698,0.48720506
D:\uwiqa_dataset\UIQD\images\4967.jpg,uiqd,3.916666667,0.72916666675,test,0.67554563,0.5986561,0.15039857,0.2509453,0.40615553,0.5558749,0.53321356,0.39293385,0.5134062,0.4202922,0.4365685
D:\uwiqa_dataset\UIQD\images\4303.jpg,uiqd,4.083333333,0.7708333332499999,test,0.6798757,0.5614417,0.16038667,0.27817163,0.47396168,0.53131235,0.42712045,0.45296508,0.51613426,0.45499218,0.49934706
D:\uwiqa_dataset\UIQD\images\6262.jpg,uiqd,2.833333333,0.45833333325000003,test,0.3981379,0.48736373,0.33437333,0.17826292,0.50553364,0.44725832,0.44553944,0.5091121,0.49439338,0.40973124,0.4897749
D:\uwiqa_dataset\UIQD\images\1019.jpg,uiqd,3.416666667,0.60416666675,test,0.632713,0.40463904,0.33392203,0.26143897,0.46347213,0.4931793,0.4549249,0.4617931,0.5186965,0.4130052,0.3949199
D:\uwiqa_dataset\UIQD\images\1478.jpg,uiqd,1.583333333,0.14583333324999997,test,0.07714729,0.34005967,0.24092841,0.4190119,0.56010556,0.41372514,0.44766605,0.6614871,0.53908855,0.51110274,0.4647795
D:\uwiqa_dataset\UIQD\images\806.jpg,uiqd,1.25,0.0625,test,0.04807139,0.25723282,0.20394185,0.53882533,0.54146314,0.445773,0.45543683,0.60851073,0.5641167,0.50404775,0.4944621
D:\uwiqa_dataset\UIQD\images\2802.jpg,uiqd,3.583333333,0.64583333325,test,0.73773867,0.50882894,0.15646896,0.33470204,0.38869402,0.5306696,0.4925113,0.43939584,0.49688146,0.500962,0.5056236
D:\uwiqa_dataset\UIQD\images\3101.jpg,uiqd,1.166666667,0.041666666750000025,test,0.08991075,0.41450328,0.32892445,0.2565723,0.4272575,0.55149907,0.44893533,0.58871275,0.57289684,0.5553497,0.5405658
D:\uwiqa_dataset\UIQD\images\3552.jpg,uiqd,2.75,0.4375,test,0.44837174,0.45601556,0.22268537,0.32129902,0.40434578,0.5050544,0.43309444,0.51220506,0.5586731,0.46076056,0.4223535
D:\uwiqa_dataset\UIQD\images\4234.jpg,uiqd,1.916666667,0.22916666675000003,test,0.24624215,0.398342,0.29418483,0.30747318,0.48144627,0.47806644,0.48164994,0.5539824,0.5186001,0.50254506,0.49613836
D:\uwiqa_dataset\UIQD\images\3152.jpg,uiqd,3.166666667,0.54166666675,test,0.6438448,0.5023102,0.12442319,0.3732666,0.24564484,0.4675453,0.49324536,0.6143496,0.59955704,0.6492436,0.5456389
D:\uwiqa_dataset\UIQD\images\707.jpg,uiqd,1.75,0.1875,test,0.1568979,0.36452383,0.39210638,0.24336977,0.4957327,0.49173456,0.4411978,0.58648705,0.5585628,0.50249064,0.5259275
D:\uwiqa_dataset\UIQD\images\2759.jpg,uiqd,2.666666667,0.41666666674999997,test,0.47735575,0.44609392,0.25830254,0.29560354,0.5490909,0.46006024,0.39592287,0.58923537,0.56131077,0.4429132,0.524886
D:\uwiqa_dataset\UIQD\images\377.jpg,uiqd,4.166666667,0.7916666667500001,test,0.8029615,0.6318218,0.1017696,0.26640862,0.2567083,0.7068162,0.57226557,0.4309619,0.58575493,0.667271,0.4553103
D:\uwiqa_dataset\UIQD\images\544.jpg,uiqd,2.416666667,0.35416666674999997,test,0.37379876,0.42855677,0.26177323,0.30967003,0.5404411,0.4589867,0.4434555,0.571075,0.51009226,0.43682814,0.526711
D:\uwiqa_dataset\UIQD\images\32.jpg,uiqd,1.083333333,0.020833333249999975,test,0.07868823,0.39846805,0.41569144,0.18584053,0.35047653,0.64279515,0.4811948,0.5357654,0.5829587,0.6184535,0.5332536
D:\uwiqa_dataset\UIQD\images\3313.jpg,uiqd,2.166666667,0.29166666674999997,test,0.377987,0.4606496,0.26927647,0.27007383,0.47732657,0.48130682,0.48281983,0.53876513,0.51057667,0.48527738,0.5101569
D:\uwiqa_dataset\UIQD\images\3056.jpg,uiqd,3.583333333,0.64583333325,test,0.65062803,0.5736475,0.20225589,0.22409661,0.4619936,0.48101935,0.45162952,0.47203177,0.41163284,0.41454992,0.5360253
D:\uwiqa_dataset\UIQD\images\3651.jpg,uiqd,1.5,0.125,test,0.08568996,0.37492302,0.4581148,0.16696212,0.47137192,0.4952748,0.48999554,0.5590884,0.5000762,0.5144141,0.5014613
D:\uwiqa_dataset\UIQD\images\1955.jpg,uiqd,1.416666667,0.10416666675000003,test,0.031955916,0.3097979,0.5477032,0.14249891,0.5020452,0.46366036,0.47687984,0.64047027,0.45410195,0.5302334,0.45406538
D:\uwiqa_dataset\UIQD\images\5530.jpg,uiqd,2.416666667,0.35416666674999997,test,0.35066912,0.48800358,0.33583805,0.17615837,0.51149696,0.4134135,0.46295562,0.4353476,0.48933446,0.39511496,0.49430186
D:\uwiqa_dataset\UIQD\images\1893.jpg,uiqd,1.916666667,0.22916666675000003,test,0.2924697,0.3828664,0.31543237,0.30170125,0.4736,0.502829,0.43508428,0.58802646,0.5880148,0.51111025,0.54171443
D:\uwiqa_dataset\UIQD\images\2747.jpg,uiqd,3.083333333,0.52083333325,test,0.55850667,0.4869178,0.20620023,0.30688196,0.49665198,0.46589303,0.47870487,0.5052187,0.4547222,0.3708636,0.5304785
D:\uwiqa_dataset\UIQD\images\2192.jpg,uiqd,2.0,0.25,test,0.29306012,0.40469232,0.29511216,0.30019552,0.48994625,0.48394468,0.4581299,0.53861827,0.5062684,0.45701635,0.5252389
D:\uwiqa_dataset\UIQD\images\5602.jpg,uiqd,1.583333333,0.14583333324999997,test,0.20053814,0.37567332,0.32936996,0.2949567,0.46214193,0.52117616,0.45149192,0.5567371,0.54548913,0.50779533,0.5278442
D:\uwiqa_dataset\UIQD\images\621.jpg,uiqd,1.333333333,0.08333333324999997,test,0.15139873,0.37849084,0.33207816,0.28943104,0.46536726,0.5021863,0.49221677,0.56047136,0.508825,0.5201146,0.4946151
D:\uwiqa_dataset\UIQD\images\3897.jpg,uiqd,3.416666667,0.60416666675,test,0.6720546,0.5290099,0.21395859,0.25703156,0.5367987,0.4361643,0.39704797,0.5307082,0.4911798,0.3981459,0.49963692
D:\uwiqa_dataset\UIQD\images\812.jpg,uiqd,4.0,0.75,test,0.71567947,0.49929407,0.18769294,0.31301302,0.34516612,0.47998106,0.5259376,0.46300173,0.5012901,0.50037307,0.5102687
D:\uwiqa_dataset\UIQD\images\1033.jpg,uiqd,2.416666667,0.35416666674999997,test,0.19727881,0.36960155,0.3338189,0.29657954,0.46166062,0.51569164,0.46053064,0.49465507,0.5111022,0.45240864,0.528735
D:\uwiqa_dataset\UIQD\images\178.jpg,uiqd,1.583333333,0.14583333324999997,test,0.19622509,0.6569733,0.1873822,0.15564445,0.5481957,0.47908938,0.3895231,0.6273505,0.5910202,0.4806687,0.5845827
D:\uwiqa_dataset\UIQD\images\6204.jpg,uiqd,2.916666667,0.47916666674999997,test,0.5045236,0.5627611,0.17277835,0.2644605,0.5213002,0.49207148,0.41200715,0.54671735,0.5127446,0.48442274,0.5320884
D:\uwiqa_dataset\UIQD\images\3277.jpg,uiqd,2.25,0.3125,test,0.33666283,0.38917726,0.26317233,0.34765038,0.47366688,0.48809388,0.44284907,0.58946973,0.6035101,0.52421004,0.5306604
D:\uwiqa_dataset\UIQD\images\4762.jpg,uiqd,3.083333333,0.52083333325,test,0.5281587,0.4512186,0.22254503,0.32623634,0.52457464,0.47304407,0.4240331,0.5764448,0.55893356,0.47375354,0.52292776
D:\uwiqa_dataset\UIQD\images\3269.jpg,uiqd,1.833333333,0.20833333324999997,test,0.1929056,0.50167346,0.35280973,0.14551684,0.426898,0.5408768,0.4704691,0.54347694,0.5475584,0.52824634,0.5387116
D:\uwiqa_dataset\UIQD\images\218.jpg,uiqd,1.916666667,0.22916666675000003,test,0.20387302,0.3092828,0.30259785,0.38811934,0.46388337,0.48572788,0.46652249,0.57298654,0.55416787,0.5196284,0.52793455
D:\uwiqa_dataset\UIQD\images\502.jpg,uiqd,1.416666667,0.10416666675000003,test,0.1697604,0.37416166,0.24771184,0.3781265,0.5654708,0.4746194,0.411297,0.6049013,0.6331853,0.47864917,0.521938
D:\uwiqa_dataset\UIQD\images\2543.jpg,uiqd,1.75,0.1875,test,0.14858764,0.3599583,0.23838611,0.40165552,0.47471654,0.47950888,0.49124336,0.5619122,0.5317163,0.52346885,0.5069394
D:\uwiqa_dataset\UIQD\images\4454.jpg,uiqd,1.666666667,0.16666666675000003,test,0.20071295,0.43028507,0.40609083,0.1636241,0.3976638,0.57869875,0.47710922,0.5449681,0.5703493,0.56954366,0.5265977
D:\uwiqa_dataset\UIQD\images\2796.jpg,uiqd,2.5,0.375,test,0.33212027,0.4232078,0.27860776,0.29818445,0.50010556,0.4748742,0.4574441,0.54940337,0.5104595,0.45748177,0.52547556
D:\uwiqa_dataset\UIQD\images\4499.jpg,uiqd,3.833333333,0.70833333325,test,0.7515879,0.54644823,0.14605716,0.30749458,0.29726082,0.6250292,0.51515806,0.37457958,0.5813905,0.5885137,0.41675305
D:\uwiqa_dataset\UIQD\images\5155.jpg,uiqd,1.75,0.1875,test,0.19935042,0.5491948,0.21568996,0.23511522,0.56318206,0.471968,0.42893955,0.61251277,0.5807525,0.4730078,0.54348433
D:\uwiqa_dataset\UIQD\images\3663.jpg,uiqd,1.5,0.125,test,0.1621623,0.38218036,0.28402963,0.33379003,0.511186,0.4622868,0.47072238,0.5999766,0.5057372,0.5026574,0.48973218
D:\uwiqa_dataset\UIQD\images\4898.jpg,uiqd,2.0,0.25,test,0.12909502,0.3543332,0.29639018,0.3492767,0.49329084,0.48824495,0.43479022,0.59795094,0.58671105,0.51012015,0.532649
D:\uwiqa_dataset\UIQD\images\1861.jpg,uiqd,2.5,0.375,test,0.48094034,0.4618219,0.22105654,0.31712162,0.5147429,0.48271075,0.42946205,0.57320243,0.5654998,0.48467413,0.5199631
D:\uwiqa_dataset\UIQD\images\5847.jpg,uiqd,1.583333333,0.14583333324999997,test,0.04621622,0.37281984,0.2236626,0.40351757,0.545408,0.43375704,0.48324725,0.6181702,0.5137871,0.51542974,0.46764538
D:\uwiqa_dataset\UIQD\images\788.jpg,uiqd,1.25,0.0625,test,0.06848212,0.35141942,0.5009488,0.14763184,0.4812878,0.4825759,0.45762178,0.65001243,0.47966474,0.5465534,0.4681503
D:\uwiqa_dataset\UIQD\images\1808.jpg,uiqd,1.5,0.125,test,0.17688635,0.37520602,0.3426601,0.28213385,0.45313513,0.51536536,0.47973242,0.5178169,0.5193777,0.4942819,0.5184894
D:\uwiqa_dataset\UIQD\images\4031.jpg,uiqd,1.5,0.125,test,0.12656537,0.28821376,0.1937143,0.5180719,0.5292499,0.45041016,0.4706881,0.5702576,0.5598378,0.4896559,0.49756077
D:\uwiqa_dataset\UIQD\images\4916.jpg,uiqd,1.916666667,0.22916666675000003,test,0.16845414,0.40282178,0.31288308,0.28429514,0.44464946,0.5184366,0.47611973,0.56780976,0.53224057,0.53279686,0.52734685
D:\uwiqa_dataset\UIQD\images\3722.jpg,uiqd,3.75,0.6875,test,0.71580523,0.5034442,0.1819231,0.31463268,0.3967393,0.5056235,0.46187526,0.54060066,0.53409314,0.50539887,0.46064496
D:\uwiqa_dataset\UIQD\images\2723.jpg,uiqd,3.583333333,0.64583333325,test,0.5966845,0.55353636,0.1769219,0.2695417,0.5180436,0.46630293,0.41688827,0.48285282,0.455968,0.38905868,0.4920853
D:\uwiqa_dataset\UIQD\images\169.jpg,uiqd,1.25,0.0625,test,0.09866074,0.32736358,0.28182587,0.3908106,0.44019493,0.4876221,0.4879584,0.60016996,0.55028987,0.56564623,0.5117064
D:\uwiqa_dataset\UIQD\images\829.jpg,uiqd,3.333333333,0.58333333325,test,0.58633655,0.5134006,0.18395199,0.30264747,0.3857593,0.4574407,0.544417,0.53327626,0.42814365,0.51332945,0.50382364
D:\uwiqa_dataset\UIQD\images\4398.jpg,uiqd,2.166666667,0.29166666674999997,test,0.17597112,0.61282897,0.20389403,0.18327703,0.5127872,0.45164332,0.42097208,0.5302005,0.5487024,0.49167824,0.52169424
D:\uwiqa_dataset\UIQD\images\765.jpg,uiqd,2.5,0.375,test,0.2777238,0.45686594,0.18557389,0.3575602,0.48695415,0.3810743,0.38206303,0.71107846,0.54843736,0.5093565,0.4663287
D:\uwiqa_dataset\UIQD\images\4076.jpg,uiqd,2.0,0.25,test,0.21682131,0.4959664,0.31254074,0.19149281,0.4730174,0.4805323,0.50772,0.49685773,0.46070632,0.45513353,0.53012913
D:\uwiqa_dataset\UIQD\images\1613.jpg,uiqd,1.666666667,0.16666666675000003,test,0.16277376,0.5456853,0.2864814,0.16783325,0.5524527,0.46958452,0.41381282,0.6026923,0.524032,0.4532176,0.5663686
D:\uwiqa_dataset\UIQD\images\320.jpg,uiqd,2.916666667,0.47916666674999997,test,0.4163828,0.47539654,0.21095116,0.31365222,0.4912364,0.5016879,0.43004918,0.49408385,0.48426262,0.42687503,0.4606059
D:\uwiqa_dataset\UIQD\images\2139.jpg,uiqd,2.333333333,0.33333333325000003,test,0.40894577,0.55990875,0.25600863,0.1840826,0.44247523,0.54603404,0.46560284,0.41781354,0.5530402,0.47359398,0.4791495
D:\uwiqa_dataset\UIQD\images\5282.jpg,uiqd,1.083333333,0.020833333249999975,test,0.035055634,0.47640294,0.20278835,0.32080868,0.5353815,0.39390203,0.46744588,0.61780506,0.49155873,0.46499282,0.42604014
D:\uwiqa_dataset\UIQD\images\4173.jpg,uiqd,1.833333333,0.20833333324999997,test,0.1635306,0.53679174,0.2417542,0.22145408,0.48573515,0.49863842,0.4032444,0.60017145,0.5597761,0.5100651,0.5665501
D:\uwiqa_dataset\UIQD\images\747.jpg,uiqd,3.166666667,0.54166666675,test,0.55956143,0.46104062,0.25029013,0.28866932,0.5439288,0.46831024,0.38169184,0.57001823,0.51670694,0.42276284,0.5340751
D:\uwiqa_dataset\UIQD\images\1331.jpg,uiqd,2.166666667,0.29166666674999997,test,0.3513243,0.38554525,0.28698167,0.32747304,0.46636564,0.48824126,0.47960424,0.5689564,0.5467016,0.52485603,0.5183559
D:\uwiqa_dataset\UIQD\images\507.jpg,uiqd,1.75,0.1875,test,0.106598996,0.37398842,0.29332462,0.33268696,0.49801615,0.47060767,0.47920564,0.5780696,0.51103234,0.5082345,0.4929218
D:\uwiqa_dataset\UIQD\images\2782.jpg,uiqd,2.083333333,0.27083333325000003,test,0.23839813,0.35343793,0.31004596,0.33651608,0.48016515,0.4928539,0.4500334,0.56898874,0.55390596,0.49813327,0.53204507
D:\uwiqa_dataset\UIQD\images\3962.jpg,uiqd,1.833333333,0.20833333324999997,test,0.22048186,0.35508877,0.2889976,0.35591367,0.48154023,0.49695757,0.4420418,0.582451,0.57609665,0.5178945,0.5263463
D:\uwiqa_dataset\UIQD\images\4771.jpg,uiqd,1.833333333,0.20833333324999997,test,0.15201434,0.32946578,0.4000062,0.270528,0.51464796,0.47921568,0.45972392,0.56746894,0.5190328,0.48585132,0.515001
D:\uwiqa_dataset\UIQD\images\1601.jpg,uiqd,1.75,0.1875,test,0.2599413,0.43788823,0.30830926,0.2538026,0.46590084,0.502269,0.4752384,0.5721768,0.52044415,0.5191268,0.5176342
D:\uwiqa_dataset\UIQD\images\3808.jpg,uiqd,2.083333333,0.27083333325000003,test,0.288025,0.3952445,0.26745266,0.33730283,0.54221153,0.44623327,0.45497033,0.56448674,0.5306196,0.46531203,0.48686296
D:\uwiqa_dataset\UIQD\images\2793.jpg,uiqd,1.916666667,0.22916666675000003,test,0.16164206,0.4849477,0.35430747,0.16074488,0.46598506,0.5001196,0.46365717,0.5473089,0.51358086,0.48673743,0.5351517
D:\uwiqa_dataset\UIQD\images\5075.jpg,uiqd,2.25,0.3125,test,0.3483154,0.41650173,0.29156747,0.29193088,0.46668547,0.48854956,0.4939814,0.4726247,0.48360956,0.433286,0.5214476
D:\uwiqa_dataset\UIQD\images\6127.jpg,uiqd,4.0,0.75,test,0.8016491,0.6261744,0.103252016,0.27057356,0.2944366,0.69003016,0.5727832,0.30011982,0.6477263,0.5654057,0.44169566
D:\uwiqa_dataset\UIQD\images\6271.jpg,uiqd,3.916666667,0.72916666675,test,0.74132264,0.66278154,0.11591789,0.2213005,0.50221,0.4976316,0.43527946,0.5640826,0.56065464,0.49350536,0.5136845
D:\uwiqa_dataset\UIQD\images\5268.jpg,uiqd,4.416666667,0.8541666667500001,test,0.76277274,0.49874473,0.16904673,0.33220857,0.33288586,0.49183846,0.48449832,0.4601557,0.5061357,0.51798946,0.5465579
D:\uwiqa_dataset\UIQD\images\6308.jpg,uiqd,2.75,0.4375,test,0.34002194,0.4128313,0.25663608,0.3305327,0.5377885,0.4382216,0.45393234,0.5603038,0.5272951,0.46621317,0.47889432
D:\uwiqa_dataset\UIQD\images\5471.jpg,uiqd,4.5,0.875,test,0.79160625,0.59427047,0.1567553,0.2489742,0.39229745,0.6299515,0.47954994,0.29641068,0.5953209,0.4149326,0.4315479
D:\uwiqa_dataset\UIQD\images\5452.jpg,uiqd,2.083333333,0.27083333325000003,test,0.27173927,0.35838804,0.24695821,0.39465377,0.51092905,0.45006344,0.40189755,0.6270152,0.6680282,0.49668074,0.5420494
D:\uwiqa_dataset\UIQD\images\5912.jpg,uiqd,1.916666667,0.22916666675000003,test,0.18153949,0.3857079,0.23187806,0.38241404,0.46547076,0.4742768,0.49100888,0.57267594,0.55190474,0.5424927,0.5010658
D:\uwiqa_dataset\UIQD\images\2265.jpg,uiqd,2.25,0.3125,test,0.37570933,0.3942562,0.2803143,0.32542956,0.5032514,0.46891007,0.4686548,0.55138224,0.52351713,0.48085144,0.5025185
D:\uwiqa_dataset\UIQD\images\5342.jpg,uiqd,1.916666667,0.22916666675000003,test,0.29365072,0.50075525,0.25502306,0.2442217,0.6024655,0.48305202,0.42036736,0.6306595,0.641268,0.47352105,0.54195
D:\uwiqa_dataset\UIQD\images\4661.jpg,uiqd,4.166666667,0.7916666667500001,test,0.83177644,0.57928145,0.13062225,0.2900963,0.4777683,0.5255182,0.42560205,0.4013801,0.4946669,0.36595073,0.5055493
D:\uwiqa_dataset\UIQD\images\4976.jpg,uiqd,2.0,0.25,test,0.10504441,0.44645208,0.35068542,0.20286241,0.3800631,0.6097364,0.4760476,0.5652588,0.5549419,0.60451245,0.5187098
D:\uwiqa_dataset\UIQD\images\1311.jpg,uiqd,2.333333333,0.33333333325000003,test,0.33186528,0.40240926,0.2662819,0.33130884,0.55500466,0.4874075,0.42334884,0.5860389,0.61564,0.47989216,0.510646
D:\uwiqa_dataset\UIQD\images\5883.jpg,uiqd,3.416666667,0.60416666675,test,0.7553621,0.5506361,0.24093358,0.20843036,0.3464784,0.5953557,0.5446019,0.3828913,0.56076986,0.5342913,0.4317246
D:\uwiqa_dataset\UIQD\images\438.jpg,uiqd,1.666666667,0.16666666675000003,test,0.27016446,0.34328806,0.32723483,0.3294771,0.5069535,0.47181907,0.43108204,0.59906435,0.5905712,0.49743932,0.5330589
D:\uwiqa_dataset\UIQD\images\5550.jpg,uiqd,2.25,0.3125,test,0.21257228,0.36579219,0.3348769,0.29933095,0.4792822,0.49197704,0.4490768,0.57940626,0.5544094,0.5015124,0.5347258
D:\uwiqa_dataset\UIQD\images\1159.jpg,uiqd,1.833333333,0.20833333324999997,test,0.20070823,0.4542712,0.25288936,0.2928395,0.48771754,0.48181292,0.42475232,0.4957936,0.5627121,0.49342772,0.5034972
D:\uwiqa_dataset\UIQD\images\1497.jpg,uiqd,3.416666667,0.60416666675,test,0.6778684,0.50733626,0.24784563,0.24481812,0.4461029,0.5033474,0.49951476,0.4166905,0.46223736,0.39303052,0.5188975
D:\uwiqa_dataset\UIQD\images\3108.jpg,uiqd,2.416666667,0.35416666674999997,test,0.26994586,0.34307817,0.3100568,0.346865,0.46649027,0.4987918,0.45975918,0.56551814,0.54817164,0.51300347,0.5267862
D:\uwiqa_dataset\UIQD\images\5432.jpg,uiqd,1.166666667,0.041666666750000025,test,0.07707763,0.32085726,0.15780574,0.521337,0.5406561,0.4428786,0.47344092,0.57906455,0.53602415,0.48595276,0.47915494
D:\uwiqa_dataset\UIQD\images\2099.jpg,uiqd,2.083333333,0.27083333325000003,test,0.23580207,0.55963665,0.26844206,0.17192128,0.47590166,0.5389031,0.46386382,0.42234084,0.5229014,0.4624165,0.4802016
D:\uwiqa_dataset\UIQD\images\3705.jpg,uiqd,2.083333333,0.27083333325000003,test,0.28620473,0.35095084,0.32389334,0.32515585,0.46491292,0.50289726,0.4507734,0.58122855,0.56919694,0.5189681,0.5342122
D:\uwiqa_dataset\UIQD\images\260.jpg,uiqd,2.0,0.25,test,0.29002663,0.38770956,0.3468325,0.26545796,0.4780775,0.50705427,0.42807826,0.5947051,0.57810384,0.51157635,0.5436695
D:\uwiqa_dataset\UIQD\images\2165.jpg,uiqd,4.5,0.875,test,0.82149017,0.57778513,0.15291229,0.26930258,0.4970628,0.49225372,0.41572875,0.41113678,0.48661184,0.39738762,0.47558123
D:\uwiqa_dataset\UIQD\images\2836.jpg,uiqd,1.75,0.1875,test,0.14661464,0.43238068,0.3708196,0.19679973,0.4165085,0.5508171,0.46427172,0.5894778,0.5582129,0.5687192,0.5341781
D:\uwiqa_dataset\UIQD\images\756.jpg,uiqd,2.083333333,0.27083333325000003,test,0.27564222,0.46475694,0.3064533,0.22878979,0.461267,0.5088508,0.46122748,0.56277335,0.54418266,0.51168436,0.5293225
D:\uwiqa_dataset\UIQD\images\3483.jpg,uiqd,1.75,0.1875,test,0.16617979,0.393001,0.3414752,0.2655238,0.44570413,0.5256237,0.4719801,0.5604698,0.52830166,0.5266104,0.5279361
D:\uwiqa_dataset\UIQD\images\46.jpg,uiqd,2.083333333,0.27083333325000003,test,0.29447153,0.446974,0.35294423,0.20008186,0.49789757,0.48658112,0.44345778,0.56830794,0.5370111,0.4760663,0.53246146
D:\uwiqa_dataset\UIQD\images\748.jpg,uiqd,2.5,0.375,test,0.37784305,0.429562,0.35616806,0.21426995,0.4819317,0.48871282,0.46620896,0.45885047,0.49689075,0.42774242,0.51282096
D:\uwiqa_dataset\UIQD\images\3064.jpg,uiqd,3.5,0.625,test,0.68923473,0.475436,0.25029114,0.27427286,0.51496696,0.4555857,0.38930643,0.43974823,0.437844,0.33151802,0.49182492
D:\uwiqa_dataset\UIQD\images\324.jpg,uiqd,1.083333333,0.020833333249999975,test,0.02591684,0.3815925,0.44170836,0.1766991,0.45686793,0.528661,0.46374926,0.5975691,0.5127929,0.54389095,0.51050735
D:\uwiqa_dataset\UIQD\images\3868.jpg,uiqd,3.583333333,0.64583333325,test,0.67968386,0.48709336,0.25399536,0.2589113,0.43153557,0.5495615,0.46870345,0.40225732,0.4949405,0.45672968,0.48151115
D:\uwiqa_dataset\UIQD\images\4533.jpg,uiqd,1.916666667,0.22916666675000003,test,0.28083646,0.54929656,0.25801063,0.19269282,0.50572455,0.41040832,0.43334165,0.39356738,0.46116886,0.29666734,0.5235083
D:\uwiqa_dataset\UIQD\images\4297.jpg,uiqd,4.083333333,0.7708333332499999,test,0.7802843,0.4795105,0.19356683,0.32692266,0.5349732,0.46938434,0.3832799,0.4660291,0.4303237,0.36336532,0.49579504
D:\uwiqa_dataset\UIQD\images\5062.jpg,uiqd,1.916666667,0.22916666675000003,test,0.21018213,0.44097957,0.3122172,0.24680325,0.43372664,0.5486006,0.4574428,0.52872217,0.5462782,0.51130056,0.53715163
D:\uwiqa_dataset\UIQD\images\6244.jpg,uiqd,2.666666667,0.41666666674999997,test,0.33057222,0.38484538,0.30101347,0.31414112,0.500854,0.4709209,0.44859955,0.5816118,0.55943334,0.48652175,0.52738005
D:\uwiqa_dataset\UIQD\images\2116.jpg,uiqd,1.416666667,0.10416666675000003,test,0.14079191,0.4847219,0.28616735,0.22911076,0.5152616,0.47008792,0.43085894,0.6079037,0.5462992,0.5112434,0.5662655
D:\uwiqa_dataset\UIQD\images\5361.jpg,uiqd,1.333333333,0.08333333324999997,test,0.025746975,0.35318562,0.5270116,0.11980275,0.45031306,0.53506154,0.45268714,0.641646,0.4784979,0.5743083,0.4718439
D:\uwiqa_dataset\UIQD\images\3222.jpg,uiqd,1.416666667,0.10416666675000003,test,0.034145325,0.2664625,0.15085293,0.5826845,0.53221506,0.42251858,0.47675684,0.6393113,0.5630773,0.52915466,0.49280837
D:\uwiqa_dataset\UIQD\images\5384.jpg,uiqd,2.0,0.25,test,0.23188356,0.51913214,0.3364857,0.1443822,0.46868345,0.49275953,0.48661196,0.53447473,0.5051331,0.48822796,0.5079359
D:\uwiqa_dataset\UIQD\images\577.jpg,uiqd,1.5,0.125,test,0.14688587,0.5130104,0.28170633,0.20528328,0.48114693,0.49971703,0.46198335,0.5721418,0.52559566,0.509594,0.5151298
D:\uwiqa_dataset\UIQD\images\2277.jpg,uiqd,3.833333333,0.70833333325,test,0.6716982,0.5713427,0.14624803,0.28240925,0.43552786,0.443985,0.4130662,0.6306361,0.65477085,0.4955284,0.5274208
D:\uwiqa_dataset\UIQD\images\5987.jpg,uiqd,2.833333333,0.45833333325000003,test,0.44645044,0.4326635,0.31254402,0.25479242,0.5015787,0.4767428,0.4509275,0.56458354,0.53284264,0.47736505,0.5179995
D:\uwiqa_dataset\UIQD\images\3306.jpg,uiqd,1.666666667,0.16666666675000003,test,0.11693498,0.35484353,0.2594184,0.38573807,0.49489087,0.4638749,0.48666185,0.57150346,0.51584804,0.510414,0.49194047
D:\uwiqa_dataset\UIQD\images\3858.jpg,uiqd,1.916666667,0.22916666675000003,test,0.17971483,0.34708342,0.2064708,0.44644582,0.502818,0.4147419,0.4914412,0.581676,0.5472634,0.5059515,0.49320558
D:\uwiqa_dataset\UIQD\images\4906.jpg,uiqd,3.916666667,0.72916666675,test,0.74805874,0.53471714,0.10604585,0.35923702,0.27086085,0.40429386,0.5233642,0.5429036,0.542967,0.59380776,0.5828346
D:\uwiqa_dataset\UIQD\images\5048.jpg,uiqd,1.5,0.125,test,0.06205093,0.36058572,0.38144097,0.2579733,0.54975414,0.43375033,0.44724977,0.63401777,0.5275082,0.4803467,0.4736243
D:\uwiqa_dataset\UIQD\images\411.jpg,uiqd,1.833333333,0.20833333324999997,test,0.20873109,0.4121671,0.3759919,0.211841,0.41054884,0.5544981,0.4659214,0.5586552,0.5724034,0.5575081,0.54027414
D:\uwiqa_dataset\UIQD\images\42.jpg,uiqd,2.0,0.25,test,0.3032113,0.38169962,0.34168637,0.27661398,0.47043094,0.49095142,0.4218097,0.59962696,0.609979,0.5079748,0.5576708
D:\uwiqa_dataset\UIQD\images\3893.jpg,uiqd,3.916666667,0.72916666675,test,0.658253,0.45214352,0.3162566,0.23159982,0.47610238,0.52271736,0.43674058,0.41708413,0.48035872,0.42412683,0.4735493
D:\uwiqa_dataset\UIQD\images\5437.jpg,uiqd,3.25,0.5625,test,0.5556869,0.46717754,0.22230296,0.31051952,0.28448236,0.4152057,0.49354276,0.62890553,0.54863906,0.6081797,0.55317473
D:\uwiqa_dataset\UIQD\images\5557.jpg,uiqd,2.083333333,0.27083333325000003,test,0.19707145,0.39081246,0.36379918,0.2453883,0.42459208,0.5423776,0.47196373,0.5617193,0.5466981,0.54673326,0.5351636
D:\uwiqa_dataset\UIQD\images\5215.jpg,uiqd,2.166666667,0.29166666674999997,test,0.24650112,0.4315648,0.25465548,0.31377968,0.4682668,0.48022893,0.5024595,0.5124686,0.495886,0.48026004,0.50868434
D:\uwiqa_dataset\UIQD\images\600.jpg,uiqd,2.5,0.375,test,0.3383053,0.4400923,0.32737324,0.23253441,0.48207986,0.47682664,0.4765707,0.54072297,0.512236,0.48300147,0.50232124
D:\uwiqa_dataset\UIQD\images\5857.jpg,uiqd,1.333333333,0.08333333324999997,test,0.0816648,0.34696504,0.24526697,0.40776795,0.4220895,0.4966197,0.48918888,0.6042574,0.5711392,0.57893234,0.5258498
D:\uwiqa_dataset\UIQD\images\20.jpg,uiqd,3.916666667,0.72916666675,test,0.61312467,0.49231538,0.22047487,0.28720975,0.41877472,0.51460296,0.5203587,0.50393605,0.46064046,0.42495775,0.46150294
D:\uwiqa_dataset\UIQD\images\5430.jpg,uiqd,2.166666667,0.29166666674999997,test,0.31966284,0.39357072,0.2842732,0.3221561,0.51030356,0.4702567,0.4529492,0.5656315,0.53899527,0.47238344,0.51862675
D:\uwiqa_dataset\UIQD\images\3594.jpg,uiqd,2.416666667,0.35416666674999997,test,0.42183158,0.424649,0.26155487,0.31379607,0.52279204,0.48051423,0.41398853,0.59261644,0.5768757,0.47234738,0.537184
D:\uwiqa_dataset\UIQD\images\3210.jpg,uiqd,2.833333333,0.45833333325000003,test,0.48654237,0.58189774,0.24215016,0.17595215,0.42990512,0.44035256,0.5440342,0.48024508,0.5110076,0.46052104,0.53770995
D:\uwiqa_dataset\UIQD\images\2523.jpg,uiqd,1.583333333,0.14583333324999997,test,0.20409116,0.34424168,0.32134914,0.33440924,0.4970664,0.49229786,0.4469842,0.5663035,0.5348562,0.4870683,0.5240934
D:\uwiqa_dataset\UIQD\images\200.jpg,uiqd,2.333333333,0.33333333325000003,test,0.32048002,0.4238546,0.27039757,0.30574787,0.4977073,0.47537932,0.4440966,0.5854628,0.57578146,0.49312484,0.53200066
D:\uwiqa_dataset\UIQD\images\1756.jpg,uiqd,1.916666667,0.22916666675000003,test,0.1622937,0.42443553,0.39267448,0.18288998,0.40788108,0.5631058,0.47614375,0.56950104,0.5469631,0.56810087,0.53521955
D:\uwiqa_dataset\UIQD\images\5011.jpg,uiqd,3.25,0.5625,test,0.60589755,0.49285755,0.28700376,0.22013864,0.3891118,0.53053117,0.5671706,0.3483596,0.49973455,0.38329908,0.5023993
D:\uwiqa_dataset\UIQD\images\4488.jpg,uiqd,2.583333333,0.39583333325000003,test,0.31894252,0.37682444,0.25976312,0.36341235,0.477869,0.47757486,0.48477125,0.5693558,0.54008806,0.5232158,0.5112277
D:\uwiqa_dataset\UIQD\images\52.jpg,uiqd,4.833333333,0.9583333332499999,test,0.8716435,0.4652598,0.15541923,0.379321,0.37143913,0.5545008,0.5067064,0.37930873,0.49508387,0.41314778,0.4516868
D:\uwiqa_dataset\UIQD\images\4394.jpg,uiqd,1.666666667,0.16666666675000003,test,0.19595465,0.3546766,0.30177143,0.34355193,0.50088793,0.4830282,0.44955152,0.5651554,0.5528443,0.49429953,0.5246022
D:\uwiqa_dataset\UIQD\images\2463.jpg,uiqd,1.583333333,0.14583333324999997,test,0.13810097,0.34721872,0.4112111,0.24157019,0.4805515,0.5025158,0.44232684,0.574634,0.5599677,0.50577945,0.532057
D:\uwiqa_dataset\UIQD\images\813.jpg,uiqd,3.333333333,0.58333333325,test,0.49318826,0.49295527,0.28824338,0.21880136,0.53531903,0.4472453,0.41203296,0.552732,0.5015965,0.41506833,0.5072907
D:\uwiqa_dataset\UIQD\images\6094.jpg,uiqd,1.916666667,0.22916666675000003,test,0.15173094,0.41031042,0.33761203,0.25207758,0.4095071,0.55897754,0.48844755,0.5389966,0.55001587,0.5470718,0.5264603
D:\uwiqa_dataset\UIQD\images\3102.jpg,uiqd,1.416666667,0.10416666675000003,test,0.21016587,0.39321926,0.27509314,0.33168754,0.5239761,0.48378158,0.42905372,0.58987325,0.5654914,0.4839794,0.5281539
D:\uwiqa_dataset\UIQD\images\102.jpg,uiqd,1.166666667,0.041666666750000025,test,0.066140845,0.34450674,0.38522542,0.2702678,0.5084068,0.48031008,0.4243748,0.6229608,0.57687545,0.5050421,0.52714604
D:\uwiqa_dataset\UIQD\images\5558.jpg,uiqd,1.25,0.0625,test,-0.0010457141,0.40668654,0.20177516,0.39153835,0.4707653,0.4582795,0.49213144,0.59368384,0.5190113,0.53852236,0.49193585
D:\uwiqa_dataset\UIQD\images\4608.jpg,uiqd,1.166666667,0.041666666750000025,test,0.12174553,0.3511913,0.35057867,0.29823,0.5044852,0.48110217,0.46410003,0.5307811,0.51241946,0.46354607,0.50176466
D:\uwiqa_dataset\UIQD\images\1363.jpg,uiqd,1.333333333,0.08333333324999997,test,0.017917473,0.36892587,0.49069887,0.14037529,0.46907887,0.4988385,0.46820486,0.6146134,0.5036555,0.54010516,0.4993345
D:\uwiqa_dataset\UIQD\images\1727.jpg,uiqd,1.583333333,0.14583333324999997,test,0.21391472,0.36312324,0.26524338,0.37163338,0.4681451,0.48064044,0.42516685,0.6155894,0.6325462,0.5174445,0.5538231
D:\uwiqa_dataset\UIQD\images\1741.jpg,uiqd,2.083333333,0.27083333325000003,test,0.23551497,0.3785024,0.36045757,0.26104006,0.48182338,0.4957008,0.45490798,0.55561125,0.5333511,0.49049285,0.5241501
D:\uwiqa_dataset\UIQD\images\1892.jpg,uiqd,2.166666667,0.29166666674999997,test,0.36851513,0.4000141,0.31347394,0.286512,0.47903597,0.48067546,0.4722238,0.5820425,0.54506874,0.5187505,0.5176419
D:\uwiqa_dataset\UIQD\images\2389.jpg,uiqd,1.0,0.0,test,0.025336415,0.46871394,0.13770103,0.39358506,0.45001513,0.47560522,0.48016542,0.6242207,0.5321643,0.5646218,0.49720666
D:\uwiqa_dataset\UIQD\images\4295.jpg,uiqd,1.166666667,0.041666666750000025,test,0.046167884,0.38464007,0.42075524,0.19460471,0.4896409,0.47045827,0.44799665,0.66369444,0.48696178,0.54352015,0.46194154
D:\uwiqa_dataset\UIQD\images\4895.jpg,uiqd,4.083333333,0.7708333332499999,test,0.81048554,0.53975344,0.13327537,0.32697114,0.330721,0.59263724,0.42157075,0.49852782,0.5944179,0.5607756,0.53028244
D:\uwiqa_dataset\UIQD\images\6297.jpg,uiqd,1.5,0.125,test,0.15503405,0.36139235,0.31932974,0.31927788,0.47961837,0.50451833,0.43973485,0.5769282,0.5601493,0.49943587,0.5357102
D:\uwiqa_dataset\UIQD\images\4693.jpg,uiqd,3.666666667,0.66666666675,test,0.58488023,0.4901167,0.24822196,0.26166135,0.5332615,0.49006274,0.376638,0.5443832,0.5123677,0.42481595,0.5286054
D:\uwiqa_dataset\UIQD\images\5246.jpg,uiqd,2.0,0.25,test,0.16306974,0.33589324,0.32993707,0.33416966,0.5059881,0.47403073,0.47116688,0.54169166,0.5112846,0.46888387,0.51006144
D:\uwiqa_dataset\UIQD\images\6113.jpg,uiqd,1.75,0.1875,test,0.18578404,0.39279586,0.29803556,0.3091686,0.4595708,0.51141584,0.44946393,0.5749782,0.56681865,0.5144309,0.5360526
D:\uwiqa_dataset\UIQD\images\2679.jpg,uiqd,2.333333333,0.33333333325000003,test,0.39402503,0.46738982,0.3097356,0.22287463,0.50516456,0.4920145,0.4479263,0.50877756,0.5078729,0.46631435,0.50421196
D:\uwiqa_dataset\UIQD\images\2419.jpg,uiqd,3.833333333,0.70833333325,test,0.6992179,0.6819947,0.11123718,0.2067682,0.57124084,0.45808023,0.4064627,0.5423172,0.49989817,0.4214642,0.5362599
D:\uwiqa_dataset\UIQD\images\3689.jpg,uiqd,2.166666667,0.29166666674999997,test,0.4851647,0.44059315,0.27511057,0.2842963,0.34860125,0.42495665,0.4513635,0.60464203,0.59689623,0.52916473,0.5692992
D:\uwiqa_dataset\UIQD\images\1540.jpg,uiqd,3.166666667,0.54166666675,test,0.6167652,0.51012814,0.20407295,0.2857989,0.42420053,0.49193636,0.48691908,0.5403175,0.5409768,0.52525884,0.49280745
D:\uwiqa_dataset\UIQD\images\2118.jpg,uiqd,1.583333333,0.14583333324999997,test,0.13857833,0.3764518,0.38620237,0.23734581,0.35902557,0.64065015,0.482168,0.5294222,0.57121783,0.6095416,0.52454025
D:\uwiqa_dataset\UIQD\images\6274.jpg,uiqd,3.666666667,0.66666666675,test,0.65595263,0.50659204,0.17295216,0.32045576,0.34908634,0.51644087,0.45837745,0.45790854,0.50798064,0.4859227,0.4712895
D:\uwiqa_dataset\UIQD\images\6214.jpg,uiqd,1.666666667,0.16666666675000003,test,0.21154232,0.45739955,0.37562144,0.16697899,0.43090293,0.5281279,0.49163634,0.53735524,0.5303655,0.530763,0.5276333
D:\uwiqa_dataset\UIQD\images\1130.jpg,uiqd,2.166666667,0.29166666674999997,test,0.30396667,0.38953984,0.26726395,0.3431962,0.4774193,0.4761761,0.5034202,0.504769,0.50171846,0.47114423,0.5036291
D:\uwiqa_dataset\UIQD\images\4817.jpg,uiqd,1.416666667,0.10416666675000003,test,0.1376766,0.2947294,0.31044883,0.3948217,0.47023448,0.4584017,0.45883235,0.6163996,0.5843017,0.54142046,0.52371705
D:\uwiqa_dataset\UIQD\images\3464.jpg,uiqd,3.75,0.6875,test,0.6993865,0.5369659,0.15855387,0.3044802,0.5205307,0.4885107,0.41936618,0.51009333,0.4528483,0.41730484,0.54223675
D:\uwiqa_dataset\UIQD\images\3883.jpg,uiqd,1.25,0.0625,test,0.081478775,0.24935724,0.15038139,0.60026133,0.5365119,0.45154306,0.4513897,0.60067797,0.5666752,0.50518847,0.49300632
D:\uwiqa_dataset\UIQD\images\566.jpg,uiqd,3.75,0.6875,test,0.73367465,0.52157503,0.20615064,0.27227426,0.30589217,0.56811124,0.5495642,0.4394087,0.5773399,0.5980769,0.48994318
D:\uwiqa_dataset\UIQD\images\3287.jpg,uiqd,3.166666667,0.54166666675,test,0.5013585,0.48053637,0.22584796,0.29361564,0.5498472,0.43820852,0.39992678,0.56563765,0.53941816,0.44022697,0.5059627
D:\uwiqa_dataset\UIQD\images\1222.jpg,uiqd,3.0,0.5,test,0.42171612,0.44290853,0.3117315,0.24535996,0.50060356,0.4923159,0.42375395,0.5757534,0.5449476,0.46809748,0.5378334
D:\uwiqa_dataset\UIQD\images\3817.jpg,uiqd,2.416666667,0.35416666674999997,test,0.3816373,0.5078117,0.27691317,0.21527514,0.4635801,0.4951484,0.37673438,0.32317042,0.4364319,0.28580806,0.3830691
D:\uwiqa_dataset\UIQD\images\1920.jpg,uiqd,1.583333333,0.14583333324999997,test,0.31853136,0.36850253,0.2963105,0.33518693,0.48184636,0.47116327,0.4885527,0.55097777,0.5341317,0.51091886,0.50496465
D:\uwiqa_dataset\UIQD\images\5594.jpg,uiqd,3.5,0.625,test,0.57573575,0.48905683,0.21659362,0.2943496,0.47195685,0.47947714,0.459134,0.5081557,0.45471665,0.42495584,0.5414437
D:\uwiqa_dataset\UIQD\images\2663.jpg,uiqd,2.166666667,0.29166666674999997,test,0.2009542,0.6708185,0.13541791,0.19376361,0.33052003,0.54263943,0.564789,0.49518266,0.57002705,0.6044565,0.5072631
D:\uwiqa_dataset\UIQD\images\4441.jpg,uiqd,2.083333333,0.27083333325000003,test,0.23597325,0.42961827,0.27240568,0.29797602,0.52253944,0.45686182,0.4273687,0.62554187,0.5368041,0.5104838,0.5781991
D:\uwiqa_dataset\UIQD\images\409.jpg,uiqd,4.25,0.8125,test,0.8051551,0.54909265,0.11144538,0.33946192,0.57736284,0.43181175,0.38645288,0.50036985,0.42160505,0.38568088,0.5086252
D:\uwiqa_dataset\UIQD\images\5549.jpg,uiqd,3.666666667,0.66666666675,test,0.5664868,0.50942737,0.2511938,0.23937882,0.39303905,0.5749148,0.4532553,0.37874267,0.50474745,0.46966302,0.4731596
D:\uwiqa_dataset\UIQD\images\326.jpg,uiqd,1.416666667,0.10416666675000003,test,0.19803979,0.41096422,0.33624595,0.25278986,0.4709121,0.515852,0.44366536,0.50750536,0.48969805,0.4376294,0.5346678
D:\uwiqa_dataset\UIQD\images\3951.jpg,uiqd,1.833333333,0.20833333324999997,test,0.19813389,0.46451923,0.31500545,0.22047535,0.49904743,0.5092593,0.42475107,0.5389744,0.5339403,0.48217297,0.5226844
D:\uwiqa_dataset\UIQD\images\2339.jpg,uiqd,2.583333333,0.39583333325000003,test,0.36663038,0.3744695,0.29534414,0.33018637,0.5082802,0.44323382,0.5067078,0.48051915,0.49494997,0.4640437,0.54428446
D:\uwiqa_dataset\UIQD\images\2916.jpg,uiqd,1.416666667,0.10416666675000003,test,0.067020215,0.33002505,0.40565127,0.26432365,0.4646362,0.49073464,0.4603794,0.5824403,0.54636204,0.5273098,0.51994044
D:\uwiqa_dataset\UIQD\images\997.jpg,uiqd,1.166666667,0.041666666750000025,test,0.03754212,0.34387386,0.5044147,0.15171148,0.4451112,0.53357357,0.45863065,0.59341997,0.548558,0.5514204,0.5214252
D:\uwiqa_dataset\UIQD\images\3383.jpg,uiqd,2.166666667,0.29166666674999997,test,0.24202202,0.3434268,0.34148148,0.31509176,0.49856836,0.47834626,0.45462945,0.56909263,0.5460369,0.49135506,0.5215668
D:\uwiqa_dataset\UIQD\images\1500.jpg,uiqd,1.833333333,0.20833333324999997,test,0.15045957,0.3188597,0.3265284,0.35461187,0.4860895,0.4864278,0.46603864,0.55199116,0.52152735,0.48807412,0.5193321
D:\uwiqa_dataset\UIQD\images\1671.jpg,uiqd,4.166666667,0.7916666667500001,test,0.78560174,0.51627564,0.16722092,0.3165034,0.30471066,0.48835474,0.5068235,0.44919148,0.5214737,0.5225067,0.47739688
D:\uwiqa_dataset\UIQD\images\2883.jpg,uiqd,3.916666667,0.72916666675,test,0.76271963,0.5023574,0.16957048,0.32807216,0.3143975,0.6195039,0.5034198,0.35934755,0.57284063,0.55726993,0.40406424
D:\uwiqa_dataset\UIQD\images\965.jpg,uiqd,1.666666667,0.16666666675000003,test,0.19416523,0.4284253,0.24726273,0.3243119,0.46472347,0.47273475,0.43016085,0.6135997,0.5977171,0.5251217,0.5291292
D:\uwiqa_dataset\UIQD\images\1372.jpg,uiqd,1.916666667,0.22916666675000003,test,0.30248648,0.46808654,0.22135565,0.31055775,0.5106212,0.46411476,0.4261094,0.6122552,0.58426684,0.49829176,0.5301814
D:\uwiqa_dataset\UIQD\images\3329.jpg,uiqd,4.75,0.9375,test,0.9572467,0.5835704,0.06691695,0.3495126,0.31856325,0.5508219,0.5043496,0.38278055,0.52483207,0.4982626,0.4579273
D:\uwiqa_dataset\UIQD\images\2601.jpg,uiqd,1.583333333,0.14583333324999997,test,0.15107663,0.36885193,0.17467329,0.45647478,0.43374354,0.47315508,0.4870052,0.59844226,0.57769746,0.56702936,0.52368045
D:\uwiqa_dataset\UIQD\images\3502.jpg,uiqd,3.25,0.5625,test,0.6149441,0.4857623,0.21566081,0.29857695,0.5532973,0.414789,0.40092492,0.51615167,0.49304584,0.39059424,0.50065434
D:\uwiqa_dataset\UIQD\images\5657.jpg,uiqd,1.75,0.1875,test,0.215762,0.38221094,0.32253462,0.2952544,0.42766476,0.5409582,0.47711667,0.5525279,0.5416791,0.53839463,0.53277797
D:\uwiqa_dataset\UIQD\images\372.jpg,uiqd,1.166666667,0.041666666750000025,test,0.08873895,0.37710893,0.09830728,0.52458376,0.56419605,0.4008292,0.44337448,0.6914483,0.52535003,0.519193,0.44494113
D:\uwiqa_dataset\UIQD\images\1353.jpg,uiqd,3.833333333,0.70833333325,test,0.6906585,0.45157185,0.21425624,0.3341719,0.40260765,0.5179284,0.453208,0.45683554,0.4730373,0.48415974,0.5245705
D:\uwiqa_dataset\UIQD\images\4919.jpg,uiqd,2.5,0.375,test,0.3813793,0.42140266,0.30307958,0.27551776,0.48109114,0.47316948,0.46499306,0.5202989,0.48773676,0.43417102,0.5184574
D:\uwiqa_dataset\UIQD\images\5175.jpg,uiqd,2.333333333,0.33333333325000003,test,0.37404534,0.40318674,0.34523928,0.25157404,0.4790942,0.48160994,0.45517686,0.5914354,0.56379235,0.5109126,0.53324294
D:\uwiqa_dataset\UIQD\images\978.jpg,uiqd,1.25,0.0625,test,0.12748007,0.3114308,0.1705222,0.518047,0.52427125,0.45531046,0.45015568,0.606665,0.58409745,0.51580703,0.50748754
D:\uwiqa_dataset\UIQD\images\1407.jpg,uiqd,1.666666667,0.16666666675000003,test,0.19622509,0.6569733,0.1873822,0.15564445,0.5481957,0.47908938,0.3895231,0.6273505,0.5910202,0.4806687,0.5845827
D:\uwiqa_dataset\UIQD\images\5934.jpg,uiqd,3.75,0.6875,test,0.66598344,0.4305281,0.07352753,0.4959443,0.1905848,0.3982044,0.4934339,0.5679108,0.570254,0.63520944,0.59501106
D:\uwiqa_dataset\UIQD\images\2174.jpg,uiqd,3.25,0.5625,test,0.6937034,0.43641248,0.26599923,0.2975883,0.48823422,0.5046056,0.4208751,0.43504143,0.4842598,0.4340827,0.46267036
D:\uwiqa_dataset\UIQD\images\4261.jpg,uiqd,1.25,0.0625,test,0.06732515,0.48843503,0.3245941,0.18697082,0.4979335,0.40359426,0.4377211,0.7241987,0.4327418,0.54770607,0.3956308
D:\uwiqa_dataset\UIQD\images\2618.jpg,uiqd,1.083333333,0.020833333249999975,test,0.028598867,0.37097785,0.19943906,0.42958313,0.47754604,0.43616927,0.5056875,0.5690136,0.5288988,0.520286,0.49845862
D:\uwiqa_dataset\UIQD\images\4061.jpg,uiqd,4.5,0.875,test,0.9540815,0.5719686,0.13427205,0.29375938,0.43976706,0.50691175,0.36821035,0.2603125,0.48482135,0.2525554,0.454062
D:\uwiqa_dataset\UIQD\images\3159.jpg,uiqd,1.416666667,0.10416666675000003,test,0.16885227,0.38752836,0.30254638,0.30992532,0.4834918,0.4947891,0.44810912,0.5910156,0.5341036,0.5099376,0.52195454
D:\uwiqa_dataset\UIQD\images\5484.jpg,uiqd,4.416666667,0.8541666667500001,test,0.8398618,0.46296296,0.1748419,0.3621951,0.4940965,0.4943102,0.4025148,0.46480834,0.50790274,0.42446476,0.47756258
D:\uwiqa_dataset\UIQD\images\3438.jpg,uiqd,2.416666667,0.35416666674999997,test,0.34936377,0.41164488,0.2669827,0.32137248,0.50397545,0.4748011,0.4524917,0.5725438,0.54475164,0.4828446,0.5194299
D:\uwiqa_dataset\UIQD\images\1952.jpg,uiqd,2.416666667,0.35416666674999997,test,0.3631094,0.46876732,0.2686571,0.26257557,0.49345276,0.52350676,0.40449375,0.5376524,0.52061534,0.44736397,0.5353341
D:\uwiqa_dataset\UIQD\images\4986.jpg,uiqd,2.583333333,0.39583333325000003,test,0.3838515,0.40781766,0.28452194,0.30766043,0.49651787,0.49832964,0.42274642,0.5803471,0.56759363,0.4855285,0.54113734
D:\uwiqa_dataset\UIQD\images\4504.jpg,uiqd,2.583333333,0.39583333325000003,test,0.47304675,0.44491193,0.2491785,0.30590948,0.51843554,0.47565195,0.44259763,0.5567351,0.5259581,0.46657974,0.5145999
D:\uwiqa_dataset\UIQD\images\1177.jpg,uiqd,2.583333333,0.39583333325000003,test,0.34698373,0.39599776,0.30737945,0.2966228,0.50087434,0.4729439,0.45772314,0.57890105,0.545755,0.49095383,0.520397
D:\uwiqa_dataset\UIQD\images\4773.jpg,uiqd,1.833333333,0.20833333324999997,test,0.16987047,0.49216327,0.34278846,0.16504818,0.4302701,0.54557604,0.47365895,0.5216285,0.53033304,0.51167685,0.5349007
D:\uwiqa_dataset\UIQD\images\1427.jpg,uiqd,1.833333333,0.20833333324999997,test,0.22668703,0.39959195,0.35825136,0.24215674,0.5024352,0.49214247,0.43175128,0.567232,0.5342312,0.4672459,0.5364084
D:\uwiqa_dataset\UIQD\images\123.jpg,uiqd,2.25,0.3125,test,0.33897552,0.38258815,0.27933073,0.33808115,0.58007103,0.4697054,0.40817735,0.6125457,0.6268745,0.46628365,0.5350194
D:\uwiqa_dataset\UIQD\images\1729.jpg,uiqd,3.25,0.5625,test,0.5984967,0.44453776,0.24807519,0.30738702,0.3250656,0.5053342,0.5198086,0.55042905,0.5902031,0.6185701,0.49664968
D:\uwiqa_dataset\UIQD\images\1624.jpg,uiqd,2.416666667,0.35416666674999997,test,0.39179483,0.39269274,0.28492826,0.32237902,0.5008451,0.4875991,0.44669545,0.5676455,0.55421036,0.4978491,0.51836616
D:\uwiqa_dataset\UIQD\images\3115.jpg,uiqd,1.416666667,0.10416666675000003,test,0.11568414,0.2933434,0.29482967,0.4118269,0.47532976,0.45547485,0.46386403,0.62781286,0.5478364,0.544825,0.49996293
D:\uwiqa_dataset\UIQD\images\5499.jpg,uiqd,4.0,0.75,test,0.8070716,0.4981973,0.20593506,0.29586765,0.44010776,0.4621679,0.44133508,0.34726596,0.44300818,0.30972314,0.4882084
D:\uwiqa_dataset\UIQD\images\2198.jpg,uiqd,1.666666667,0.16666666675000003,test,0.18923675,0.60461575,0.22686023,0.16852404,0.57897514,0.4587424,0.38565156,0.65001065,0.610139,0.46642137,0.59050995
D:\uwiqa_dataset\UIQD\images\2869.jpg,uiqd,2.833333333,0.45833333325000003,test,0.5872136,0.5130818,0.2129361,0.2739821,0.55970395,0.42836237,0.37352613,0.5305619,0.4565569,0.3647453,0.51935256
D:\uwiqa_dataset\UIQD\images\4251.jpg,uiqd,4.416666667,0.8541666667500001,test,0.7790366,0.62021303,0.08613155,0.2936554,0.3646676,0.4432597,0.46520695,0.6065824,0.5608678,0.5265815,0.51504207
D:\uwiqa_dataset\UIQD\images\757.jpg,uiqd,3.5,0.625,test,0.72626966,0.48188296,0.14696795,0.37114915,0.3905326,0.504622,0.5138715,0.48130643,0.49036184,0.47900525,0.48969233
D:\uwiqa_dataset\UIQD\images\440.jpg,uiqd,2.5,0.375,test,0.37811944,0.4248805,0.2679838,0.3071358,0.5183943,0.4726052,0.438618,0.5730662,0.54216945,0.4756876,0.5106508
D:\uwiqa_dataset\UIQD\images\6134.jpg,uiqd,1.583333333,0.14583333324999997,test,0.08990503,0.35694456,0.4172154,0.22584006,0.3897929,0.60578704,0.43647936,0.5559224,0.58546615,0.5673216,0.56092
D:\uwiqa_dataset\UIQD\images\4263.jpg,uiqd,2.25,0.3125,test,0.2499431,0.35830814,0.29103243,0.3506595,0.50945127,0.4758349,0.43885517,0.57866865,0.58084685,0.4951961,0.52655065
D:\uwiqa_dataset\UIQD\images\1872.jpg,uiqd,2.083333333,0.27083333325000003,test,0.28338477,0.39893055,0.33776155,0.26330784,0.45319048,0.5186748,0.4525087,0.57451147,0.55570954,0.5226361,0.535689
D:\uwiqa_dataset\UIQD\images\4884.jpg,uiqd,2.583333333,0.39583333325000003,test,0.37481314,0.4665587,0.28632802,0.24711323,0.5316117,0.46010354,0.428572,0.562018,0.51206607,0.43617684,0.5203882
D:\uwiqa_dataset\UIQD\images\4088.jpg,uiqd,1.166666667,0.041666666750000025,test,0.0878831,0.33974722,0.52949256,0.13076021,0.48235098,0.49519295,0.48841172,0.6044426,0.45843866,0.5309162,0.47622246
D:\uwiqa_dataset\UIQD\images\5688.jpg,uiqd,1.166666667,0.041666666750000025,test,0.020514434,0.39403215,0.10839274,0.49757507,0.50367427,0.4136481,0.4539006,0.6636429,0.5315391,0.5331784,0.47371486
D:\uwiqa_dataset\UIQD\images\4400.jpg,uiqd,1.833333333,0.20833333324999997,test,0.20683455,0.43013272,0.2916876,0.27817968,0.43931228,0.5178404,0.48710948,0.56863266,0.54286134,0.5439178,0.5180206
D:\uwiqa_dataset\UIQD\images\2877.jpg,uiqd,1.666666667,0.16666666675000003,test,0.087184735,0.29712176,0.16229038,0.5405879,0.5161069,0.4644646,0.44981602,0.6015171,0.578757,0.51707494,0.5094782
D:\uwiqa_dataset\UIQD\images\4126.jpg,uiqd,3.25,0.5625,test,0.60360223,0.49745563,0.16413708,0.33840734,0.28488222,0.35718602,0.39563793,0.7146289,0.6482267,0.5679984,0.58151674
D:\uwiqa_dataset\UIQD\images\3078.jpg,uiqd,3.083333333,0.52083333325,test,0.5902738,0.5072611,0.23079892,0.26193997,0.4664178,0.5313751,0.45770273,0.49916905,0.5383601,0.4900004,0.4284425
D:\uwiqa_dataset\UIQD\images\6017.jpg,uiqd,2.916666667,0.47916666674999997,test,0.6115802,0.5155214,0.21796416,0.26651448,0.31081405,0.6072183,0.5545046,0.46155962,0.585703,0.64241034,0.49349153
D:\uwiqa_dataset\UIQD\images\6138.jpg,uiqd,2.75,0.4375,test,0.5296256,0.48339224,0.32644764,0.19016014,0.5044173,0.4690395,0.45504785,0.5490167,0.51916945,0.46471038,0.5100656
D:\uwiqa_dataset\UIQD\images\1262.jpg,uiqd,2.166666667,0.29166666674999997,test,0.30728,0.3763381,0.2828704,0.34079146,0.48008072,0.48394257,0.4664732,0.5538509,0.5328845,0.49521628,0.52137256
D:\uwiqa_dataset\UIQD\images\1050.jpg,uiqd,3.25,0.5625,test,0.59176034,0.4366597,0.30228594,0.2610543,0.47235695,0.49400327,0.40344238,0.45014215,0.43574193,0.37371084,0.41367313
D:\uwiqa_dataset\UIQD\images\5568.jpg,uiqd,2.333333333,0.33333333325000003,test,0.32244924,0.46258435,0.33721936,0.20019625,0.46886477,0.39484036,0.490996,0.33433285,0.5935529,0.4199058,0.42474967
D:\uwiqa_dataset\UIQD\images\280.jpg,uiqd,1.666666667,0.16666666675000003,test,0.1113653,0.26880214,0.13160844,0.59958947,0.5019419,0.46530113,0.4696303,0.5997998,0.56785345,0.5247568,0.5139564
D:\uwiqa_dataset\UIQD\images\4240.jpg,uiqd,1.916666667,0.22916666675000003,test,0.14939645,0.37648687,0.34826583,0.27524722,0.44819406,0.50808764,0.4708327,0.57646006,0.5541703,0.53128856,0.5341402
D:\uwiqa_dataset\UIQD\images\1563.jpg,uiqd,1.916666667,0.22916666675000003,test,0.25509205,0.3699383,0.27043197,0.35962975,0.47560394,0.4840557,0.47385383,0.59151095,0.54805297,0.5296177,0.517366
D:\uwiqa_dataset\UIQD\images\1345.jpg,uiqd,1.416666667,0.10416666675000003,test,0.17034422,0.42253438,0.27965888,0.2978067,0.38134655,0.55377257,0.47317332,0.62069416,0.49368188,0.6107331,0.47718424
D:\uwiqa_dataset\UIQD\images\4273.jpg,uiqd,1.666666667,0.16666666675000003,test,0.084688656,0.3623325,0.40103716,0.23663034,0.44065276,0.5448193,0.44732955,0.5920114,0.55246824,0.544219,0.5358308
D:\uwiqa_dataset\UIQD\images\5449.jpg,uiqd,1.833333333,0.20833333324999997,test,0.15758976,0.32907808,0.31910935,0.35181254,0.48318312,0.47255674,0.46249366,0.57937956,0.5495328,0.5153723,0.51149744
D:\uwiqa_dataset\UIQD\images\5974.jpg,uiqd,2.333333333,0.33333333325000003,test,0.19512442,0.36592025,0.28914434,0.34493545,0.49007913,0.4820504,0.46990222,0.54971385,0.5147922,0.48599568,0.51613575
D:\uwiqa_dataset\UIQD\images\5836.jpg,uiqd,3.583333333,0.64583333325,test,0.6777387,0.54499686,0.11980608,0.33519706,0.2799361,0.42908576,0.54191726,0.5156942,0.54705286,0.57640797,0.5735324
D:\uwiqa_dataset\UIQD\images\5690.jpg,uiqd,3.166666667,0.54166666675,test,0.58400416,0.5181992,0.19059175,0.29120907,0.434935,0.45568883,0.4888191,0.5286917,0.53493947,0.47748026,0.4602326
D:\uwiqa_dataset\UIQD\images\2288.jpg,uiqd,3.833333333,0.70833333325,test,0.8180658,0.6662363,0.048007544,0.2857562,0.28632867,0.47258964,0.47240254,0.52165025,0.5627156,0.59881705,0.5167919
D:\uwiqa_dataset\UIQD\images\2233.jpg,uiqd,1.25,0.0625,test,0.12782933,0.29899007,0.1490675,0.55194247,0.52172,0.46160606,0.4570485,0.5967254,0.57717043,0.51096445,0.51011497
D:\uwiqa_dataset\UIQD\images\4293.jpg,uiqd,2.0,0.25,test,0.22079319,0.5289001,0.26887405,0.2022259,0.4772827,0.49148643,0.4716284,0.4817858,0.50689435,0.42621744,0.45314753
D:\uwiqa_dataset\UIQD\images\961.jpg,uiqd,4.083333333,0.7708333332499999,test,0.73835605,0.49074283,0.23334228,0.2759149,0.39307654,0.5911078,0.46762547,0.33161017,0.5561133,0.45313847,0.37513602
D:\uwiqa_dataset\UIQD\images\5926.jpg,uiqd,1.75,0.1875,test,0.075357966,0.40236336,0.4226372,0.1749994,0.4203192,0.54878753,0.47651255,0.54673266,0.54441863,0.53973347,0.5360189
D:\uwiqa_dataset\UIQD\images\5747.jpg,uiqd,1.416666667,0.10416666675000003,test,0.1021387,0.45559993,0.3360391,0.20836104,0.49152675,0.46411902,0.48287883,0.5425394,0.50763315,0.47752875,0.48969358
D:\uwiqa_dataset\UIQD\images\5866.jpg,uiqd,1.583333333,0.14583333324999997,test,0.17866044,0.39223355,0.35034624,0.25742015,0.5063505,0.4879951,0.43570182,0.56469065,0.5318815,0.46471506,0.5268643
D:\uwiqa_dataset\UIQD\images\3691.jpg,uiqd,1.333333333,0.08333333324999997,test,0.03594654,0.33052656,0.4085358,0.26093763,0.4727443,0.5123457,0.43984178,0.6035464,0.5593333,0.52731967,0.5272617
D:\uwiqa_dataset\UIQD\images\1508.jpg,uiqd,1.75,0.1875,test,0.17448771,0.3249498,0.34151396,0.33353624,0.45895487,0.5014796,0.4762386,0.5407615,0.5227072,0.4956608,0.52758056
D:\uwiqa_dataset\UIQD\images\578.jpg,uiqd,2.583333333,0.39583333325000003,test,0.35412857,0.46361408,0.27547863,0.26090723,0.5180095,0.46107268,0.4305991,0.54287905,0.48555177,0.4086026,0.5251628
D:\uwiqa_dataset\UIQD\images\3753.jpg,uiqd,3.75,0.6875,test,0.6048364,0.49288487,0.32564494,0.18147019,0.41587013,0.5454422,0.45658287,0.42314896,0.502613,0.45992497,0.51220465
D:\uwiqa_dataset\UIQD\images\5914.jpg,uiqd,2.0,0.25,test,0.27838793,0.37576798,0.28284785,0.34138414,0.5317265,0.47573727,0.42613608,0.593715,0.58552766,0.4768412,0.528791
D:\uwiqa_dataset\UIQD\images\1618.jpg,uiqd,2.666666667,0.41666666674999997,test,0.47416,0.45736888,0.2407983,0.30183285,0.6239136,0.4324258,0.40792596,0.62829435,0.59402955,0.4446472,0.5371114
D:\uwiqa_dataset\UIQD\images\4193.jpg,uiqd,3.416666667,0.60416666675,test,0.63128865,0.44600546,0.23909412,0.31490043,0.5516127,0.47046906,0.35512963,0.5281568,0.45986086,0.37629485,0.5385553
D:\uwiqa_dataset\UIQD\images\3939.jpg,uiqd,2.416666667,0.35416666674999997,test,0.42161566,0.4330796,0.2766634,0.29025698,0.51816255,0.4747057,0.4258595,0.5750427,0.5489982,0.46692556,0.5266082
D:\uwiqa_dataset\UIQD\images\3219.jpg,uiqd,3.416666667,0.60416666675,test,0.7749414,0.5474588,0.17239144,0.28014973,0.4869526,0.47596624,0.44368023,0.46447054,0.50967014,0.44472933,0.49911714
D:\uwiqa_dataset\UIQD\images\4568.jpg,uiqd,1.166666667,0.041666666750000025,test,0.040853705,0.36686128,0.43003675,0.2031019,0.40315968,0.5570028,0.45561808,0.5824446,0.6019526,0.5665043,0.5555904
D:\uwiqa_dataset\UIQD\images\2155.jpg,uiqd,1.5,0.125,test,0.14411366,0.37024754,0.3525209,0.2772316,0.47156397,0.4929833,0.4826909,0.58140975,0.5080933,0.52908015,0.49645182
D:\uwiqa_dataset\UIQD\images\4305.jpg,uiqd,2.916666667,0.47916666674999997,test,0.56016475,0.569028,0.19283767,0.2381343,0.36882636,0.55663306,0.5021309,0.4712607,0.55059767,0.5564065,0.4890712
D:\uwiqa_dataset\UIQD\images\6080.jpg,uiqd,1.833333333,0.20833333324999997,test,0.15401638,0.34533206,0.28210047,0.37256747,0.4736364,0.44244087,0.51429176,0.5425268,0.50966406,0.5033261,0.49283862
D:\uwiqa_dataset\UIQD\images\322.jpg,uiqd,1.666666667,0.16666666675000003,test,0.23973463,0.41215253,0.3418591,0.24598837,0.46987578,0.48766196,0.48504508,0.56508344,0.52976364,0.5182329,0.5140544
D:\uwiqa_dataset\UIQD\images\4937.jpg,uiqd,1.583333333,0.14583333324999997,test,0.13522363,0.32367823,0.20275123,0.47357062,0.5324386,0.42293662,0.48784977,0.6231949,0.5492631,0.52296424,0.49014774
D:\uwiqa_dataset\UIQD\images\4594.jpg,uiqd,4.166666667,0.7916666667500001,test,0.8052863,0.540212,0.14526376,0.31452435,0.47453046,0.520252,0.46407065,0.45824665,0.48850536,0.44965142,0.51034
D:\uwiqa_dataset\UIQD\images\5827.jpg,uiqd,2.25,0.3125,test,0.37079635,0.4021698,0.28364447,0.31418574,0.5018259,0.47753766,0.45305848,0.5691747,0.5420587,0.48596877,0.51515317
D:\uwiqa_dataset\UIQD\images\3132.jpg,uiqd,1.916666667,0.22916666675000003,test,0.18313059,0.3617502,0.31732318,0.3209266,0.45224565,0.5161171,0.45787856,0.5612728,0.54529524,0.51341337,0.537356
D:\uwiqa_dataset\UIQD\images\1927.jpg,uiqd,1.583333333,0.14583333324999997,test,0.1582979,0.3782476,0.36708412,0.25466824,0.45234373,0.52326775,0.46912706,0.5754579,0.52338153,0.5305921,0.5232585
D:\uwiqa_dataset\UIQD\images\3126.jpg,uiqd,4.416666667,0.8541666667500001,test,0.8382913,0.58855957,0.08000684,0.3314335,0.2535148,0.6400723,0.5189843,0.53392935,0.55251384,0.6871315,0.47148773
D:\uwiqa_dataset\UIQD\images\2865.jpg,uiqd,2.25,0.3125,test,0.27609748,0.3558391,0.2929206,0.35124034,0.4592403,0.4913675,0.45008236,0.58961886,0.58058715,0.5199978,0.5436188
D:\uwiqa_dataset\UIQD\images\6114.jpg,uiqd,1.916666667,0.22916666675000003,test,0.2128394,0.42080647,0.28773624,0.29145727,0.5514162,0.4837521,0.45196232,0.5746974,0.56229216,0.47979423,0.518622
D:\uwiqa_dataset\UIQD\images\3465.jpg,uiqd,1.583333333,0.14583333324999997,test,0.06632212,0.34718853,0.27067932,0.38213208,0.50075996,0.4667561,0.48270014,0.5412325,0.52319425,0.48621425,0.49264482
D:\uwiqa_dataset\UIQD\images\1386.jpg,uiqd,3.416666667,0.60416666675,test,0.59674937,0.5106691,0.24363774,0.24569318,0.54659015,0.4791764,0.34597105,0.49456233,0.43995935,0.37319678,0.52315897
D:\uwiqa_dataset\UIQD\images\4199.jpg,uiqd,4.0,0.75,test,0.7919345,0.6389285,0.10359704,0.25747454,0.38398665,0.58615524,0.47398385,0.3708209,0.5418854,0.46253577,0.4603315
D:\uwiqa_dataset\UIQD\images\3980.jpg,uiqd,1.666666667,0.16666666675000003,test,0.19577214,0.4941895,0.25026926,0.25554118,0.5354353,0.4547366,0.4069398,0.5802874,0.5507228,0.48687625,0.55433965
D:\uwiqa_dataset\UIQD\images\5185.jpg,uiqd,1.416666667,0.10416666675000003,test,0.04434871,0.3291188,0.5258971,0.1449841,0.50190735,0.4830784,0.46848232,0.6093593,0.49454075,0.51821315,0.48543364
D:\uwiqa_dataset\UIQD\images\246.jpg,uiqd,4.0,0.75,test,0.63681763,0.51023185,0.2434891,0.24627903,0.5394466,0.42047697,0.4162723,0.48175162,0.40491498,0.35440746,0.5018729
D:\uwiqa_dataset\UIQD\images\421.jpg,uiqd,3.833333333,0.70833333325,test,0.720675,0.49363813,0.16636421,0.3399976,0.40403777,0.5164096,0.5052221,0.40879372,0.49792334,0.4548436,0.51380736
D:\uwiqa_dataset\UIQD\images\4395.jpg,uiqd,3.083333333,0.52083333325,test,0.6503624,0.5416218,0.206778,0.2516002,0.37183464,0.43238074,0.5448498,0.4598474,0.4781102,0.44310692,0.5379102
D:\uwiqa_dataset\UIQD\images\554.jpg,uiqd,1.916666667,0.22916666675000003,test,0.22673512,0.42076865,0.33703402,0.2421973,0.5399638,0.4874241,0.45684212,0.58334905,0.5392351,0.46054825,0.5207166
D:\uwiqa_dataset\UIQD\images\374.jpg,uiqd,2.25,0.3125,test,0.30513757,0.39060715,0.2700631,0.33932972,0.4943046,0.47446385,0.47319043,0.5542213,0.52339685,0.49089947,0.50359756
D:\uwiqa_dataset\UIQD\images\2234.jpg,uiqd,4.416666667,0.8541666667500001,test,0.7815277,0.55375874,0.19211811,0.25412318,0.5218063,0.44317693,0.4393753,0.45585334,0.5178918,0.4374508,0.47028464
D:\uwiqa_dataset\UIQD\images\737.jpg,uiqd,2.5,0.375,test,0.34137225,0.4078922,0.30677056,0.28533724,0.49369392,0.4723749,0.4708635,0.5538182,0.5202462,0.48385537,0.5094838
D:\uwiqa_dataset\UIQD\images\927.jpg,uiqd,1.583333333,0.14583333324999997,test,0.13164537,0.38005805,0.41641587,0.20352606,0.39006734,0.60069567,0.454525,0.5678268,0.5673531,0.5819412,0.54611325
D:\uwiqa_dataset\UIQD\images\1426.jpg,uiqd,1.833333333,0.20833333324999997,test,0.15677491,0.32574078,0.33196583,0.34229332,0.49291942,0.47981095,0.45514736,0.5646098,0.5586543,0.5026666,0.51851654
D:\uwiqa_dataset\UIQD\images\1189.jpg,uiqd,4.083333333,0.7708333332499999,test,0.84130234,0.5196113,0.1328564,0.34753236,0.33497977,0.5821817,0.52673227,0.4312313,0.56701106,0.56481004,0.47391698
D:\uwiqa_dataset\UIQD\images\4818.jpg,uiqd,4.0,0.75,test,0.75175446,0.65843284,0.1365088,0.20505835,0.37043777,0.678252,0.43446946,0.40602228,0.58721447,0.5348963,0.5076577
D:\uwiqa_dataset\UIQD\images\3589.jpg,uiqd,1.75,0.1875,test,0.21301019,0.47907883,0.23358653,0.28733462,0.44365785,0.4799486,0.46055835,0.5651444,0.56980693,0.5227359,0.5129325
D:\uwiqa_dataset\UIQD\images\6009.jpg,uiqd,2.25,0.3125,test,0.3986414,0.48194316,0.26783052,0.25022635,0.51201373,0.4828027,0.42835686,0.5579303,0.513939,0.4440326,0.5346033
D:\uwiqa_dataset\UIQD\images\4904.jpg,uiqd,2.916666667,0.47916666674999997,test,0.5147036,0.4482672,0.23719677,0.31453606,0.32337132,0.4524029,0.48888674,0.5387482,0.58234626,0.58506334,0.53646386
D:\uwiqa_dataset\UIQD\images\4155.jpg,uiqd,1.416666667,0.10416666675000003,test,0.062407386,0.3514099,0.46339893,0.18519115,0.4861739,0.4782142,0.4774534,0.6192795,0.48471546,0.530976,0.47799447
D:\uwiqa_dataset\UIQD\images\1488.jpg,uiqd,1.75,0.1875,test,0.1861366,0.32913983,0.2662179,0.40464222,0.4499296,0.48371965,0.47065404,0.5851366,0.5519907,0.53896934,0.5212348
D:\uwiqa_dataset\UIQD\images\3271.jpg,uiqd,1.333333333,0.08333333324999997,test,0.09729966,0.31882438,0.4275707,0.25360492,0.46034887,0.5083826,0.47345972,0.5861238,0.5045062,0.5379253,0.49938926
D:\uwiqa_dataset\UIQD\images\182.jpg,uiqd,2.916666667,0.47916666674999997,test,0.38736302,0.41212633,0.27392936,0.31394434,0.56780607,0.47761923,0.41353154,0.6037349,0.6152991,0.47407675,0.52672875
D:\uwiqa_dataset\UIQD\images\3440.jpg,uiqd,1.583333333,0.14583333324999997,test,0.20394456,0.41607955,0.32251096,0.2614095,0.4909867,0.50181836,0.43295023,0.5745148,0.55685854,0.48981506,0.53281784
D:\uwiqa_dataset\UIQD\images\4886.jpg,uiqd,2.166666667,0.29166666674999997,test,0.24414709,0.3805677,0.34160838,0.27782398,0.43646666,0.5214612,0.45878848,0.5702166,0.57372034,0.5343397,0.54259896
D:\uwiqa_dataset\UIQD\images\2914.jpg,uiqd,3.75,0.6875,test,0.7196538,0.5649544,0.11970869,0.31533694,0.355588,0.5760106,0.5260372,0.43399116,0.5544156,0.56748825,0.46598154
D:\uwiqa_dataset\UIQD\images\2367.jpg,uiqd,1.833333333,0.20833333324999997,test,0.26387653,0.49689692,0.3325123,0.17059076,0.45916864,0.5273909,0.46284524,0.48885557,0.48236594,0.44734862,0.52698445
D:\uwiqa_dataset\UIQD\images\3371.jpg,uiqd,3.583333333,0.64583333325,test,0.6631542,0.4663459,0.25366727,0.27998686,0.4751647,0.5016689,0.4734822,0.49372053,0.5027085,0.45342454,0.48656443
D:\uwiqa_dataset\UIQD\images\1559.jpg,uiqd,1.666666667,0.16666666675000003,test,0.18651909,0.3548248,0.3357981,0.30937707,0.4928627,0.48036003,0.45913753,0.55990684,0.5529635,0.5007466,0.5167526
D:\uwiqa_dataset\UIQD\images\1045.jpg,uiqd,1.916666667,0.22916666675000003,test,0.19881955,0.36615857,0.2887765,0.34506494,0.49617004,0.47090626,0.4758267,0.5386298,0.5013225,0.46159783,0.5215441
D:\uwiqa_dataset\UIQD\images\1567.jpg,uiqd,2.166666667,0.29166666674999997,test,0.21397205,0.36349082,0.30123618,0.33527297,0.47316182,0.5077874,0.45269027,0.5566513,0.5384213,0.4973597,0.52433383
D:\uwiqa_dataset\UIQD\images\4853.jpg,uiqd,5.0,1.0,test,0.87313575,0.517797,0.09669701,0.385506,0.34226802,0.5422671,0.54185915,0.33976448,0.5379945,0.43572828,0.49211103
D:\uwiqa_dataset\UIQD\images\531.jpg,uiqd,3.5,0.625,test,0.55663353,0.51421994,0.19739825,0.2883818,0.3071031,0.5688801,0.5324993,0.4378594,0.56075203,0.5768764,0.4484345
D:\uwiqa_dataset\UIQD\images\1154.jpg,uiqd,1.25,0.0625,test,0.0635095,0.37302712,0.43373704,0.19323584,0.54007226,0.46375787,0.4361503,0.5779184,0.51676345,0.4457137,0.53126556
D:\uwiqa_dataset\UIQD\images\3188.jpg,uiqd,1.416666667,0.10416666675000003,test,0.14843307,0.46305245,0.28433076,0.25261676,0.49241877,0.49522832,0.4043005,0.6127854,0.6261928,0.49853575,0.56292105
D:\uwiqa_dataset\UIQD\images\5804.jpg,uiqd,3.0,0.5,test,0.61809367,0.4418278,0.2686742,0.289498,0.4118397,0.50981814,0.4488252,0.4453075,0.44768056,0.39055866,0.4232083
D:\uwiqa_dataset\UIQD\images\1790.jpg,uiqd,4.0,0.75,test,0.75901306,0.5394008,0.1898774,0.27072176,0.42041367,0.5213149,0.4747488,0.4011017,0.49631858,0.39362198,0.5297671
D:\uwiqa_dataset\UIQD\images\711.jpg,uiqd,3.25,0.5625,test,0.4553191,0.47043708,0.354516,0.17504701,0.4269163,0.4597995,0.56147605,0.37312186,0.49199712,0.32703412,0.5364443
D:\uwiqa_dataset\UIQD\images\2088.jpg,uiqd,4.416666667,0.8541666667500001,test,0.8770992,0.63722557,0.083118066,0.27965635,0.3305904,0.6757296,0.44701207,0.40153596,0.60274863,0.5396288,0.5119641
D:\uwiqa_dataset\UIQD\images\2143.jpg,uiqd,3.166666667,0.54166666675,test,0.55962414,0.47239712,0.22374524,0.30385762,0.3197602,0.4247626,0.45352402,0.63114446,0.6189297,0.5457652,0.52487993
D:\uwiqa_dataset\UIQD\images\3631.jpg,uiqd,1.666666667,0.16666666675000003,test,0.17033273,0.47936958,0.25586852,0.26476187,0.48678896,0.52012527,0.3906414,0.58907557,0.60607314,0.52659684,0.5538019
D:\uwiqa_dataset\UIQD\images\5313.jpg,uiqd,2.416666667,0.35416666674999997,test,0.31327656,0.36628807,0.30288735,0.33082455,0.48399493,0.4800471,0.47418395,0.57744986,0.5371643,0.51489,0.512254
D:\uwiqa_dataset\UIQD\images\5289.jpg,uiqd,2.583333333,0.39583333325000003,test,0.38991168,0.4529579,0.25148576,0.29555634,0.485876,0.50631815,0.42403877,0.54602295,0.52451664,0.46299192,0.5328265
D:\uwiqa_dataset\UIQD\images\6093.jpg,uiqd,2.083333333,0.27083333325000003,test,0.22053133,0.3261119,0.2814428,0.39244524,0.47135824,0.48283437,0.47186032,0.5751361,0.556381,0.52267504,0.5219445
D:\uwiqa_dataset\UIQD\images\1868.jpg,uiqd,4.416666667,0.8541666667500001,test,0.87274826,0.49964815,0.13591544,0.3644364,0.4708385,0.5229142,0.489525,0.49725097,0.5389507,0.43155593,0.38539484
D:\uwiqa_dataset\UIQD\images\5820.jpg,uiqd,3.25,0.5625,test,0.5196924,0.49952212,0.25239846,0.24807936,0.50983566,0.4926903,0.42217216,0.5380835,0.491065,0.4463282,0.53066057
D:\uwiqa_dataset\UIQD\images\2352.jpg,uiqd,3.583333333,0.64583333325,test,0.7074936,0.53084815,0.24229449,0.22685738,0.43199477,0.5229336,0.45883667,0.444163,0.4869534,0.44458544,0.5001986
D:\uwiqa_dataset\UIQD\images\5983.jpg,uiqd,2.25,0.3125,test,0.36441287,0.40573502,0.30701807,0.28724694,0.49771264,0.48389497,0.44398546,0.57271045,0.5520504,0.48580796,0.5240984
D:\uwiqa_dataset\UIQD\images\2442.jpg,uiqd,3.5,0.625,test,0.71284825,0.65380174,0.115435444,0.23076285,0.51740414,0.49238807,0.42833146,0.5700781,0.5708145,0.49411824,0.5105786
D:\uwiqa_dataset\UIQD\images\5672.jpg,uiqd,2.75,0.4375,test,0.4364694,0.41993347,0.36759853,0.21246794,0.3245269,0.40242955,0.55123985,0.5116474,0.5167263,0.53993475,0.5562637
D:\uwiqa_dataset\UIQD\images\2927.jpg,uiqd,1.75,0.1875,test,0.20807104,0.40187204,0.32498106,0.2731469,0.48819125,0.4931756,0.44593626,0.5267949,0.5018721,0.44153807,0.5217281
D:\uwiqa_dataset\UIQD\images\6212.jpg,uiqd,4.0,0.75,test,0.7327277,0.4504101,0.1810586,0.3685313,0.42659688,0.5552389,0.47896013,0.40306732,0.46841875,0.41020522,0.4674068
D:\uwiqa_dataset\UIQD\images\2506.jpg,uiqd,3.25,0.5625,test,0.76518786,0.5369049,0.18182021,0.2812749,0.3520038,0.5713189,0.50482506,0.40697485,0.5427655,0.53361666,0.44286036
D:\uwiqa_dataset\UIQD\images\1298.jpg,uiqd,2.166666667,0.29166666674999997,test,0.22726755,0.5556538,0.21474977,0.22959645,0.5143628,0.48137453,0.41633323,0.6116648,0.6049576,0.48893005,0.5452818
D:\uwiqa_dataset\UIQD\images\4978.jpg,uiqd,1.833333333,0.20833333324999997,test,0.19869968,0.38114476,0.31676823,0.302087,0.48465452,0.46095833,0.4815013,0.5736953,0.5554963,0.51828736,0.51019275
D:\uwiqa_dataset\UIQD\images\1047.jpg,uiqd,2.416666667,0.35416666674999997,test,0.35521564,0.40330043,0.31586826,0.28083125,0.49164134,0.4763179,0.46102288,0.5763093,0.53777885,0.49430636,0.521958
D:\uwiqa_dataset\UIQD\images\5489.jpg,uiqd,1.916666667,0.22916666675000003,test,0.16944996,0.5834014,0.19930767,0.2172909,0.4902771,0.5184112,0.39236102,0.58739454,0.59091467,0.5234011,0.56084037
D:\uwiqa_dataset\UIQD\images\16.jpg,uiqd,1.916666667,0.22916666675000003,test,0.23865262,0.45411527,0.32266337,0.22322138,0.41418827,0.5696151,0.4802133,0.5167516,0.5375702,0.53212327,0.52960545
D:\uwiqa_dataset\UIQD\images\5710.jpg,uiqd,1.75,0.1875,test,0.15277463,0.52108884,0.26231036,0.21660079,0.51198095,0.5049041,0.3798247,0.59189576,0.56361145,0.46067804,0.5715808
D:\uwiqa_dataset\UIQD\images\1224.jpg,uiqd,4.166666667,0.7916666667500001,test,0.74950665,0.591749,0.18663092,0.22162001,0.459666,0.48640636,0.43286985,0.38539332,0.5120163,0.3730017,0.4831342
D:\uwiqa_dataset\UIQD\images\5080.jpg,uiqd,1.833333333,0.20833333324999997,test,0.20484841,0.34604996,0.29930675,0.3546433,0.49163324,0.47414654,0.452474,0.5995278,0.57683563,0.51414686,0.5286418
D:\uwiqa_dataset\UIQD\images\3489.jpg,uiqd,3.916666667,0.72916666675,test,0.7221526,0.6261938,0.13935633,0.23444991,0.48333323,0.49168923,0.4372082,0.5909179,0.5861058,0.51826215,0.5166403
D:\uwiqa_dataset\UIQD\images\4481.jpg,uiqd,1.25,0.0625,test,0.08046491,0.27726102,0.13411765,0.5886214,0.52474976,0.4572041,0.4529526,0.6199654,0.57255816,0.5179438,0.508819
D:\uwiqa_dataset\UIQD\images\4141.jpg,uiqd,2.083333333,0.27083333325000003,test,0.27234736,0.4251936,0.30189392,0.2729125,0.44814944,0.5237321,0.48123723,0.5015686,0.52243865,0.49467105,0.5171068
D:\uwiqa_dataset\UIQD\images\1696.jpg,uiqd,1.166666667,0.041666666750000025,test,0.06622458,0.3124346,0.14005756,0.5475078,0.5170946,0.4556541,0.45686302,0.61560214,0.5726903,0.52198774,0.50816244
D:\uwiqa_dataset\UIQD\images\5214.jpg,uiqd,3.416666667,0.60416666675,test,0.6165753,0.5028322,0.18381523,0.31335258,0.3523143,0.40899587,0.5299924,0.50846726,0.5253955,0.53620934,0.50885737
D:\uwiqa_dataset\UIQD\images\1455.jpg,uiqd,1.833333333,0.20833333324999997,test,0.18160927,0.31414136,0.277219,0.4086396,0.4882415,0.47369522,0.47981876,0.55355024,0.52025163,0.49924618,0.5037631
D:\uwiqa_dataset\UIQD\images\1376.jpg,uiqd,2.5,0.375,test,0.43421397,0.47738233,0.31345287,0.2091648,0.4478724,0.52373093,0.46246794,0.48426417,0.49865946,0.4562855,0.4909143
D:\uwiqa_dataset\UIQD\images\3019.jpg,uiqd,3.75,0.6875,test,0.79125726,0.5339087,0.10606649,0.36002475,0.3514065,0.5811485,0.5282468,0.42963365,0.55162394,0.5697716,0.45884228
D:\uwiqa_dataset\UIQD\images\5477.jpg,uiqd,3.583333333,0.64583333325,test,0.6733981,0.4822884,0.22743076,0.29028082,0.53619677,0.4683336,0.43199694,0.5241256,0.48626882,0.4209928,0.5166003
D:\uwiqa_dataset\UIQD\images\5334.jpg,uiqd,2.166666667,0.29166666674999997,test,0.3165833,0.40942842,0.27326736,0.31730425,0.52152455,0.46977326,0.44256473,0.59394264,0.5704827,0.49028364,0.51942253
D:\uwiqa_dataset\UIQD\images\2487.jpg,uiqd,1.5,0.125,test,0.071654856,0.35100606,0.11377887,0.5352151,0.5111703,0.4324516,0.47962776,0.6332731,0.5888558,0.5414337,0.5101395
D:\uwiqa_dataset\UIQD\images\2307.jpg,uiqd,3.5,0.625,test,0.8012333,0.5697031,0.1453857,0.28491125,0.4296586,0.5771645,0.4589848,0.4120207,0.5353265,0.49371094,0.48233256
D:\uwiqa_dataset\UIQD\images\1093.jpg,uiqd,2.75,0.4375,test,0.37512037,0.42558387,0.32862163,0.24579452,0.48973414,0.4851479,0.45464802,0.5610825,0.5343272,0.48552585,0.52353954
D:\uwiqa_dataset\UIQD\images\6161.jpg,uiqd,4.5,0.875,test,0.9273809,0.5081526,0.05900364,0.43284371,0.24919905,0.47816303,0.5107257,0.44260013,0.53028953,0.5548377,0.4931214
D:\uwiqa_dataset\UIQD\images\5247.jpg,uiqd,1.5,0.125,test,0.058494806,0.29117545,0.13979201,0.56903255,0.53255033,0.43324682,0.47149235,0.61856306,0.5889024,0.5232458,0.5072841
D:\uwiqa_dataset\UIQD\images\2755.jpg,uiqd,1.0,0.0,test,0.0016264063,0.4271899,0.19343355,0.3793766,0.4730428,0.45893216,0.49898556,0.58677554,0.53443694,0.5373012,0.5072312
D:\uwiqa_dataset\UIQD\images\4723.jpg,uiqd,1.833333333,0.20833333324999997,test,0.24600829,0.5085255,0.2761315,0.21534298,0.4447338,0.5253828,0.5016489,0.47269264,0.47918013,0.4707432,0.52035016
D:\uwiqa_dataset\UIQD\images\3832.jpg,uiqd,1.0,0.0,test,0.07038893,0.35491207,0.43615502,0.2089329,0.4815941,0.47288013,0.45667842,0.63229704,0.5269015,0.53394437,0.4981809
D:\uwiqa_dataset\UIQD\images\3833.jpg,uiqd,1.083333333,0.020833333249999975,test,0.047524117,0.40541074,0.23745805,0.35713124,0.47249264,0.4626918,0.4878207,0.61073506,0.51685226,0.5431985,0.4955962
D:\uwiqa_dataset\UIQD\images\2821.jpg,uiqd,2.333333333,0.33333333325000003,test,0.36313993,0.38023284,0.30824757,0.31151956,0.6059985,0.46257427,0.39906055,0.6417501,0.6497301,0.46632066,0.5545857
D:\uwiqa_dataset\UIQD\images\4996.jpg,uiqd,2.0,0.25,test,0.1777015,0.36370388,0.31008595,0.3262101,0.48906738,0.48272663,0.4669232,0.565279,0.5265796,0.4987894,0.5134022
D:\uwiqa_dataset\UIQD\images\4991.jpg,uiqd,2.583333333,0.39583333325000003,test,0.38768935,0.46361095,0.2885994,0.2477897,0.520806,0.46264693,0.44240376,0.5444547,0.51782507,0.45265657,0.49819952
D:\uwiqa_dataset\UIQD\images\1551.jpg,uiqd,1.833333333,0.20833333324999997,test,0.27388623,0.426803,0.3503433,0.22285378,0.50196236,0.49297252,0.4361485,0.5677205,0.5338542,0.47587815,0.53510183
D:\uwiqa_dataset\UIQD\images\4733.jpg,uiqd,2.333333333,0.33333333325000003,test,0.364642,0.46359783,0.3319837,0.20441845,0.5115292,0.46822414,0.45420006,0.55180275,0.5125517,0.4552453,0.51511776
D:\uwiqa_dataset\UIQD\images\3662.jpg,uiqd,2.0,0.25,test,0.24073528,0.47464412,0.28071716,0.24463864,0.47172478,0.47421816,0.5091653,0.48252288,0.468528,0.4407674,0.5288156
D:\uwiqa_dataset\UIQD\images\6287.jpg,uiqd,1.833333333,0.20833333324999997,test,0.17401211,0.348391,0.37464935,0.27695966,0.43967894,0.5059896,0.46479928,0.5778706,0.55539787,0.539872,0.5338515
D:\uwiqa_dataset\UIQD\images\2154.jpg,uiqd,1.666666667,0.16666666675000003,test,0.22700128,0.41837448,0.26190022,0.3197253,0.44751722,0.46682823,0.5055502,0.5782568,0.54855675,0.5510706,0.51433873
D:\uwiqa_dataset\UIQD\images\677.jpg,uiqd,1.75,0.1875,test,0.26902327,0.42232093,0.30742246,0.27025667,0.45479813,0.5014736,0.49315268,0.52638453,0.5160644,0.49886492,0.5152302
D:\uwiqa_dataset\UIQD\images\587.jpg,uiqd,1.666666667,0.16666666675000003,test,0.24532165,0.35980204,0.25741863,0.38277936,0.47177824,0.43183327,0.5174228,0.56043607,0.5199253,0.51694953,0.5001115
D:\uwiqa_dataset\UIQD\images\2030.jpg,uiqd,1.75,0.1875,test,0.2837101,0.34721255,0.29325777,0.35952964,0.4831663,0.4841683,0.45942762,0.56796354,0.54081523,0.5035529,0.5227372
D:\uwiqa_dataset\UIQD\images\2252.jpg,uiqd,4.25,0.8125,test,0.905708,0.5708001,0.13308519,0.2961147,0.4314052,0.5481572,0.48428988,0.3873527,0.5095784,0.41435972,0.48391274
D:\uwiqa_dataset\UIQD\images\1514.jpg,uiqd,1.666666667,0.16666666675000003,test,0.09070903,0.36270627,0.35090744,0.28638637,0.43075487,0.5238248,0.46407652,0.5962646,0.56785107,0.5565721,0.53702885
D:\uwiqa_dataset\UIQD\images\4276.jpg,uiqd,3.833333333,0.70833333325,test,0.72871107,0.60510784,0.13199045,0.26290175,0.3586674,0.57890284,0.45344484,0.41499597,0.5459002,0.50839704,0.53278774
D:\uwiqa_dataset\UIQD\images\3516.jpg,uiqd,2.333333333,0.33333333325000003,test,0.30605605,0.39475974,0.28819093,0.31704935,0.45257735,0.48156816,0.45345956,0.5937776,0.5948347,0.524933,0.54958886
D:\uwiqa_dataset\UIQD\images\9.jpg,uiqd,4.166666667,0.7916666667500001,test,0.7885813,0.5963315,0.14316233,0.2605062,0.5507333,0.4618724,0.41878304,0.49022096,0.48083594,0.3887284,0.5301849
D:\uwiqa_dataset\UIQD\images\4507.jpg,uiqd,3.583333333,0.64583333325,test,0.5293037,0.59502614,0.17185766,0.23311621,0.37612355,0.5980086,0.44978306,0.4233457,0.55687016,0.5417874,0.49668515
D:\uwiqa_dataset\UIQD\images\3165.jpg,uiqd,2.166666667,0.29166666674999997,test,0.3984082,0.43773434,0.28200498,0.28026065,0.52108955,0.4761409,0.4251176,0.5756014,0.5332344,0.45629755,0.51890445
D:\uwiqa_dataset\UIQD\images\1882.jpg,uiqd,1.416666667,0.10416666675000003,test,0.14867523,0.38445458,0.3211837,0.29436177,0.42155778,0.5262589,0.45993,0.597254,0.5579628,0.5635056,0.53026646
D:\uwiqa_dataset\UIQD\images\4792.jpg,uiqd,2.75,0.4375,test,0.537077,0.47166413,0.34930646,0.17902938,0.4318088,0.55190325,0.47434634,0.41061974,0.51955175,0.4752328,0.50828874
D:\uwiqa_dataset\UIQD\images\4236.jpg,uiqd,4.583333333,0.8958333332499999,test,0.88109654,0.5584727,0.15176423,0.28976306,0.47501692,0.48168048,0.42486554,0.40100265,0.50190926,0.40744445,0.42526823
D:\uwiqa_dataset\UIQD\images\2967.jpg,uiqd,2.25,0.3125,test,0.30417082,0.3783975,0.29968336,0.32191917,0.471464,0.4999042,0.44280526,0.58203757,0.5829858,0.51442325,0.5344629
D:\uwiqa_dataset\UIQD\images\550.jpg,uiqd,4.5,0.875,test,0.86702937,0.5917723,0.12203782,0.28618985,0.46604785,0.4930294,0.4394591,0.4095229,0.4873932,0.32320756,0.55698913
D:\uwiqa_dataset\UIQD\images\743.jpg,uiqd,3.75,0.6875,test,0.6869138,0.44300744,0.3011388,0.25585374,0.4563692,0.49826688,0.3995156,0.37423182,0.5088771,0.40967473,0.42160007
D:\uwiqa_dataset\UIQD\images\995.jpg,uiqd,2.333333333,0.33333333325000003,test,0.32792106,0.45675865,0.29240966,0.25083172,0.5003425,0.480591,0.44704956,0.51867795,0.49394298,0.4513524,0.52294004
D:\uwiqa_dataset\UIQD\images\1236.jpg,uiqd,2.25,0.3125,test,0.36970323,0.47558102,0.29812175,0.22629721,0.49300012,0.47718453,0.45773524,0.54115856,0.5074056,0.4594172,0.5185096
D:\uwiqa_dataset\UIQD\images\692.jpg,uiqd,1.083333333,0.020833333249999975,test,0.101864636,0.43466794,0.32620683,0.2391252,0.34281904,0.6433918,0.46502468,0.5337683,0.6094001,0.61250466,0.5606494
D:\uwiqa_dataset\UIQD\images\5713.jpg,uiqd,2.0,0.25,test,0.25300407,0.3957863,0.2671686,0.33704507,0.4853441,0.48289403,0.47363842,0.5133707,0.48915517,0.44920632,0.5145476
D:\uwiqa_dataset\UIQD\images\1880.jpg,uiqd,2.166666667,0.29166666674999997,test,0.33734003,0.3846063,0.29796377,0.31743,0.49698043,0.47172022,0.46804956,0.5634556,0.5324548,0.49097842,0.5114944
D:\uwiqa_dataset\UIQD\images\2772.jpg,uiqd,3.416666667,0.60416666675,test,0.6911178,0.50970817,0.15637994,0.33391193,0.5433507,0.44061616,0.45794633,0.56235385,0.46295348,0.3783854,0.5282744
D:\uwiqa_dataset\UIQD\images\427.jpg,uiqd,3.5,0.625,test,0.6221546,0.53656054,0.14592275,0.31751668,0.56066906,0.44394675,0.46425352,0.5975227,0.45702043,0.41717473,0.5548539
D:\uwiqa_dataset\UIQD\images\653.jpg,uiqd,1.833333333,0.20833333324999997,test,0.20742959,0.41947633,0.29044017,0.29008353,0.5513283,0.48371857,0.45182636,0.5746889,0.5625454,0.4797315,0.51861525
D:\uwiqa_dataset\UIQD\images\34.jpg,uiqd,4.583333333,0.8958333332499999,test,0.75673,0.43265387,0.26624328,0.30110288,0.4171091,0.5564227,0.48845482,0.38469312,0.51428604,0.44035548,0.39159748
D:\uwiqa_dataset\UIQD\images\2690.jpg,uiqd,1.25,0.0625,test,0.123573095,0.3044742,0.28672266,0.40880308,0.46100575,0.46207112,0.49196497,0.5827803,0.5518782,0.5403006,0.5141856
D:\uwiqa_dataset\UIQD\images\1182.jpg,uiqd,2.416666667,0.35416666674999997,test,0.29323617,0.43593657,0.28402048,0.28004298,0.49536797,0.48935863,0.41430166,0.60055816,0.60650164,0.49498582,0.55778235
D:\uwiqa_dataset\UIQD\images\45.jpg,uiqd,1.083333333,0.020833333249999975,test,-0.0025114575,0.3554182,0.49289843,0.15168335,0.46712762,0.50685954,0.46139452,0.59322006,0.5404449,0.5330318,0.516381
D:\uwiqa_dataset\UIQD\images\1401.jpg,uiqd,4.166666667,0.7916666667500001,test,0.95300764,0.74144125,0.06310424,0.19545452,0.40231633,0.5276926,0.48944342,0.43330222,0.5053414,0.46301952,0.54899246
D:\uwiqa_dataset\UIQD\images\1098.jpg,uiqd,1.416666667,0.10416666675000003,test,0.08727041,0.35755768,0.39114186,0.2513005,0.4544316,0.5045408,0.48643687,0.55108935,0.52436227,0.5183664,0.52137095
D:\uwiqa_dataset\UIQD\images\3775.jpg,uiqd,2.333333333,0.33333333325000003,test,0.3055108,0.37470007,0.30063993,0.32466006,0.48501736,0.48514256,0.4532371,0.567571,0.5530985,0.49837866,0.5261429
D:\uwiqa_dataset\UIQD\images\3821.jpg,uiqd,2.5,0.375,test,0.3127715,0.3628705,0.30188668,0.33524278,0.47901827,0.48565185,0.45031062,0.58184665,0.57249737,0.50979996,0.5305481
D:\uwiqa_dataset\UIQD\images\4096.jpg,uiqd,3.25,0.5625,test,0.6222443,0.5024305,0.1980514,0.29951817,0.41581357,0.52125174,0.47384784,0.4975669,0.518108,0.5169062,0.47978145
D:\uwiqa_dataset\UIQD\images\3382.jpg,uiqd,2.583333333,0.39583333325000003,test,0.3479155,0.42760584,0.25836417,0.31403002,0.5077096,0.48515055,0.43797478,0.5706077,0.54353786,0.47687808,0.5234364
D:\uwiqa_dataset\UIQD\images\1744.jpg,uiqd,1.666666667,0.16666666675000003,test,0.15031576,0.433342,0.362645,0.20401296,0.47713023,0.51628256,0.40656245,0.5826018,0.529184,0.50395876,0.57397985
D:\uwiqa_dataset\UIQD\images\983.jpg,uiqd,2.333333333,0.33333333325000003,test,0.4645046,0.45658565,0.2071647,0.3362496,0.43743533,0.45429146,0.3977552,0.624629,0.62298197,0.48142996,0.5365423
D:\uwiqa_dataset\UIQD\images\2349.jpg,uiqd,3.25,0.5625,test,0.62973267,0.48608634,0.14695136,0.36696222,0.3676757,0.49577686,0.47652242,0.586547,0.6058454,0.5707864,0.47109976
D:\uwiqa_dataset\UIQD\images\4698.jpg,uiqd,3.916666667,0.72916666675,test,0.68437606,0.4935432,0.22924547,0.27721128,0.40233395,0.54155254,0.53013223,0.3494756,0.5043006,0.38469666,0.55010617
D:\uwiqa_dataset\UIQD\images\1164.jpg,uiqd,2.5,0.375,test,0.4374852,0.4270867,0.2711655,0.3017478,0.5624319,0.4642969,0.43335524,0.5754953,0.5544931,0.44443917,0.5101746
D:\uwiqa_dataset\UIQD\images\3956.jpg,uiqd,4.75,0.9375,test,0.9010953,0.5783276,0.12127373,0.3003987,0.42306367,0.5730005,0.45872867,0.3836504,0.5114678,0.45106366,0.4478512
D:\uwiqa_dataset\UIQD\images\3549.jpg,uiqd,1.916666667,0.22916666675000003,test,0.18357925,0.40091595,0.36111328,0.23797077,0.5138267,0.4863832,0.43386033,0.5827784,0.5442198,0.48308268,0.54095787
D:\uwiqa_dataset\UIQD\images\64.jpg,uiqd,4.583333333,0.8958333332499999,test,0.92495143,0.63485426,0.073119655,0.2920261,0.27807665,0.5239164,0.5231487,0.41979706,0.5400923,0.5608412,0.48708376
D:\uwiqa_dataset\UIQD\images\4328.jpg,uiqd,3.0,0.5,test,0.39176017,0.49621078,0.27776748,0.22602169,0.49803412,0.4919459,0.42466292,0.5686042,0.57746136,0.49213526,0.5177843
D:\uwiqa_dataset\UIQD\images\2168.jpg,uiqd,2.0,0.25,test,0.22055122,0.43752295,0.25840047,0.3040765,0.51214224,0.49508783,0.48686188,0.5411629,0.5137787,0.466524,0.4816047
D:\uwiqa_dataset\UIQD\images\3658.jpg,uiqd,3.833333333,0.70833333325,test,0.80782145,0.50794744,0.15942599,0.33262658,0.33199534,0.6096657,0.5341512,0.3390756,0.55967927,0.5218412,0.4501349
D:\uwiqa_dataset\UIQD\images\3276.jpg,uiqd,2.0,0.25,test,0.17371508,0.42695928,0.33375055,0.2392902,0.4518788,0.5236694,0.48503193,0.50962937,0.5140065,0.49991366,0.5140183
D:\uwiqa_dataset\UIQD\images\4002.jpg,uiqd,2.333333333,0.33333333325000003,test,0.28810126,0.42302236,0.3117092,0.2652684,0.52430296,0.46894217,0.46230167,0.5601304,0.5390723,0.45954907,0.51131284
D:\uwiqa_dataset\UIQD\images\3536.jpg,uiqd,4.333333333,0.8333333332499999,test,0.8356753,0.5242343,0.14541958,0.3303461,0.36653134,0.56424075,0.5162161,0.35002464,0.5167452,0.4156264,0.42720655
D:\uwiqa_dataset\UIQD\images\228.jpg,uiqd,1.75,0.1875,test,0.20380925,0.35438913,0.3063522,0.3392587,0.45979074,0.49731877,0.46683502,0.56345105,0.54018325,0.5126322,0.5324306
D:\uwiqa_dataset\UIQD\images\5845.jpg,uiqd,2.083333333,0.27083333325000003,test,0.2950747,0.3870198,0.29961845,0.3133618,0.5603061,0.4600154,0.4278117,0.5979359,0.54840326,0.4538223,0.540545
D:\uwiqa_dataset\UIQD\images\2481.jpg,uiqd,2.0,0.25,test,0.27379006,0.4107184,0.292225,0.29705665,0.39021322,0.32997409,0.38377535,0.76768523,0.49387053,0.5506641,0.50035447
D:\uwiqa_dataset\UIQD\images\1966.jpg,uiqd,2.5,0.375,test,0.3799204,0.515768,0.32082984,0.16340224,0.5019244,0.46228343,0.45162502,0.53271973,0.49675193,0.4336843,0.5040827
D:\uwiqa_dataset\UIQD\images\3548.jpg,uiqd,1.833333333,0.20833333324999997,test,0.2036649,0.48617944,0.24016991,0.27365062,0.50478315,0.50379825,0.3947205,0.59841305,0.5871074,0.5178415,0.5640022
D:\uwiqa_dataset\UIQD\images\2956.jpg,uiqd,1.583333333,0.14583333324999997,test,0.17172863,0.4671105,0.28586033,0.24702919,0.6145324,0.42978397,0.41702703,0.6513849,0.6159128,0.4948414,0.59016764
D:\uwiqa_dataset\UIQD\images\180.jpg,uiqd,1.416666667,0.10416666675000003,test,0.11521076,0.33601147,0.39006886,0.27391967,0.47209868,0.51999235,0.4512893,0.5379003,0.52307713,0.48990443,0.5214837
D:\uwiqa_dataset\UIQD\images\1964.jpg,uiqd,1.75,0.1875,test,0.15101787,0.34581643,0.3200343,0.33414933,0.5368285,0.47369495,0.43227217,0.5869518,0.57198983,0.47600415,0.52293426
D:\uwiqa_dataset\UIQD\images\3510.jpg,uiqd,1.666666667,0.16666666675000003,test,0.20707937,0.3880421,0.32601616,0.28594175,0.4608236,0.50012416,0.48636198,0.5412672,0.5202874,0.5042233,0.50266373
D:\uwiqa_dataset\UIQD\images\5420.jpg,uiqd,1.5,0.125,test,0.080285795,0.26087806,0.15179804,0.58732384,0.5458018,0.45124972,0.45158935,0.59684324,0.56344336,0.49576947,0.49369425
D:\uwiqa_dataset\UIQD\images\1043.jpg,uiqd,4.166666667,0.7916666667500001,test,0.8370274,0.5972761,0.11510184,0.28762215,0.55991024,0.442194,0.45794365,0.55282074,0.48345134,0.43156782,0.52684325
D:\uwiqa_dataset\UIQD\images\3443.jpg,uiqd,2.333333333,0.33333333325000003,test,0.40894577,0.55990875,0.25600863,0.1840826,0.44247523,0.54603404,0.46560284,0.41781354,0.5530402,0.47359398,0.4791495
D:\uwiqa_dataset\UIQD\images\1316.jpg,uiqd,4.166666667,0.7916666667500001,test,0.770469,0.4360991,0.25710902,0.3067919,0.5043058,0.4928465,0.403985,0.44639075,0.47001648,0.38164228,0.4951831
D:\uwiqa_dataset\UIQD\images\3396.jpg,uiqd,1.75,0.1875,test,0.14218645,0.33407623,0.34986818,0.31605563,0.43777817,0.5082904,0.4840993,0.5610763,0.5505221,0.53499824,0.5336397
D:\uwiqa_dataset\UIQD\images\3460.jpg,uiqd,1.083333333,0.020833333249999975,test,0.06401208,0.3600108,0.25655082,0.38343838,0.42721877,0.4793156,0.48566028,0.6282474,0.55558664,0.582738,0.5103278
D:\uwiqa_dataset\UIQD\images\1226.jpg,uiqd,2.166666667,0.29166666674999997,test,0.29251084,0.36847505,0.2897588,0.34176615,0.4869197,0.49198395,0.4533761,0.5713891,0.529024,0.4936902,0.52812546
D:\uwiqa_dataset\UIQD\images\5262.jpg,uiqd,2.083333333,0.27083333325000003,test,0.28616813,0.42061418,0.29283613,0.28654963,0.47564384,0.4928845,0.45437786,0.57122576,0.5466757,0.50209916,0.53053564
D:\uwiqa_dataset\UIQD\images\2906.jpg,uiqd,3.75,0.6875,test,0.74181634,0.5597926,0.13775599,0.3024514,0.5773536,0.4043394,0.42363593,0.5222447,0.45900503,0.39503834,0.5307985
D:\uwiqa_dataset\UIQD\images\1394.jpg,uiqd,3.416666667,0.60416666675,test,0.5000052,0.59378386,0.11583267,0.2903834,0.26765597,0.5124627,0.547176,0.4855361,0.5234123,0.63090295,0.49002904
D:\uwiqa_dataset\UIQD\images\1581.jpg,uiqd,2.666666667,0.41666666674999997,test,0.42531487,0.43582857,0.26428735,0.29988408,0.4900663,0.5179369,0.37809902,0.4684264,0.4954684,0.3894113,0.39746058
D:\uwiqa_dataset\UIQD\images\3701.jpg,uiqd,1.333333333,0.08333333324999997,test,0.18043222,0.30956492,0.2872586,0.40317646,0.48647425,0.46739,0.46597382,0.5732714,0.55708766,0.5079928,0.5189693
D:\uwiqa_dataset\UIQD\images\5065.jpg,uiqd,2.666666667,0.41666666674999997,test,0.43140152,0.49008504,0.24335353,0.26656142,0.5294391,0.4623319,0.427704,0.56350565,0.5136721,0.43618125,0.5216917
D:\uwiqa_dataset\UIQD\images\5060.jpg,uiqd,2.25,0.3125,test,0.24906164,0.4852153,0.2202411,0.29454362,0.47531822,0.462874,0.4839152,0.54063916,0.5166801,0.47816238,0.5159069
D:\uwiqa_dataset\UIQD\images\5786.jpg,uiqd,2.5,0.375,test,0.29548255,0.41813812,0.31300434,0.2688575,0.47242698,0.47230887,0.51366943,0.46663606,0.5328001,0.45945093,0.43049675
D:\uwiqa_dataset\UIQD\images\2305.jpg,uiqd,4.0,0.75,test,0.80543107,0.574215,0.17043304,0.25535196,0.42007455,0.59155357,0.45515606,0.37547988,0.51126355,0.4692219,0.47646195
D:\uwiqa_dataset\UIQD\images\5779.jpg,uiqd,1.416666667,0.10416666675000003,test,0.08023892,0.44799057,0.13439195,0.41761747,0.4582792,0.44987854,0.4932181,0.6200845,0.5561824,0.55776966,0.51556027
D:\uwiqa_dataset\UIQD\images\2095.jpg,uiqd,1.833333333,0.20833333324999997,test,0.22002555,0.4844313,0.24024636,0.2753223,0.4446932,0.50420827,0.4604618,0.5728178,0.56062865,0.5280851,0.5350216
D:\uwiqa_dataset\UIQD\images\1965.jpg,uiqd,1.333333333,0.08333333324999997,test,0.14387932,0.41190183,0.3805476,0.20755056,0.45771745,0.5234818,0.46660802,0.4892867,0.50662243,0.45640683,0.51568377
D:\uwiqa_dataset\UIQD\images\6095.jpg,uiqd,3.833333333,0.70833333325,test,0.823206,0.6230529,0.10351176,0.27343535,0.37363526,0.5764882,0.48554257,0.36807463,0.54167694,0.4808506,0.5377115
D:\uwiqa_dataset\UIQD\images\1371.jpg,uiqd,4.166666667,0.7916666667500001,test,0.7804275,0.48573276,0.1861496,0.32811767,0.48860848,0.51189476,0.4437594,0.43410623,0.46488035,0.39049602,0.36291823
D:\uwiqa_dataset\UIQD\images\4512.jpg,uiqd,3.25,0.5625,test,0.69274265,0.45337376,0.24691077,0.2997154,0.50055337,0.46958947,0.43122372,0.4935888,0.5120432,0.41916695,0.45715415
D:\uwiqa_dataset\UIQD\images\4339.jpg,uiqd,2.333333333,0.33333333325000003,test,0.27058542,0.3693229,0.34573543,0.28494167,0.47784978,0.49055213,0.4626343,0.5638206,0.53933334,0.50580645,0.5229027
D:\uwiqa_dataset\UIQD\images\4371.jpg,uiqd,1.5,0.125,test,0.17787203,0.39987552,0.38839474,0.21172975,0.442883,0.5186575,0.48787427,0.534953,0.5141788,0.51540583,0.5276263
D:\uwiqa_dataset\UIQD\images\3117.jpg,uiqd,2.166666667,0.29166666674999997,test,0.27509823,0.42950553,0.28507447,0.28542,0.48206937,0.50350296,0.44036925,0.53021204,0.5038429,0.44835618,0.53276664
D:\uwiqa_dataset\UIQD\images\1091.jpg,uiqd,3.5,0.625,test,0.6948646,0.4392667,0.14166129,0.419072,0.2881951,0.4726132,0.46121764,0.650086,0.6019202,0.6093265,0.5073316
D:\uwiqa_dataset\UIQD\images\6225.jpg,uiqd,4.333333333,0.8333333332499999,test,0.73021394,0.5613455,0.14320396,0.2954505,0.636421,0.40480366,0.4449918,0.66586685,0.5346468,0.43366557,0.5714371
D:\uwiqa_dataset\UIQD\images\3862.jpg,uiqd,3.666666667,0.66666666675,test,0.7109383,0.5246094,0.24480279,0.23058783,0.4320094,0.52295345,0.45901394,0.44402552,0.48672268,0.44456255,0.500196
D:\uwiqa_dataset\UIQD\images\6043.jpg,uiqd,2.0,0.25,test,0.23281942,0.36051348,0.22648817,0.4129983,0.48861763,0.46894786,0.44078457,0.6038312,0.5882451,0.51452386,0.5277609
D:\uwiqa_dataset\UIQD\images\2340.jpg,uiqd,1.666666667,0.16666666675000003,test,0.1152512,0.51103735,0.32131678,0.16764584,0.5581512,0.46082097,0.40600276,0.59991664,0.52683586,0.45247248,0.5672815
D:\uwiqa_dataset\UIQD\images\4644.jpg,uiqd,1.75,0.1875,test,0.17626889,0.36888793,0.28682122,0.34429085,0.43066648,0.49500886,0.44809043,0.59491414,0.61145324,0.54245186,0.55035377
D:\uwiqa_dataset\UIQD\images\3168.jpg,uiqd,2.083333333,0.27083333325000003,test,0.29140666,0.5831276,0.21474506,0.2021274,0.48939785,0.4602717,0.4707705,0.5176042,0.4942839,0.43393826,0.4991105
D:\uwiqa_dataset\UIQD\images\5517.jpg,uiqd,2.0,0.25,test,0.17235023,0.36497688,0.3509433,0.2840798,0.45007452,0.50981385,0.47679102,0.5509176,0.53412217,0.5230057,0.5228948
D:\uwiqa_dataset\UIQD\images\474.jpg,uiqd,1.333333333,0.08333333324999997,test,0.04557008,0.3667852,0.1272541,0.50596076,0.44438615,0.46294153,0.47045025,0.6172406,0.59680486,0.56784445,0.522062
D:\uwiqa_dataset\UIQD\images\642.jpg,uiqd,1.5,0.125,test,0.16915876,0.3429133,0.3670008,0.29008588,0.47103682,0.4958138,0.47145763,0.59478253,0.5167197,0.52868056,0.5094975
D:\uwiqa_dataset\UIQD\images\4230.jpg,uiqd,1.416666667,0.10416666675000003,test,0.11885598,0.4034092,0.3825565,0.21403429,0.41903132,0.5313814,0.49814218,0.5456121,0.5291877,0.55215377,0.5243306
D:\uwiqa_dataset\UIQD\images\3434.jpg,uiqd,2.333333333,0.33333333325000003,test,0.32302117,0.3928535,0.28029385,0.32685265,0.48717234,0.48337403,0.46724415,0.5374937,0.51041347,0.47229123,0.5161952
D:\uwiqa_dataset\UIQD\images\1884.jpg,uiqd,1.833333333,0.20833333324999997,test,0.15835845,0.39728388,0.35338667,0.24932943,0.44880715,0.5207333,0.48629504,0.55754614,0.5151072,0.53106403,0.5140833
D:\uwiqa_dataset\UIQD\images\1346.jpg,uiqd,1.833333333,0.20833333324999997,test,0.24774545,0.31742606,0.30297384,0.3796001,0.46925405,0.4873463,0.4631458,0.57317364,0.5523777,0.51592666,0.52577263
D:\uwiqa_dataset\UIQD\images\1003.jpg,uiqd,3.25,0.5625,test,0.51494735,0.43489346,0.2646129,0.3004937,0.53742665,0.45429465,0.40453362,0.564792,0.5187299,0.42636377,0.5144813
D:\uwiqa_dataset\UIQD\images\298.jpg,uiqd,3.833333333,0.70833333325,test,0.75558996,0.6202163,0.1172388,0.26254487,0.27695778,0.6596603,0.58591634,0.3806125,0.6121829,0.61963814,0.44040477
D:\uwiqa_dataset\UIQD\images\304.jpg,uiqd,1.916666667,0.22916666675000003,test,0.2896959,0.3974976,0.29204634,0.31045604,0.51688665,0.48179477,0.43172935,0.569114,0.53890026,0.46420085,0.5271496
D:\uwiqa_dataset\UIQD\images\1766.jpg,uiqd,3.833333333,0.70833333325,test,0.89803165,0.724036,0.07802823,0.19793576,0.4094191,0.57272416,0.46107566,0.4800127,0.537077,0.5012376,0.53349984
D:\uwiqa_dataset\UIQD\images\2689.jpg,uiqd,1.916666667,0.22916666675000003,test,0.21028978,0.39586318,0.3124275,0.29170933,0.51872545,0.4806846,0.42845854,0.586804,0.5625549,0.4756732,0.5291644
D:\uwiqa_dataset\UIQD\images\4316.jpg,uiqd,2.333333333,0.33333333325000003,test,0.28135407,0.38549453,0.30312073,0.31138465,0.46694213,0.5019728,0.43322873,0.5951367,0.5977148,0.51924014,0.54414415
D:\uwiqa_dataset\UIQD\images\6174.jpg,uiqd,2.416666667,0.35416666674999997,test,0.35169026,0.4146917,0.25204355,0.3332648,0.5581961,0.45039198,0.43899426,0.58112794,0.5801808,0.49036252,0.48921245
D:\uwiqa_dataset\UIQD\images\5842.jpg,uiqd,3.166666667,0.54166666675,test,0.6036617,0.46526548,0.22705783,0.30767676,0.52791697,0.4536836,0.4070948,0.543526,0.4985008,0.4127911,0.5089159
D:\uwiqa_dataset\UIQD\images\656.jpg,uiqd,3.083333333,0.52083333325,test,0.54382926,0.4476024,0.22998594,0.32241163,0.37621403,0.47472516,0.49687856,0.5283408,0.5403907,0.53946775,0.5184616
D:\uwiqa_dataset\UIQD\images\3003.jpg,uiqd,1.833333333,0.20833333324999997,test,0.21109655,0.49581507,0.30882475,0.19536023,0.47865933,0.47935373,0.4829787,0.55656797,0.52531743,0.5092471,0.50308806
D:\uwiqa_dataset\UIQD\images\5957.jpg,uiqd,2.0,0.25,test,0.110350385,0.401775,0.4208034,0.17742157,0.41699374,0.5621399,0.46500832,0.54716384,0.5510379,0.5422493,0.5403257
D:\uwiqa_dataset\UIQD\images\5973.jpg,uiqd,4.083333333,0.7708333332499999,test,0.6710428,0.6131275,0.08228425,0.3045882,0.24083951,0.6361236,0.4837114,0.6302764,0.5290063,0.72478205,0.4780727
D:\uwiqa_dataset\UIQD\images\5104.jpg,uiqd,1.5,0.125,test,0.03813988,0.4025887,0.3161747,0.28123662,0.47201458,0.49538898,0.456503,0.59815216,0.55308676,0.5269056,0.5227926
D:\uwiqa_dataset\UIQD\images\4530.jpg,uiqd,4.083333333,0.7708333332499999,test,0.82205147,0.6188016,0.12120635,0.25999203,0.41246364,0.524416,0.48089284,0.5091751,0.528711,0.4986715,0.44017857
D:\uwiqa_dataset\UIQD\images\241.jpg,uiqd,4.166666667,0.7916666667500001,test,0.7582552,0.4709329,0.21056959,0.3184975,0.5863685,0.42184904,0.3784907,0.49924415,0.434304,0.36645618,0.4461254
D:\uwiqa_dataset\UIQD\images\784.jpg,uiqd,2.166666667,0.29166666674999997,test,0.2746121,0.41220665,0.32209554,0.26569772,0.4786436,0.48575088,0.4648179,0.5339768,0.50483334,0.461727,0.5289438
D:\uwiqa_dataset\UIQD\images\2851.jpg,uiqd,2.333333333,0.33333333325000003,test,0.33000037,0.41212565,0.29349014,0.29438418,0.47059706,0.4775518,0.50020397,0.5249066,0.51053774,0.49107143,0.50604963
D:\uwiqa_dataset\UIQD\images\4509.jpg,uiqd,2.5,0.375,test,0.34864536,0.3575279,0.3225538,0.31991825,0.4690493,0.48608798,0.44628564,0.5926165,0.5895143,0.51863015,0.5366655
D:\uwiqa_dataset\UIQD\images\1833.jpg,uiqd,1.583333333,0.14583333324999997,test,0.16667566,0.46714196,0.28735623,0.24550177,0.6145982,0.42961916,0.41783303,0.65102285,0.6152794,0.4952645,0.5903862
D:\uwiqa_dataset\UIQD\images\5271.jpg,uiqd,1.166666667,0.041666666750000025,test,0.022648871,0.43042952,0.39660877,0.1729617,0.44636884,0.52397835,0.47505313,0.5859423,0.52203894,0.54495037,0.5177921
D:\uwiqa_dataset\UIQD\images\1761.jpg,uiqd,3.333333333,0.58333333325,test,0.56860894,0.4061106,0.3040101,0.28987932,0.45680135,0.5130223,0.47214687,0.5104951,0.54975057,0.48437026,0.44075057
D:\uwiqa_dataset\UIQD\images\258.jpg,uiqd,2.0,0.25,test,0.15931354,0.32279038,0.3251159,0.3520937,0.46679783,0.49720263,0.4615547,0.57298267,0.54769045,0.51697505,0.52660006
D:\uwiqa_dataset\UIQD\images\2989.jpg,uiqd,1.166666667,0.041666666750000025,test,0.037894823,0.33437067,0.5035049,0.16212447,0.5036831,0.45111248,0.46934935,0.6524676,0.46409017,0.5268052,0.4490028
D:\uwiqa_dataset\UIQD\images\894.jpg,uiqd,3.0,0.5,test,0.68422407,0.532323,0.18238357,0.28529337,0.38581756,0.5448812,0.5452104,0.39774215,0.5262085,0.47756246,0.50191367
D:\uwiqa_dataset\UIQD\images\448.jpg,uiqd,1.916666667,0.22916666675000003,test,0.24834551,0.3547285,0.27862254,0.36664894,0.46182898,0.51710635,0.45435768,0.5556738,0.5437574,0.5117371,0.52601373
D:\uwiqa_dataset\UIQD\images\4185.jpg,uiqd,4.25,0.8125,test,0.85199434,0.52415127,0.17232203,0.30352664,0.48445022,0.5210818,0.428207,0.43213126,0.48061407,0.39384335,0.48536646
D:\uwiqa_dataset\UIQD\images\6091.jpg,uiqd,1.25,0.0625,test,0.047865298,0.3462841,0.22492768,0.4287882,0.4677056,0.44823837,0.4984954,0.5698541,0.5412317,0.530028,0.50448114
D:\uwiqa_dataset\UIQD\images\1733.jpg,uiqd,2.583333333,0.39583333325000003,test,0.46476826,0.43852097,0.30069456,0.26078448,0.51698136,0.4936598,0.43038738,0.54954493,0.52961147,0.4719887,0.51292795
D:\uwiqa_dataset\UIQD\images\5179.jpg,uiqd,3.5,0.625,test,0.6754146,0.48398745,0.17880802,0.3372045,0.49581432,0.50609416,0.46913823,0.47297403,0.45237955,0.42293286,0.5649384
D:\uwiqa_dataset\UIQD\images\4606.jpg,uiqd,1.083333333,0.020833333249999975,test,0.018892478,0.5268068,0.18066837,0.2925249,0.45958075,0.45623818,0.48768872,0.6489865,0.4667129,0.56046903,0.45431587
D:\uwiqa_dataset\UIQD\images\2407.jpg,uiqd,1.416666667,0.10416666675000003,test,0.08911341,0.36807573,0.18989325,0.4420311,0.44363007,0.45618823,0.48065355,0.63585925,0.5686168,0.56998736,0.5204152
D:\uwiqa_dataset\UIQD\images\2100.jpg,uiqd,3.583333333,0.64583333325,test,0.7577768,0.5002151,0.21876092,0.28102398,0.48818564,0.4339613,0.35977045,0.31003174,0.39780915,0.25760832,0.37274557
D:\uwiqa_dataset\UIQD\images\4994.jpg,uiqd,1.5,0.125,test,0.07441931,0.3494817,0.26717427,0.38334396,0.40942204,0.47165135,0.49460933,0.6107299,0.5939869,0.58484405,0.5374073
D:\uwiqa_dataset\UIQD\images\6299.jpg,uiqd,2.416666667,0.35416666674999997,test,0.38234583,0.4398852,0.29202452,0.26809028,0.544594,0.42693225,0.4363476,0.5685569,0.5237208,0.44730338,0.48342985
D:\uwiqa_dataset\UIQD\images\6010.jpg,uiqd,2.0,0.25,test,0.27471617,0.50641334,0.28695378,0.20663287,0.42556185,0.5649584,0.45717385,0.5215088,0.54346365,0.51894724,0.53825
D:\uwiqa_dataset\UIQD\images\5519.jpg,uiqd,3.583333333,0.64583333325,test,0.62814325,0.6516034,0.17741272,0.17098388,0.3744063,0.6689508,0.4200162,0.3529616,0.5711312,0.47367033,0.50574565
D:\uwiqa_dataset\UIQD\images\1447.jpg,uiqd,2.416666667,0.35416666674999997,test,0.35299423,0.46465263,0.3095086,0.22583877,0.4379938,0.5164702,0.45360848,0.4563527,0.48641095,0.4398524,0.4306498
D:\uwiqa_dataset\UIQD\images\1422.jpg,uiqd,4.0,0.75,test,0.82129586,0.47766274,0.18640058,0.33593664,0.34214893,0.5448744,0.4968695,0.35038728,0.5080597,0.42460084,0.44477135
D:\uwiqa_dataset\UIQD\images\3546.jpg,uiqd,2.0,0.25,test,0.34185916,0.47770855,0.28427413,0.2380173,0.45410258,0.5057153,0.45272136,0.4910827,0.49517393,0.4506575,0.4519511
D:\uwiqa_dataset\UIQD\images\2756.jpg,uiqd,3.0,0.5,test,0.5914027,0.46700275,0.2300467,0.30295056,0.42815116,0.4670093,0.48772603,0.48092547,0.47453883,0.4234672,0.47258806
D:\uwiqa_dataset\UIQD\images\334.jpg,uiqd,2.5,0.375,test,0.41408232,0.40378788,0.42197967,0.1742324,0.38361615,0.5309373,0.5158292,0.44892448,0.5187316,0.49911025,0.5376672
D:\uwiqa_dataset\UIQD\images\4997.jpg,uiqd,1.75,0.1875,test,0.19353837,0.46666384,0.2489962,0.28433996,0.48039898,0.5148936,0.41726762,0.5510742,0.5212159,0.47352624,0.55920684
D:\uwiqa_dataset\UIQD\images\5283.jpg,uiqd,3.25,0.5625,test,0.72952276,0.5308191,0.20355445,0.26562646,0.45313132,0.5206233,0.46952838,0.4340261,0.4855229,0.39823657,0.5227219
D:\uwiqa_dataset\UIQD\images\5767.jpg,uiqd,3.583333333,0.64583333325,test,0.58637124,0.4880271,0.2641588,0.24781413,0.49983448,0.50514245,0.4322808,0.49173167,0.49979493,0.43150946,0.47772205
D:\uwiqa_dataset\UIQD\images\1594.jpg,uiqd,1.5,0.125,test,0.13033114,0.36124247,0.36992005,0.2688375,0.35861793,0.6437203,0.43265235,0.5342074,0.5660719,0.6052704,0.5258993
D:\uwiqa_dataset\UIQD\images\5714.jpg,uiqd,2.916666667,0.47916666674999997,test,0.4662384,0.48817506,0.28101242,0.23081249,0.5345663,0.46024486,0.41830483,0.587977,0.5576747,0.46064228,0.5226771
D:\uwiqa_dataset\UIQD\images\4302.jpg,uiqd,4.166666667,0.7916666667500001,test,0.810275,0.4723701,0.11280421,0.41482568,0.26525477,0.51714575,0.4926624,0.5529009,0.53854364,0.5421657,0.41533327
D:\uwiqa_dataset\UIQD\images\1040.jpg,uiqd,1.5,0.125,test,0.11033062,0.37446907,0.35830745,0.26722354,0.43282226,0.5307604,0.4791067,0.5636949,0.54172987,0.5419971,0.53012604
D:\uwiqa_dataset\UIQD\images\2681.jpg,uiqd,1.75,0.1875,test,0.12056783,0.32940707,0.1640637,0.5065292,0.50657797,0.47002733,0.4568055,0.6027879,0.5797653,0.5221094,0.51583034
D:\uwiqa_dataset\UIQD\images\1919.jpg,uiqd,1.166666667,0.041666666750000025,test,0.10540755,0.25741965,0.17631988,0.5662605,0.5129,0.4582858,0.45132375,0.6129038,0.5841832,0.52446467,0.5098222
D:\uwiqa_dataset\UIQD\images\586.jpg,uiqd,3.5,0.625,test,0.5135474,0.45612046,0.25369725,0.29018235,0.5407909,0.44287702,0.39838612,0.5429554,0.49587816,0.40710458,0.5071716
D:\uwiqa_dataset\UIQD\images\2943.jpg,uiqd,1.416666667,0.10416666675000003,test,0.06386418,0.3971517,0.23122005,0.37162828,0.4286335,0.4912869,0.48174486,0.60182565,0.5873469,0.57723755,0.52258366
D:\uwiqa_dataset\UIQD\images\2806.jpg,uiqd,3.416666667,0.60416666675,test,0.661422,0.4873548,0.2572228,0.25542238,0.44590533,0.5045095,0.5035077,0.419152,0.46477383,0.39557987,0.52052534
D:\uwiqa_dataset\UIQD\images\1322.jpg,uiqd,1.083333333,0.020833333249999975,test,0.04076438,0.37693468,0.117484696,0.50558066,0.4898797,0.4183912,0.5036917,0.5653745,0.5517852,0.5079753,0.49785158
D:\uwiqa_dataset\UIQD\images\248.jpg,uiqd,4.333333333,0.8333333332499999,test,0.86723,0.57458496,0.098961875,0.32645315,0.28738084,0.55866253,0.551043,0.47097936,0.58048284,0.6155833,0.4833964
D:\uwiqa_dataset\UIQD\images\4356.jpg,uiqd,3.916666667,0.72916666675,test,0.6591881,0.55348206,0.11808551,0.3284324,0.32870695,0.54600877,0.45801115,0.45366132,0.543182,0.52848524,0.49874622
D:\uwiqa_dataset\UIQD\images\5951.jpg,uiqd,4.0,0.75,test,0.8211048,0.631698,0.1293612,0.23894076,0.4704316,0.5247883,0.4252866,0.43214804,0.50816643,0.39817157,0.4698502
D:\uwiqa_dataset\UIQD\images\4004.jpg,uiqd,3.916666667,0.72916666675,test,0.74844146,0.57286966,0.1290584,0.2980719,0.33473244,0.60917395,0.5185302,0.37205946,0.5632627,0.5414264,0.3979233
D:\uwiqa_dataset\UIQD\images\3751.jpg,uiqd,4.5,0.875,test,0.93741363,0.626125,0.10005553,0.27381948,0.47156024,0.37825018,0.46251398,0.3477578,0.57087207,0.34635195,0.41687292
D:\uwiqa_dataset\UIQD\images\5305.jpg,uiqd,2.333333333,0.33333333325000003,test,0.32558364,0.40361413,0.29078084,0.30560502,0.49757507,0.49112117,0.41917622,0.6008458,0.59773076,0.49115366,0.5471825
D:\uwiqa_dataset\UIQD\images\2092.jpg,uiqd,3.75,0.6875,test,0.6285124,0.4979855,0.2549501,0.24706441,0.49399954,0.4568437,0.38328007,0.4197702,0.46156588,0.33250907,0.49622887
D:\uwiqa_dataset\UIQD\images\1196.jpg,uiqd,1.25,0.0625,test,0.11834803,0.41410968,0.274376,0.3115143,0.49378854,0.45282644,0.4861596,0.55770653,0.50244176,0.47997963,0.48675606
D:\uwiqa_dataset\UIQD\images\4924.jpg,uiqd,3.916666667,0.72916666675,test,0.6519155,0.5315853,0.14373413,0.32468066,0.370207,0.43266448,0.52647,0.5187739,0.5046749,0.5102494,0.5130384
D:\uwiqa_dataset\UIQD\images\2073.jpg,uiqd,1.333333333,0.08333333324999997,test,0.07048289,0.31160092,0.17104705,0.517352,0.5296809,0.45689747,0.45805547,0.6073915,0.5565265,0.5099894,0.5003758
D:\uwiqa_dataset\UIQD\images\4536.jpg,uiqd,1.333333333,0.08333333324999997,test,0.09684438,0.38713175,0.20920415,0.40366408,0.45627517,0.4658075,0.49826357,0.58311284,0.53765273,0.5429912,0.51106244
D:\uwiqa_dataset\UIQD\images\125.jpg,uiqd,1.583333333,0.14583333324999997,test,0.1184674,0.32771543,0.21264087,0.45964372,0.4410356,0.46419105,0.49767143,0.58018255,0.56147724,0.55420065,0.51676404
D:\uwiqa_dataset\UIQD\images\1254.jpg,uiqd,2.416666667,0.35416666674999997,test,0.47297838,0.43876916,0.24738991,0.3138409,0.6091007,0.4256571,0.40323693,0.6229412,0.5552377,0.43085903,0.54645336
D:\uwiqa_dataset\UIQD\images\3478.jpg,uiqd,3.916666667,0.72916666675,test,0.7846908,0.49526906,0.13299888,0.37173206,0.3853654,0.521851,0.48026693,0.46113828,0.5061118,0.43154255,0.4116263
D:\uwiqa_dataset\UIQD\images\1774.jpg,uiqd,2.25,0.3125,test,0.41881618,0.4429134,0.25017607,0.30691054,0.48760954,0.49872202,0.43800703,0.56009895,0.5328206,0.47248822,0.53249377
D:\uwiqa_dataset\UIQD\images\4501.jpg,uiqd,1.083333333,0.020833333249999975,test,0.056428846,0.33847508,0.5068678,0.15465711,0.42608422,0.5613303,0.45916155,0.58562136,0.53911626,0.55869263,0.53120065
D:\uwiqa_dataset\UIQD\images\2555.jpg,uiqd,1.5,0.125,test,0.2635332,0.40830463,0.2631031,0.3285923,0.52384704,0.4686687,0.4385797,0.6011972,0.59341997,0.50237167,0.52045435
D:\uwiqa_dataset\UIQD\images\2526.jpg,uiqd,2.416666667,0.35416666674999997,test,0.39958814,0.41441908,0.28868935,0.29689154,0.51974154,0.46905324,0.43082133,0.5596334,0.5286943,0.45708436,0.51729274
D:\uwiqa_dataset\UIQD\images\4602.jpg,uiqd,3.583333333,0.64583333325,test,0.712514,0.47361183,0.24181831,0.28456983,0.4651579,0.49835345,0.45971504,0.44684124,0.47036684,0.4101011,0.47311622
D:\uwiqa_dataset\UIQD\images\6058.jpg,uiqd,1.333333333,0.08333333324999997,test,0.071959235,0.2905883,0.48638105,0.22303066,0.52965736,0.45308447,0.4865155,0.5767276,0.49376354,0.47630638,0.4923234
D:\uwiqa_dataset\UIQD\images\2578.jpg,uiqd,4.416666667,0.8541666667500001,test,0.8768427,0.53963464,0.060984123,0.3993812,0.23928043,0.4796515,0.5237999,0.5221528,0.5581795,0.5982348,0.5117471
D:\uwiqa_dataset\UIQD\images\1408.jpg,uiqd,2.166666667,0.29166666674999997,test,0.28679016,0.36845878,0.2650587,0.36648253,0.4849745,0.483284,0.45901373,0.5857172,0.5677765,0.5154678,0.5244272
D:\uwiqa_dataset\UIQD\images\599.jpg,uiqd,3.25,0.5625,test,0.5359318,0.55198383,0.16971332,0.2783029,0.38021722,0.5029492,0.5424037,0.443919,0.5151472,0.49928987,0.48344612
D:\uwiqa_dataset\UIQD\images\76.jpg,uiqd,4.333333333,0.8333333332499999,test,0.7880079,0.53458494,0.18943855,0.2759765,0.47104475,0.494823,0.46715453,0.3833627,0.50204515,0.3751176,0.5412468
D:\uwiqa_dataset\UIQD\images\316.jpg,uiqd,2.416666667,0.35416666674999997,test,0.32059804,0.44130328,0.31636944,0.2423273,0.49272987,0.48581406,0.45370147,0.5599854,0.5299098,0.47949085,0.52335423
D:\uwiqa_dataset\UIQD\images\5328.jpg,uiqd,1.416666667,0.10416666675000003,test,0.073415756,0.22945258,0.12865308,0.64189434,0.53607666,0.4443678,0.44955036,0.6138801,0.57207626,0.50918907,0.49562895
D:\uwiqa_dataset\UIQD\images\5850.jpg,uiqd,4.0,0.75,test,0.6956526,0.4089935,0.31133935,0.27966717,0.4188599,0.54645914,0.4492141,0.4259724,0.5162046,0.45934284,0.39626887
D:\uwiqa_dataset\UIQD\images\5833.jpg,uiqd,2.583333333,0.39583333325000003,test,0.34977195,0.38864577,0.3021138,0.30924046,0.45463353,0.49142694,0.46985433,0.5628216,0.55375916,0.5195712,0.5306616
D:\uwiqa_dataset\UIQD\images\3183.jpg,uiqd,3.916666667,0.72916666675,test,0.8375974,0.51285076,0.14883119,0.33831802,0.40773273,0.59014416,0.45491347,0.3641757,0.50502414,0.45019478,0.5123374
D:\uwiqa_dataset\UIQD\images\5230.jpg,uiqd,1.5,0.125,test,0.07306059,0.37578267,0.36912975,0.25508758,0.43389282,0.5264334,0.48354498,0.5607472,0.5379397,0.540303,0.5279712
D:\uwiqa_dataset\UIQD\images\4382.jpg,uiqd,4.25,0.8125,test,0.85178494,0.5346939,0.13499424,0.33031183,0.29884404,0.5653177,0.51250255,0.4482959,0.5579439,0.5739503,0.45447478
D:\uwiqa_dataset\UIQD\images\3048.jpg,uiqd,1.666666667,0.16666666675000003,test,0.16446663,0.5565793,0.21706492,0.22635582,0.4602621,0.52063847,0.43884847,0.46005368,0.5667769,0.5025306,0.48789272
D:\uwiqa_dataset\UIQD\images\3167.jpg,uiqd,4.25,0.8125,test,0.78611463,0.64557076,0.098107785,0.25632152,0.4677743,0.5133809,0.48784342,0.48365104,0.4869759,0.45845586,0.4849413
D:\uwiqa_dataset\UIQD\images\150.jpg,uiqd,2.416666667,0.35416666674999997,test,0.23423995,0.36338356,0.31572056,0.32089582,0.46394613,0.5000849,0.4871052,0.5515719,0.51398027,0.5177622,0.4985788
D:\uwiqa_dataset\UIQD\images\2441.jpg,uiqd,2.0,0.25,test,0.33541253,0.38832986,0.28475186,0.32691824,0.47344792,0.5059272,0.43611032,0.57829624,0.57146454,0.50294244,0.54035723
D:\uwiqa_dataset\UIQD\images\5717.jpg,uiqd,4.5,0.875,test,0.89730376,0.6377175,0.119990595,0.24229191,0.49904755,0.48904052,0.38613036,0.42831773,0.46670294,0.35808536,0.49026543
D:\uwiqa_dataset\UIQD\images\3709.jpg,uiqd,2.083333333,0.27083333325000003,test,0.40960637,0.39269274,0.36735696,0.23995036,0.35333756,0.52162266,0.4651148,0.52478004,0.57318765,0.58591586,0.54794234
D:\uwiqa_dataset\UIQD\images\291.jpg,uiqd,2.25,0.3125,test,0.31821167,0.4145744,0.28158522,0.3038404,0.5180341,0.47895536,0.4352385,0.57104987,0.5415612,0.46982864,0.5200009
D:\uwiqa_dataset\UIQD\images\454.jpg,uiqd,2.583333333,0.39583333325000003,test,0.45444593,0.4786333,0.2696269,0.2517398,0.50976086,0.47782534,0.43702483,0.550135,0.51598567,0.4517151,0.51726735
D:\uwiqa_dataset\UIQD\images\504.jpg,uiqd,1.5,0.125,test,0.09911722,0.36715344,0.23228411,0.40056247,0.51517195,0.45556396,0.46261868,0.6032833,0.57742655,0.5152886,0.51715946
D:\uwiqa_dataset\UIQD\images\1175.jpg,uiqd,2.0,0.25,test,0.21216385,0.3539319,0.28417465,0.36189345,0.47944173,0.48909533,0.4529975,0.57565165,0.55746174,0.5085851,0.52748305
D:\uwiqa_dataset\UIQD\images\3130.jpg,uiqd,1.916666667,0.22916666675000003,test,0.24667752,0.5731458,0.2736815,0.15317273,0.48837999,0.44246197,0.49771488,0.44631764,0.48101482,0.37761545,0.5382006
D:\uwiqa_dataset\UIQD\images\2084.jpg,uiqd,1.5,0.125,test,0.1975433,0.4573172,0.273245,0.26943785,0.5029943,0.48635668,0.43822536,0.5927683,0.55383533,0.49433723,0.5285522
D:\uwiqa_dataset\UIQD\images\3337.jpg,uiqd,1.666666667,0.16666666675000003,test,0.21977717,0.5458995,0.21441804,0.23968245,0.49618414,0.506377,0.38405314,0.59115463,0.5940654,0.49773306,0.5667208
D:\uwiqa_dataset\UIQD\images\809.jpg,uiqd,1.833333333,0.20833333324999997,test,0.17791371,0.3708744,0.29531842,0.33380714,0.47106326,0.49298215,0.46900764,0.5456819,0.527567,0.4945516,0.52685845
D:\uwiqa_dataset\UIQD\images\5742.jpg,uiqd,2.166666667,0.29166666674999997,test,0.3503773,0.41782358,0.3395028,0.24267365,0.48214254,0.4790844,0.4775282,0.567344,0.54025054,0.5111755,0.5152549
D:\uwiqa_dataset\UIQD\images\6245.jpg,uiqd,2.166666667,0.29166666674999997,test,0.32389364,0.58577365,0.23416413,0.18006225,0.47438195,0.49492142,0.47842732,0.382779,0.5288699,0.42268276,0.46816236
D:\uwiqa_dataset\UIQD\images\811.jpg,uiqd,3.666666667,0.66666666675,test,0.6181408,0.43564546,0.24396643,0.32038814,0.54163283,0.42395017,0.38877293,0.5008546,0.4902394,0.37482184,0.497292
D:\uwiqa_dataset\UIQD\images\835.jpg,uiqd,3.916666667,0.72916666675,test,0.7503413,0.48827833,0.22434872,0.28737304,0.4720875,0.47054937,0.41596434,0.3468172,0.39824015,0.28808022,0.44244432
D:\uwiqa_dataset\UIQD\images\4546.jpg,uiqd,2.166666667,0.29166666674999997,test,0.20845118,0.34345707,0.36324123,0.29330167,0.48448154,0.4966684,0.44230872,0.580025,0.549765,0.5005114,0.53716177
D:\uwiqa_dataset\UIQD\images\4849.jpg,uiqd,1.75,0.1875,test,0.13881353,0.39888483,0.3454224,0.25569275,0.44927046,0.5109777,0.4522575,0.6155663,0.5203001,0.5510733,0.50869346
D:\uwiqa_dataset\UIQD\images\4079.jpg,uiqd,3.666666667,0.66666666675,test,0.6193245,0.47578198,0.22429879,0.29991925,0.47058845,0.5047195,0.42770514,0.48776615,0.4664292,0.44167802,0.5690437
D:\uwiqa_dataset\UIQD\images\4708.jpg,uiqd,1.666666667,0.16666666675000003,test,0.14060563,0.36962023,0.36493587,0.26544392,0.4117567,0.5319233,0.46629927,0.59299767,0.57487315,0.57043093,0.540837
D:\uwiqa_dataset\UIQD\images\3659.jpg,uiqd,3.5,0.625,test,0.61420876,0.44405958,0.30363098,0.25230938,0.47498944,0.4897462,0.4107606,0.4542425,0.44439605,0.38517982,0.43902817
D:\uwiqa_dataset\UIQD\images\2064.jpg,uiqd,2.083333333,0.27083333325000003,test,0.18279298,0.5221582,0.20115842,0.2766834,0.4107172,0.47266847,0.48078263,0.5663276,0.5721793,0.5479709,0.50919247
D:\uwiqa_dataset\UIQD\images\1946.jpg,uiqd,1.083333333,0.020833333249999975,test,0.0281738,0.39796776,0.20828748,0.39374474,0.5001642,0.43100458,0.49257204,0.5461301,0.54651004,0.48450416,0.49118656
D:\uwiqa_dataset\UIQD\images\1109.jpg,uiqd,1.25,0.0625,test,0.06877896,0.30045232,0.18774895,0.51179874,0.5216633,0.42386058,0.4889183,0.61500365,0.56784165,0.5272031,0.49780065
D:\uwiqa_dataset\UIQD\images\4868.jpg,uiqd,2.333333333,0.33333333325000003,test,0.34131816,0.39575976,0.280047,0.32419318,0.47713804,0.48740032,0.47007218,0.5753428,0.5404503,0.51058394,0.521157
D:\uwiqa_dataset\UIQD\images\1028.jpg,uiqd,1.75,0.1875,test,0.17012453,0.34446535,0.37273583,0.28279877,0.4703074,0.49483797,0.4535889,0.5849961,0.5515172,0.5164625,0.5296228
D:\uwiqa_dataset\UIQD\images\5502.jpg,uiqd,3.083333333,0.52083333325,test,0.6305471,0.5258861,0.2557598,0.21835406,0.4089248,0.49389267,0.53734034,0.45533454,0.50704896,0.4573269,0.48534906
D:\uwiqa_dataset\UIQD\images\1521.jpg,uiqd,2.25,0.3125,test,0.33472988,0.40045244,0.29125988,0.30828762,0.49860463,0.47737172,0.4550769,0.5852612,0.5540777,0.49856985,0.52201843
D:\uwiqa_dataset\UIQD\images\350.jpg,uiqd,1.75,0.1875,test,0.28812495,0.36028147,0.301926,0.33779255,0.4729788,0.48770863,0.46152896,0.5606097,0.5522312,0.5080033,0.5257594
D:\uwiqa_dataset\UIQD\images\1472.jpg,uiqd,1.666666667,0.16666666675000003,test,0.23867358,0.46933797,0.20474353,0.32591853,0.45755407,0.48774242,0.45569655,0.57404023,0.5720956,0.5235264,0.5200738
D:\uwiqa_dataset\UIQD\images\3896.jpg,uiqd,3.416666667,0.60416666675,test,0.675119,0.43090007,0.29892096,0.270179,0.54209656,0.4287945,0.39102188,0.50273424,0.4602048,0.3709318,0.49727654
D:\uwiqa_dataset\UIQD\images\173.jpg,uiqd,2.166666667,0.29166666674999997,test,0.27588508,0.39202002,0.2937362,0.3142438,0.4850283,0.50124425,0.4322149,0.5740813,0.5657145,0.49500626,0.53765714
D:\uwiqa_dataset\UIQD\images\5953.jpg,uiqd,1.583333333,0.14583333324999997,test,0.1056121,0.35729563,0.3976569,0.24504748,0.4680088,0.5026895,0.48514313,0.58485013,0.4832907,0.5272278,0.50224936
D:\uwiqa_dataset\UIQD\images\4056.jpg,uiqd,1.833333333,0.20833333324999997,test,0.15887475,0.3816201,0.4395299,0.17885,0.43190295,0.5335811,0.48380798,0.5740151,0.5224191,0.5518171,0.522435
D:\uwiqa_dataset\UIQD\images\423.jpg,uiqd,2.166666667,0.29166666674999997,test,0.26242447,0.42267528,0.3256154,0.25170925,0.46088985,0.50705117,0.4578976,0.5575909,0.54902977,0.5086733,0.53118277
D:\uwiqa_dataset\UIQD\images\1545.jpg,uiqd,2.916666667,0.47916666674999997,test,0.47684443,0.46241623,0.26712593,0.27045786,0.5467476,0.4795686,0.39569226,0.5581832,0.52714396,0.45134306,0.5071341
D:\uwiqa_dataset\UIQD\images\882.jpg,uiqd,2.25,0.3125,test,0.29486862,0.387951,0.2958854,0.31616363,0.40958455,0.5784276,0.40776497,0.5260276,0.58788687,0.54113364,0.5641028
D:\uwiqa_dataset\UIQD\images\2228.jpg,uiqd,3.916666667,0.72916666675,test,0.7724777,0.51357543,0.1754205,0.3110041,0.44286233,0.49723542,0.51173156,0.43271992,0.5109549,0.46603575,0.46897906
D:\uwiqa_dataset\UIQD\images\5567.jpg,uiqd,1.333333333,0.08333333324999997,test,0.075775996,0.3136278,0.21572278,0.47064948,0.54393524,0.45068026,0.4465417,0.6132007,0.5605217,0.5063022,0.48850837
D:\uwiqa_dataset\UIQD\images\5050.jpg,uiqd,2.916666667,0.47916666674999997,test,0.5031349,0.47209457,0.22776741,0.30013803,0.3905806,0.48509187,0.43626145,0.6161779,0.6158781,0.5652101,0.5359375
D:\uwiqa_dataset\UIQD\images\1323.jpg,uiqd,3.083333333,0.52083333325,test,0.6008572,0.5849187,0.16966465,0.24541667,0.5269051,0.455103,0.46439222,0.5596275,0.46984926,0.42451826,0.54299843
D:\uwiqa_dataset\UIQD\images\103.jpg,uiqd,2.166666667,0.29166666674999997,test,0.24213254,0.39643818,0.3058013,0.29776052,0.50953275,0.48363832,0.408763,0.6101318,0.60739636,0.48886976,0.55911136
D:\uwiqa_dataset\UIQD\images\4367.jpg,uiqd,1.666666667,0.16666666675000003,test,0.19766918,0.5073678,0.32591352,0.16671874,0.42520726,0.579404,0.48814842,0.37420136,0.56511885,0.49069417,0.47332686
D:\uwiqa_dataset\UIQD\images\5317.jpg,uiqd,1.75,0.1875,test,0.16899252,0.4445741,0.3519171,0.20350878,0.45026428,0.5128992,0.43284607,0.59403557,0.51498425,0.537111,0.5492562
D:\uwiqa_dataset\UIQD\images\4337.jpg,uiqd,3.333333333,0.58333333325,test,0.4563997,0.42156774,0.3022005,0.2762318,0.3238735,0.47736102,0.4606085,0.5902526,0.604862,0.58875424,0.5758151
D:\uwiqa_dataset\UIQD\images\3886.jpg,uiqd,1.25,0.0625,test,0.041539535,0.3501756,0.14681087,0.5030135,0.44458228,0.44705883,0.48556784,0.6181821,0.5850329,0.5642443,0.5234635
D:\uwiqa_dataset\UIQD\images\5034.jpg,uiqd,3.333333333,0.58333333325,test,0.62078065,0.45759153,0.24894221,0.29346633,0.39477104,0.5471952,0.5358083,0.43465525,0.5320415,0.4940695,0.46177474
D:\uwiqa_dataset\UIQD\images\2537.jpg,uiqd,3.333333333,0.58333333325,test,0.64840585,0.46316105,0.2749159,0.26192307,0.56121373,0.41970706,0.40936646,0.5016691,0.46615353,0.38571,0.4968791
D:\uwiqa_dataset\UIQD\images\4897.jpg,uiqd,2.0,0.25,test,0.23616587,0.36985886,0.31939414,0.31074703,0.468248,0.4926023,0.44816178,0.58927107,0.5779992,0.52170104,0.53433144
D:\uwiqa_dataset\UIQD\images\4653.jpg,uiqd,1.75,0.1875,test,0.1696373,0.39600888,0.3088876,0.29510355,0.5004312,0.5223478,0.40513095,0.5868912,0.54655015,0.51597214,0.566144
D:\uwiqa_dataset\UIQD\images\136.jpg,uiqd,3.666666667,0.66666666675,test,0.59330946,0.44023666,0.26311705,0.2966464,0.43620738,0.5028822,0.44718063,0.5297151,0.50861573,0.4531045,0.45218047
D:\uwiqa_dataset\UIQD\images\2852.jpg,uiqd,1.416666667,0.10416666675000003,test,0.10353507,0.30958778,0.14337161,0.54704064,0.5241267,0.44999728,0.46829104,0.5944743,0.5594216,0.50815564,0.50097895
D:\uwiqa_dataset\UIQD\images\5703.jpg,uiqd,4.5,0.875,test,0.8192689,0.5456587,0.1468793,0.307462,0.5422541,0.4427479,0.39458022,0.46998543,0.48644727,0.41219595,0.48121947
D:\uwiqa_dataset\UIQD\images\4201.jpg,uiqd,3.666666667,0.66666666675,test,0.6131697,0.433184,0.29005644,0.27675948,0.3349211,0.60296273,0.5521265,0.36166412,0.5755833,0.53924316,0.49646568
D:\uwiqa_dataset\UIQD\images\3083.jpg,uiqd,1.916666667,0.22916666675000003,test,0.3002645,0.44936427,0.29621425,0.25442144,0.5360059,0.39820737,0.42167377,0.43902087,0.46086544,0.3004256,0.5027521
D:\uwiqa_dataset\UIQD\images\1120.jpg,uiqd,3.5,0.625,test,0.6786526,0.4418398,0.28458226,0.27357793,0.52327466,0.46696523,0.39871454,0.5017697,0.46550378,0.38274688,0.51728606
D:\uwiqa_dataset\UIQD\images\5511.jpg,uiqd,1.916666667,0.22916666675000003,test,0.24740669,0.36738884,0.3159599,0.31665123,0.50164086,0.4854328,0.4377285,0.5838665,0.5703346,0.494994,0.5300536
D:\uwiqa_dataset\UIQD\images\3400.jpg,uiqd,1.0,0.0,test,0.028693907,0.502243,0.16678648,0.33097056,0.4258269,0.5152249,0.48813024,0.60990787,0.5364343,0.58027804,0.5066547
D:\uwiqa_dataset\UIQD\images\808.jpg,uiqd,3.666666667,0.66666666675,test,0.5510753,0.54198414,0.13140516,0.32661068,0.42175782,0.34465626,0.473024,0.7095104,0.3976953,0.5260266,0.4724024
D:\uwiqa_dataset\UIQD\images\3879.jpg,uiqd,1.416666667,0.10416666675000003,test,0.032804746,0.260921,0.18575959,0.55331945,0.53810096,0.45329332,0.45116007,0.6060626,0.5594294,0.50199866,0.49506062
D:\uwiqa_dataset\UIQD\images\880.jpg,uiqd,1.833333333,0.20833333324999997,test,0.2723568,0.5720731,0.22541887,0.20250806,0.48620084,0.4715022,0.47327447,0.39120123,0.5364579,0.42222443,0.47012734
D:\uwiqa_dataset\UIQD\images\3935.jpg,uiqd,2.0,0.25,test,0.2586153,0.32940322,0.3031103,0.36748642,0.4654062,0.49874282,0.45637673,0.5763166,0.5648734,0.5236559,0.5265611
D:\uwiqa_dataset\UIQD\images\4744.jpg,uiqd,1.25,0.0625,test,0.045289125,0.3300942,0.4579334,0.2119724,0.4669702,0.50108904,0.45244348,0.62163043,0.53421575,0.54021794,0.5114948
D:\uwiqa_dataset\UIQD\images\800.jpg,uiqd,3.333333333,0.58333333325,test,0.3925195,0.5571273,0.13035771,0.312515,0.3647429,0.44672704,0.45334357,0.63734436,0.507198,0.5624521,0.5041516
D:\uwiqa_dataset\UIQD\images\355.jpg,uiqd,2.916666667,0.47916666674999997,test,0.6120383,0.4953925,0.19483633,0.3097712,0.45077,0.46818045,0.487638,0.59306616,0.456831,0.5301892,0.4799378
D:\uwiqa_dataset\UIQD\images\1074.jpg,uiqd,1.166666667,0.041666666750000025,test,0.0905461,0.36745661,0.4876533,0.14489013,0.46043146,0.5195903,0.48434985,0.6035243,0.46392992,0.5479478,0.48865333
D:\uwiqa_dataset\UIQD\images\5544.jpg,uiqd,4.75,0.9375,test,0.9019497,0.62284976,0.08573962,0.29141065,0.2626578,0.4642977,0.48930067,0.56237054,0.594513,0.5978987,0.49990526
D:\uwiqa_dataset\UIQD\images\145.jpg,uiqd,2.75,0.4375,test,0.38159356,0.40819708,0.30851075,0.28329217,0.4982869,0.474121,0.4568361,0.5454089,0.5181419,0.46972382,0.50579554
D:\uwiqa_dataset\UIQD\images\381.jpg,uiqd,3.5,0.625,test,0.5825209,0.58874553,0.16254963,0.24870476,0.5244312,0.4544076,0.4648716,0.55639905,0.46676597,0.4218795,0.54266506
D:\uwiqa_dataset\UIQD\images\5656.jpg,uiqd,2.083333333,0.27083333325000003,test,0.14756986,0.42314866,0.38899317,0.18785816,0.42026833,0.5511174,0.4796175,0.55358326,0.53970915,0.54872155,0.53085
D:\uwiqa_dataset\UIQD\images\5890.jpg,uiqd,4.083333333,0.7708333332499999,test,0.75192827,0.48759916,0.22601305,0.28638783,0.5194346,0.50630236,0.33254406,0.40119377,0.45275086,0.3817744,0.44890717
D:\uwiqa_dataset\UIQD\images\122.jpg,uiqd,1.25,0.0625,test,0.06400486,0.3458988,0.34463936,0.3094618,0.48880365,0.46510214,0.47147956,0.60581267,0.5178959,0.5217118,0.4945375
D:\uwiqa_dataset\UIQD\images\4306.jpg,uiqd,1.75,0.1875,test,0.18810847,0.5219593,0.29990977,0.17813088,0.46275142,0.4974961,0.48136416,0.5013499,0.4937957,0.4776572,0.5347207
D:\uwiqa_dataset\UIQD\images\419.jpg,uiqd,3.333333333,0.58333333325,test,0.56023425,0.45664337,0.23592919,0.30742747,0.4145368,0.42809898,0.5312146,0.5241819,0.502436,0.5154105,0.5177388
D:\uwiqa_dataset\UIQD\images\3459.jpg,uiqd,2.0,0.25,test,0.2735818,0.44355312,0.2651046,0.29134226,0.4857728,0.480127,0.4370217,0.59039545,0.589968,0.5014278,0.53876287
D:\uwiqa_dataset\UIQD\images\1895.jpg,uiqd,2.25,0.3125,test,0.33513978,0.48097113,0.24891078,0.27011803,0.53196377,0.44924542,0.45196325,0.5168979,0.5163529,0.43307203,0.4659623
D:\uwiqa_dataset\UIQD\images\6057.jpg,uiqd,3.916666667,0.72916666675,test,0.7855181,0.4883838,0.20484266,0.3067735,0.3653616,0.6128899,0.47807106,0.31190836,0.5320919,0.45142156,0.4205934
D:\uwiqa_dataset\UIQD\images\4619.jpg,uiqd,1.666666667,0.16666666675000003,test,0.18315537,0.5367242,0.22779077,0.23548502,0.5276476,0.48126,0.44242898,0.58839476,0.5508199,0.48395377,0.5283688
D:\uwiqa_dataset\UIQD\images\5405.jpg,uiqd,4.0,0.75,test,0.82249486,0.5031956,0.12685226,0.3699521,0.3877884,0.52841985,0.48753425,0.57484686,0.5696263,0.50930256,0.4262148
D:\uwiqa_dataset\UIQD\images\556.jpg,uiqd,3.583333333,0.64583333325,test,0.58979005,0.5107218,0.21393622,0.27534196,0.27187684,0.42108834,0.52665216,0.53507537,0.5341124,0.55596864,0.5650988
D:\uwiqa_dataset\UIQD\images\5094.jpg,uiqd,2.5,0.375,test,0.4125249,0.40911984,0.2382747,0.3526055,0.42874673,0.44274846,0.46361136,0.53155667,0.5663442,0.4802893,0.47453406
D:\uwiqa_dataset\UIQD\images\6216.jpg,uiqd,2.0,0.25,test,0.23268804,0.50758225,0.2785447,0.21387309,0.51829714,0.46341026,0.45445597,0.47222337,0.49989012,0.4279165,0.50661165
D:\uwiqa_dataset\UIQD\images\1336.jpg,uiqd,1.666666667,0.16666666675000003,test,0.29711285,0.36311445,0.2813496,0.35553595,0.47288457,0.49992883,0.45265403,0.5667655,0.5453451,0.5011466,0.53335136
D:\uwiqa_dataset\UIQD\images\3768.jpg,uiqd,1.75,0.1875,test,0.23287211,0.41278076,0.28708985,0.30012938,0.5080604,0.5102843,0.38662538,0.57823694,0.55798113,0.4611019,0.55990964
D:\uwiqa_dataset\UIQD\images\5918.jpg,uiqd,1.416666667,0.10416666675000003,test,0.1365853,0.4179947,0.16632387,0.41568145,0.45139125,0.47004735,0.5070328,0.5861213,0.5365534,0.5530433,0.51007986
D:\uwiqa_dataset\UIQD\images\5073.jpg,uiqd,2.0,0.25,test,0.22726794,0.42811128,0.25929207,0.31259665,0.47244847,0.4925209,0.45268276,0.57753545,0.56581914,0.51119214,0.5257127
D:\uwiqa_dataset\UIQD\images\5768.jpg,uiqd,1.25,0.0625,test,0.08594171,0.30136487,0.20734045,0.49129468,0.5219882,0.4248737,0.49105087,0.60382545,0.55332124,0.52044743,0.48986787
D:\uwiqa_dataset\UIQD\images\1617.jpg,uiqd,3.416666667,0.60416666675,test,0.55521643,0.49308643,0.22974473,0.27716887,0.39881662,0.48996463,0.49689722,0.46368393,0.49748743,0.46651253,0.47904694
D:\uwiqa_dataset\UIQD\images\4929.jpg,uiqd,1.416666667,0.10416666675000003,test,0.1194053,0.34200126,0.36749008,0.29050863,0.41886544,0.5217136,0.47597316,0.56261736,0.5669383,0.54672015,0.5441844
D:\uwiqa_dataset\UIQD\images\5140.jpg,uiqd,1.833333333,0.20833333324999997,test,0.14627287,0.5041627,0.25348845,0.24234888,0.38892,0.59678763,0.43735668,0.5078995,0.5823151,0.5755987,0.5507759
D:\uwiqa_dataset\UIQD\images\6115.jpg,uiqd,2.916666667,0.47916666674999997,test,0.50646484,0.5130493,0.21407335,0.27287737,0.41119683,0.4704948,0.47740656,0.50103825,0.51464283,0.47505513,0.47806585
D:\uwiqa_dataset\UIQD\images\1220.jpg,uiqd,2.833333333,0.45833333325000003,test,0.39944467,0.40840244,0.31688926,0.27470836,0.5031658,0.47549582,0.4524134,0.5773649,0.549151,0.49001816,0.51803946
D:\uwiqa_dataset\UIQD\images\2550.jpg,uiqd,2.25,0.3125,test,0.413311,0.5019049,0.21708079,0.28101432,0.5235979,0.454572,0.47774783,0.5150744,0.49191427,0.49807966,0.5509977
D:\uwiqa_dataset\UIQD\images\2319.jpg,uiqd,1.916666667,0.22916666675000003,test,0.32608137,0.38093153,0.285787,0.3332815,0.5245143,0.48444182,0.4259583,0.58838916,0.5800847,0.4879009,0.5227866
D:\uwiqa_dataset\UIQD\images\2150.jpg,uiqd,1.25,0.0625,test,0.057295594,0.42977655,0.17453597,0.3956875,0.46244326,0.45156103,0.48378125,0.6145969,0.5705772,0.55418116,0.5189858
D:\uwiqa_dataset\UIQD\images\5290.jpg,uiqd,2.333333333,0.33333333325000003,test,0.38186625,0.44733188,0.30613118,0.24653696,0.48894647,0.51741946,0.3917829,0.5059062,0.5205666,0.45155123,0.5401912
D:\uwiqa_dataset\UIQD\images\3177.jpg,uiqd,1.25,0.0625,test,0.120617695,0.4274935,0.40336245,0.16914397,0.4523052,0.5184832,0.50996846,0.50143605,0.4670271,0.476869,0.49819776
D:\uwiqa_dataset\UIQD\images\1806.jpg,uiqd,3.583333333,0.64583333325,test,0.67732924,0.49075422,0.18373325,0.3255125,0.47272274,0.47982895,0.46187663,0.50564086,0.45141494,0.42224687,0.53242713
D:\uwiqa_dataset\UIQD\images\3814.jpg,uiqd,2.416666667,0.35416666674999997,test,0.28688434,0.4196473,0.29776773,0.282585,0.45817086,0.51609313,0.45833108,0.55028874,0.54026246,0.5050173,0.5308239
D:\uwiqa_dataset\UIQD\images\5564.jpg,uiqd,4.0,0.75,test,0.7161501,0.47334993,0.19056152,0.33608854,0.34631872,0.5387016,0.49000114,0.44231498,0.50995547,0.50054145,0.43136844
D:\uwiqa_dataset\UIQD\images\415.jpg,uiqd,2.0,0.25,test,0.27000955,0.38016582,0.2947878,0.32504645,0.50413436,0.47620997,0.4633106,0.55691034,0.5296121,0.48275685,0.51822937
D:\uwiqa_dataset\UIQD\images\3989.jpg,uiqd,4.166666667,0.7916666667500001,test,0.7303342,0.476208,0.22520822,0.29858378,0.37866923,0.497102,0.5131714,0.4397162,0.49794698,0.47935945,0.49756914
D:\uwiqa_dataset\UIQD\images\655.jpg,uiqd,3.583333333,0.64583333325,test,0.62205297,0.5327994,0.1968086,0.27039197,0.3851772,0.49449247,0.51732415,0.46075466,0.50491476,0.4853074,0.4852692
D:\uwiqa_dataset\UIQD\images\4292.jpg,uiqd,2.333333333,0.33333333325000003,test,0.4605101,0.45859385,0.29514346,0.24626271,0.46892086,0.4805686,0.5009572,0.5237227,0.5054357,0.49098602,0.50429046
D:\uwiqa_dataset\UIQD\images\1865.jpg,uiqd,1.666666667,0.16666666675000003,test,0.082399145,0.38920823,0.3912831,0.21950865,0.44607157,0.52970016,0.47630948,0.5825812,0.51032716,0.54572654,0.51313865
D:\uwiqa_dataset\UIQD\images\2846.jpg,uiqd,2.416666667,0.35416666674999997,test,0.4860553,0.38345292,0.35833693,0.2582101,0.3736046,0.5117087,0.5528015,0.46513972,0.5123181,0.50097466,0.47182253
D:\uwiqa_dataset\UIQD\images\3493.jpg,uiqd,4.833333333,0.9583333332499999,test,0.86526406,0.47686616,0.18604979,0.337084,0.49872634,0.53126955,0.35424888,0.4526468,0.4628294,0.37976336,0.5244113
D:\uwiqa_dataset\UIQD\images\5188.jpg,uiqd,1.083333333,0.020833333249999975,test,0.02519951,0.32696882,0.15663163,0.5163995,0.5586499,0.40776142,0.4579883,0.6539159,0.56349325,0.51593465,0.47896317
D:\uwiqa_dataset\UIQD\images\590.jpg,uiqd,3.666666667,0.66666666675,test,0.7493364,0.5446649,0.14906149,0.30627367,0.40085754,0.5453229,0.54344666,0.3617414,0.5091326,0.40926322,0.49393997
D:\uwiqa_dataset\UIQD\images\2347.jpg,uiqd,3.666666667,0.66666666675,test,0.7164551,0.5366319,0.11520139,0.34816667,0.32595646,0.54943115,0.494491,0.5451156,0.5828912,0.6130772,0.53061455
D:\uwiqa_dataset\UIQD\images\3723.jpg,uiqd,2.166666667,0.29166666674999997,test,0.30236408,0.44104323,0.3171061,0.24185064,0.56599885,0.43832538,0.42060372,0.54360044,0.4614706,0.41364962,0.51637214
D:\uwiqa_dataset\UIQD\images\2269.jpg,uiqd,2.666666667,0.41666666674999997,test,0.4521792,0.48804903,0.21653304,0.2954179,0.38801,0.480487,0.53117704,0.4912769,0.5142766,0.5126741,0.48143455
D:\uwiqa_dataset\UIQD\images\4669.jpg,uiqd,2.25,0.3125,test,0.29597017,0.3942626,0.3363421,0.26939532,0.47555426,0.4892242,0.47527793,0.56547266,0.5316497,0.50907373,0.5154637
D:\uwiqa_dataset\UIQD\images\3140.jpg,uiqd,2.25,0.3125,test,0.35340062,0.41543147,0.2901513,0.2944172,0.48546645,0.48366475,0.46458685,0.55221546,0.52315503,0.48348123,0.51517177
D:\uwiqa_dataset\UIQD\images\4592.jpg,uiqd,2.166666667,0.29166666674999997,test,0.31573066,0.37370434,0.3154961,0.31079957,0.48345208,0.49428856,0.44301987,0.5748289,0.5582855,0.49957407,0.5361727
D:\uwiqa_dataset\UIQD\images\702.jpg,uiqd,1.416666667,0.10416666675000003,test,0.20794535,0.3848328,0.29188088,0.32328635,0.49965996,0.48367032,0.48229373,0.5376897,0.5200157,0.46389255,0.494037
D:\uwiqa_dataset\UIQD\images\3561.jpg,uiqd,3.416666667,0.60416666675,test,0.6689953,0.4716012,0.23759457,0.29080427,0.5014153,0.46291283,0.43736443,0.48666608,0.4838309,0.3821617,0.47332135
D:\uwiqa_dataset\UIQD\images\5186.jpg,uiqd,2.333333333,0.33333333325000003,test,0.3487171,0.429891,0.3013356,0.26877338,0.50704485,0.48716798,0.43484095,0.5679877,0.54377705,0.4725327,0.5260368
D:\uwiqa_dataset\UIQD\images\4629.jpg,uiqd,1.25,0.0625,test,0.09870654,0.3326721,0.3694931,0.29783475,0.47852486,0.48623157,0.48014486,0.5767891,0.50974256,0.51385814,0.5088363
D:\uwiqa_dataset\UIQD\images\2211.jpg,uiqd,3.416666667,0.60416666675,test,0.744705,0.4687889,0.22816886,0.30304226,0.41748846,0.5230525,0.51196,0.39000702,0.50612116,0.3969389,0.4687011
D:\uwiqa_dataset\UIQD\images\1731.jpg,uiqd,3.75,0.6875,test,0.7143321,0.51587605,0.19172622,0.2923977,0.4816869,0.48128837,0.4717024,0.49858862,0.4518576,0.41519228,0.52249706
D:\uwiqa_dataset\UIQD\images\4691.jpg,uiqd,3.0,0.5,test,0.5338754,0.44561586,0.25337562,0.30100855,0.38772887,0.49428612,0.45751798,0.50989866,0.5120624,0.46923846,0.4602721
D:\uwiqa_dataset\UIQD\images\4727.jpg,uiqd,1.333333333,0.08333333324999997,test,0.16104585,0.327146,0.32287502,0.34997892,0.45673338,0.5008244,0.44629276,0.587504,0.5823357,0.53156996,0.5362846
D:\uwiqa_dataset\UIQD\images\5548.jpg,uiqd,1.25,0.0625,test,0.009523576,0.42210487,0.23277926,0.34511587,0.45558688,0.46458653,0.48429638,0.61978513,0.5400612,0.55999374,0.50174665
D:\uwiqa_dataset\UIQD\images\111.jpg,uiqd,1.166666667,0.041666666750000025,test,0.010789627,0.433146,0.26292723,0.3039267,0.4374803,0.5083275,0.48179856,0.6133981,0.5529408,0.5782131,0.50538516
D:\uwiqa_dataset\UIQD\images\3413.jpg,uiqd,3.333333333,0.58333333325,test,0.57501173,0.4698333,0.26526573,0.2649009,0.49360907,0.48590913,0.4750769,0.50970167,0.47577175,0.44461817,0.5136016
D:\uwiqa_dataset\UIQD\images\4621.jpg,uiqd,3.166666667,0.54166666675,test,0.46168393,0.47340924,0.2772731,0.24931765,0.5626926,0.45081672,0.4080897,0.5528513,0.49304098,0.41143754,0.5196309
D:\uwiqa_dataset\UIQD\images\4078.jpg,uiqd,3.916666667,0.72916666675,test,0.6660339,0.4966992,0.23238243,0.2709184,0.45221198,0.5686239,0.3940963,0.45443147,0.52915335,0.4644534,0.5035084
D:\uwiqa_dataset\UIQD\images\2639.jpg,uiqd,3.583333333,0.64583333325,test,0.6656034,0.47263646,0.2829982,0.2443653,0.43866232,0.5703815,0.43481556,0.38212165,0.51277435,0.46081468,0.42955193
D:\uwiqa_dataset\UIQD\images\5869.jpg,uiqd,2.25,0.3125,test,0.3272244,0.47176456,0.27051023,0.25772515,0.51193255,0.48693973,0.46608278,0.52646524,0.4804473,0.4399511,0.4967458
D:\uwiqa_dataset\UIQD\images\2019.jpg,uiqd,3.333333333,0.58333333325,test,0.545575,0.50049955,0.23394175,0.2655587,0.40015224,0.505392,0.46960923,0.5187196,0.5422517,0.51166385,0.46958604
D:\uwiqa_dataset\UIQD\images\5183.jpg,uiqd,3.666666667,0.66666666675,test,0.7259231,0.5768319,0.15154932,0.27161884,0.48000184,0.48464024,0.48490638,0.45480534,0.48146716,0.4030134,0.5104522
D:\uwiqa_dataset\UIQD\images\2115.jpg,uiqd,1.333333333,0.08333333324999997,test,0.111807466,0.34797877,0.4723179,0.17970338,0.49340516,0.41768798,0.5158792,0.62971115,0.42399454,0.49723357,0.44713783
D:\uwiqa_dataset\UIQD\images\3198.jpg,uiqd,2.583333333,0.39583333325000003,test,0.51095825,0.45490685,0.29797962,0.24711354,0.5763109,0.4248605,0.31926098,0.40827057,0.40561664,0.3278527,0.37168348
D:\uwiqa_dataset\UIQD\images\1329.jpg,uiqd,1.333333333,0.08333333324999997,test,0.093232125,0.3219529,0.4590931,0.21895394,0.44633427,0.5521284,0.43133482,0.6160714,0.5270311,0.55774814,0.5238126
D:\uwiqa_dataset\UIQD\images\2500.jpg,uiqd,2.25,0.3125,test,0.283427,0.42669266,0.32496437,0.24834299,0.49250412,0.506497,0.42432743,0.5799039,0.5478243,0.4830034,0.5460824
D:\uwiqa_dataset\UIQD\images\2887.jpg,uiqd,2.083333333,0.27083333325000003,test,0.3621234,0.40894267,0.25427756,0.3367798,0.44765475,0.51885223,0.4510668,0.5634514,0.5666767,0.52162445,0.5392019
D:\uwiqa_dataset\UIQD\images\3529.jpg,uiqd,3.583333333,0.64583333325,test,0.63814205,0.49216154,0.21723583,0.29060265,0.32596004,0.5835426,0.56359744,0.3760146,0.57083535,0.55438745,0.47675776
D:\uwiqa_dataset\UIQD\images\3253.jpg,uiqd,2.666666667,0.41666666674999997,test,0.30623168,0.47173786,0.26582986,0.2624323,0.4836179,0.48077768,0.45934942,0.44465658,0.5181243,0.43509585,0.5084823
D:\uwiqa_dataset\UIQD\images\1361.jpg,uiqd,2.5,0.375,test,0.35198,0.43280596,0.28922576,0.2779683,0.536908,0.4281683,0.4533671,0.53851974,0.5198617,0.42885596,0.47792503
D:\uwiqa_dataset\UIQD\images\6048.jpg,uiqd,1.916666667,0.22916666675000003,test,0.1787596,0.49199152,0.31160992,0.19639857,0.47523582,0.48156708,0.4887932,0.49077883,0.47879747,0.4541999,0.5332077
D:\uwiqa_dataset\UIQD\images\108.jpg,uiqd,1.416666667,0.10416666675000003,test,0.13144213,0.35700843,0.29468435,0.34830722,0.44418633,0.5081199,0.45308498,0.6028054,0.582124,0.5441155,0.5411985
D:\uwiqa_dataset\UIQD\images\30.jpg,uiqd,4.5,0.875,test,0.8040778,0.61064214,0.13633049,0.25302738,0.50748694,0.41325453,0.42280233,0.41971135,0.46202993,0.35049284,0.42895216
D:\uwiqa_dataset\UIQD\images\5899.jpg,uiqd,3.916666667,0.72916666675,test,0.71853364,0.546676,0.1274266,0.32589746,0.5409808,0.45705503,0.4811669,0.57253945,0.4398379,0.42223072,0.54420525
D:\uwiqa_dataset\UIQD\images\4907.jpg,uiqd,4.75,0.9375,test,0.86808056,0.53856707,0.13720901,0.3242239,0.48664346,0.4224971,0.4258781,0.42711627,0.51930106,0.3346363,0.46279523
D:\uwiqa_dataset\UIQD\images\752.jpg,uiqd,3.0,0.5,test,0.5384614,0.41647014,0.3167196,0.26681033,0.3743142,0.42494014,0.52985156,0.5375941,0.42665642,0.53154826,0.5409505
D:\uwiqa_dataset\UIQD\images\585.jpg,uiqd,4.166666667,0.7916666667500001,test,0.7918553,0.50008947,0.09459428,0.40531623,0.3263854,0.52098316,0.5406241,0.5175242,0.5497467,0.6071988,0.47247902
D:\uwiqa_dataset\UIQD\images\2119.jpg,uiqd,2.166666667,0.29166666674999997,test,0.30459657,0.40367955,0.30909353,0.28722697,0.492987,0.48520207,0.4460022,0.5760381,0.5522667,0.49031326,0.53242296
D:\uwiqa_dataset\UIQD\images\2338.jpg,uiqd,3.583333333,0.64583333325,test,0.7295223,0.51558495,0.16313586,0.32127923,0.42490435,0.55301213,0.46509275,0.50613165,0.5450202,0.5347435,0.5012204
D:\uwiqa_dataset\UIQD\images\1502.jpg,uiqd,2.583333333,0.39583333325000003,test,0.5520184,0.449337,0.23413666,0.31652635,0.31004786,0.43574005,0.5264015,0.53232193,0.5586332,0.5839516,0.5295679
D:\uwiqa_dataset\UIQD\images\549.jpg,uiqd,4.0,0.75,test,0.85378224,0.5438357,0.13384458,0.32231975,0.61149096,0.43055844,0.3512746,0.56977177,0.48747832,0.40458453,0.5220607
D:\uwiqa_dataset\UIQD\images\4882.jpg,uiqd,3.25,0.5625,test,0.6584967,0.56043226,0.15276554,0.28680226,0.42274174,0.5174585,0.5157426,0.4428602,0.49181107,0.42636204,0.4630318
D:\uwiqa_dataset\UIQD\images\5875.jpg,uiqd,2.25,0.3125,test,0.24171832,0.3183705,0.30360907,0.37802038,0.5110427,0.48031437,0.44588992,0.57065386,0.56041366,0.49112803,0.5152422
D:\uwiqa_dataset\UIQD\images\1273.jpg,uiqd,3.0,0.5,test,0.46080986,0.47640935,0.26944563,0.25414506,0.38939953,0.40769163,0.54981065,0.49784,0.48922738,0.49703732,0.5237129
D:\uwiqa_dataset\UIQD\images\3456.jpg,uiqd,1.166666667,0.041666666750000025,test,0.068756,0.2858665,0.48129284,0.23284061,0.526451,0.45746315,0.45599392,0.6037125,0.52520674,0.49327552,0.5023907
D:\uwiqa_dataset\UIQD\images\6084.jpg,uiqd,2.083333333,0.27083333325000003,test,0.2141742,0.31312075,0.16428429,0.5225949,0.5315791,0.4595159,0.45343,0.5987757,0.5696299,0.50627065,0.5020793
D:\uwiqa_dataset\UIQD\images\6179.jpg,uiqd,4.666666667,0.9166666667500001,test,0.8989982,0.5388363,0.13692175,0.324242,0.4917232,0.49476227,0.33916408,0.32912856,0.44183442,0.30671176,0.4072895
D:\uwiqa_dataset\UIQD\images\6306.jpg,uiqd,3.166666667,0.54166666675,test,0.46572706,0.46420234,0.2764602,0.2593375,0.3861067,0.421455,0.52950895,0.49445814,0.49856883,0.48478818,0.52662337
D:\uwiqa_dataset\UIQD\images\2549.jpg,uiqd,1.833333333,0.20833333324999997,test,0.21847329,0.3954294,0.31626242,0.2883082,0.48429,0.49706757,0.44779077,0.5438398,0.513251,0.46279523,0.5311212
D:\uwiqa_dataset\UIQD\images\5637.jpg,uiqd,2.333333333,0.33333333325000003,test,0.28147867,0.38201156,0.30425742,0.31373098,0.4627735,0.504186,0.4641589,0.55356556,0.543258,0.5071759,0.5253752
D:\uwiqa_dataset\UIQD\images\4458.jpg,uiqd,2.666666667,0.41666666674999997,test,0.3731183,0.41660547,0.24290389,0.3404906,0.5728537,0.48101377,0.4188017,0.5854581,0.6022849,0.47561488,0.51732755
D:\uwiqa_dataset\UIQD\images\2863.jpg,uiqd,1.583333333,0.14583333324999997,test,0.1409924,0.34190872,0.38076192,0.2773294,0.44903713,0.50902444,0.46553648,0.57403374,0.5580148,0.5396639,0.52286065
D:\uwiqa_dataset\UIQD\images\2245.jpg,uiqd,1.5,0.125,test,0.1509153,0.4133871,0.34223446,0.24437846,0.42493802,0.5304532,0.47760585,0.5653217,0.55763197,0.54488957,0.5385122
D:\uwiqa_dataset\UIQD\images\5838.jpg,uiqd,1.5,0.125,test,0.02561804,0.34705305,0.5237209,0.12922603,0.41980386,0.5813559,0.47035724,0.57094693,0.5100461,0.5688829,0.51611346
D:\uwiqa_dataset\UIQD\images\2779.jpg,uiqd,2.416666667,0.35416666674999997,test,0.48540035,0.44265935,0.29363883,0.26370177,0.54313666,0.46206415,0.4070028,0.54697454,0.53952724,0.45604557,0.51034385
D:\uwiqa_dataset\UIQD\images\1468.jpg,uiqd,2.75,0.4375,test,0.36173004,0.47511637,0.27264932,0.2522343,0.53494376,0.42756438,0.43729886,0.5593847,0.5193681,0.44102278,0.48217663
D:\uwiqa_dataset\UIQD\images\91.jpg,uiqd,3.166666667,0.54166666675,test,0.4777247,0.44845513,0.22382319,0.3277217,0.518084,0.47810617,0.43358037,0.5616433,0.5427793,0.4718016,0.51312476
D:\uwiqa_dataset\UIQD\images\3537.jpg,uiqd,2.0,0.25,test,0.2438917,0.36818644,0.28724846,0.3445651,0.48535445,0.46674904,0.48745823,0.531417,0.52248037,0.48663408,0.50558126
D:\uwiqa_dataset\UIQD\images\5472.jpg,uiqd,4.25,0.8125,test,0.7236649,0.5197098,0.1514673,0.3288229,0.59301883,0.43740448,0.41857868,0.5941975,0.46892416,0.4209669,0.5478833
D:\uwiqa_dataset\UIQD\images\5013.jpg,uiqd,2.833333333,0.45833333325000003,test,0.48832712,0.49113664,0.32921812,0.17964523,0.3540042,0.6421921,0.45750582,0.48359382,0.5929836,0.57297426,0.5597138
D:\uwiqa_dataset\UIQD\images\625.jpg,uiqd,1.75,0.1875,test,0.15860379,0.31960756,0.34383842,0.33655405,0.4758561,0.4889354,0.46520895,0.5656091,0.5375011,0.51470864,0.5170731
D:\uwiqa_dataset\UIQD\images\70.jpg,uiqd,1.083333333,0.020833333249999975,test,0.0906042,0.40208513,0.31300306,0.2849118,0.42468718,0.5222672,0.4503613,0.6111514,0.6026969,0.5620561,0.55014277
D:\uwiqa_dataset\UIQD\images\890.jpg,uiqd,3.583333333,0.64583333325,test,0.6809731,0.49137232,0.14842387,0.36020374,0.3564776,0.50851154,0.50865054,0.4771118,0.5068784,0.51184833,0.50128317
D:\uwiqa_dataset\UIQD\images\3059.jpg,uiqd,3.666666667,0.66666666675,test,0.6924319,0.4406136,0.26472998,0.2946564,0.37394166,0.5819842,0.466175,0.36273384,0.52379215,0.48314485,0.39547953
D:\uwiqa_dataset\UIQD\images\4782.jpg,uiqd,3.333333333,0.58333333325,test,0.58598423,0.4259264,0.30534142,0.26873225,0.56694406,0.44742107,0.33622012,0.49092764,0.4291905,0.3633882,0.44082877
D:\uwiqa_dataset\UIQD\images\4047.jpg,uiqd,1.5,0.125,test,0.13474847,0.41135436,0.4045657,0.18407997,0.32028997,0.7037776,0.4732171,0.5137307,0.58020663,0.6486089,0.5234803
D:\uwiqa_dataset\UIQD\images\4150.jpg,uiqd,1.75,0.1875,test,0.16051891,0.4744904,0.293766,0.23174359,0.5520409,0.46864602,0.3961167,0.6275714,0.5708991,0.4688932,0.58522093
D:\uwiqa_dataset\UIQD\images\3923.jpg,uiqd,1.25,0.0625,test,0.091634154,0.27687478,0.1683678,0.5547574,0.5283163,0.44972986,0.45521468,0.6027546,0.57815343,0.5098629,0.5050406
D:\uwiqa_dataset\UIQD\images\948.jpg,uiqd,1.416666667,0.10416666675000003,test,0.07142411,0.4015057,0.38198116,0.21651313,0.44689438,0.5196297,0.4826598,0.5541771,0.52550495,0.52591556,0.52111834
D:\uwiqa_dataset\UIQD\images\878.jpg,uiqd,2.25,0.3125,test,0.2892363,0.4392681,0.2912244,0.26950753,0.48825854,0.49244076,0.44994292,0.5612945,0.53720564,0.48446152,0.5257957
D:\uwiqa_dataset\UIQD\images\1840.jpg,uiqd,4.25,0.8125,test,0.82434696,0.5055762,0.17877129,0.31565258,0.34241107,0.60948026,0.49908614,0.32460383,0.55712336,0.48454472,0.37727627
D:\uwiqa_dataset\UIQD\images\5897.jpg,uiqd,1.833333333,0.20833333324999997,test,0.093934506,0.3813735,0.4064448,0.21218176,0.36840534,0.63460946,0.45445523,0.5550454,0.5694701,0.6038461,0.5455844
D:\uwiqa_dataset\UIQD\images\294.jpg,uiqd,4.5,0.875,test,0.81212455,0.504271,0.13372809,0.3620009,0.42827234,0.5027989,0.4908537,0.48119855,0.4762981,0.45172843,0.48847908
D:\uwiqa_dataset\UIQD\images\2610.jpg,uiqd,3.083333333,0.52083333325,test,0.4709985,0.4434662,0.2473059,0.30922794,0.50620717,0.47876248,0.4517328,0.53890043,0.5159517,0.4686593,0.50933665
D:\uwiqa_dataset\UIQD\images\446.jpg,uiqd,3.25,0.5625,test,0.54916364,0.6407288,0.16116983,0.19810142,0.34230572,0.69251305,0.47097245,0.39916053,0.6088866,0.58345824,0.48852634
D:\uwiqa_dataset\UIQD\images\4768.jpg,uiqd,3.25,0.5625,test,0.6123377,0.4622283,0.27259773,0.26517397,0.3727888,0.510935,0.5446674,0.44301295,0.513015,0.45680928,0.4669857
D:\uwiqa_dataset\UIQD\images\5331.jpg,uiqd,1.5,0.125,test,0.15045375,0.31728977,0.26031217,0.42239803,0.48669812,0.45673406,0.4436612,0.60359555,0.578237,0.5137633,0.5194599
D:\uwiqa_dataset\UIQD\images\3648.jpg,uiqd,1.916666667,0.22916666675000003,test,0.24452718,0.33448705,0.31152666,0.3539863,0.46476898,0.49391773,0.45464566,0.57821184,0.5744857,0.51967305,0.5339515
D:\uwiqa_dataset\UIQD\images\4195.jpg,uiqd,2.666666667,0.41666666674999997,test,0.5665429,0.59236,0.16324475,0.24439529,0.56607187,0.4649527,0.39571407,0.644402,0.65757275,0.48113468,0.5747769
D:\uwiqa_dataset\UIQD\images\3425.jpg,uiqd,2.333333333,0.33333333325000003,test,0.33493277,0.5136577,0.32511815,0.16122417,0.43213633,0.540666,0.47847214,0.513187,0.529053,0.5038484,0.5292992
D:\uwiqa_dataset\UIQD\images\4406.jpg,uiqd,1.75,0.1875,test,0.22939333,0.337263,0.28492048,0.37781656,0.4807508,0.4971322,0.4569225,0.56645757,0.5451428,0.5112475,0.5181714
D:\uwiqa_dataset\UIQD\images\368.jpg,uiqd,3.25,0.5625,test,0.5382512,0.4849115,0.21004091,0.30504754,0.5307076,0.46078047,0.42148015,0.561319,0.52895355,0.44742402,0.50965434
D:\uwiqa_dataset\UIQD\images\2752.jpg,uiqd,2.166666667,0.29166666674999997,test,0.28446212,0.449775,0.26168206,0.28854296,0.44883582,0.520637,0.46571234,0.5657206,0.54255766,0.5321719,0.520985
D:\uwiqa_dataset\UIQD\images\5023.jpg,uiqd,2.083333333,0.27083333325000003,test,0.18431504,0.36692983,0.32717252,0.30589762,0.52919215,0.47507036,0.43409824,0.58451587,0.549093,0.46634275,0.53461874
D:\uwiqa_dataset\UIQD\images\2005.jpg,uiqd,1.25,0.0625,test,0.0062591303,0.34868142,0.25371048,0.3976081,0.4678294,0.45609695,0.47444296,0.61142135,0.54990226,0.541788,0.5120303
D:\uwiqa_dataset\UIQD\images\3906.jpg,uiqd,2.833333333,0.45833333325000003,test,0.406215,0.4029243,0.28776416,0.30931148,0.4930648,0.4908186,0.44967297,0.55230874,0.54070234,0.49457493,0.5159051
D:\uwiqa_dataset\UIQD\images\5791.jpg,uiqd,2.25,0.3125,test,0.2901527,0.38235712,0.24264987,0.374993,0.4975548,0.4748157,0.45585218,0.58298385,0.5653149,0.50416726,0.5215064
D:\uwiqa_dataset\UIQD\images\2844.jpg,uiqd,3.083333333,0.52083333325,test,0.51346105,0.46075505,0.24493566,0.29430932,0.53928834,0.4318368,0.40367317,0.5386155,0.5002152,0.4056013,0.4975525
D:\uwiqa_dataset\UIQD\images\2230.jpg,uiqd,2.166666667,0.29166666674999997,test,0.31776363,0.43609884,0.28421006,0.27969104,0.5009511,0.4790069,0.45032242,0.5512758,0.5148265,0.45934284,0.5261635
D:\uwiqa_dataset\UIQD\images\2642.jpg,uiqd,2.416666667,0.35416666674999997,test,0.3241177,0.40858483,0.29310516,0.29831004,0.50981313,0.47641122,0.43642786,0.5500226,0.49980006,0.43230987,0.52827966
D:\uwiqa_dataset\UIQD\images\3949.jpg,uiqd,2.0,0.25,test,0.2934976,0.36116537,0.29328218,0.34555247,0.44363767,0.4655209,0.5032726,0.5761839,0.55318326,0.55178183,0.51599044
D:\uwiqa_dataset\UIQD\images\1243.jpg,uiqd,1.666666667,0.16666666675000003,test,0.15639359,0.41068414,0.39812082,0.19119501,0.44539326,0.5258403,0.48517805,0.5363907,0.50881785,0.5116243,0.52256495
D:\uwiqa_dataset\UIQD\images\1187.jpg,uiqd,2.0,0.25,test,0.21945326,0.38509482,0.26788825,0.347017,0.35510406,0.46469834,0.49510837,0.58788717,0.5984739,0.5960024,0.54065055
D:\uwiqa_dataset\UIQD\images\5674.jpg,uiqd,3.166666667,0.54166666675,test,0.62767833,0.47634467,0.2543579,0.2692974,0.5068167,0.46065637,0.41291127,0.49184424,0.49166238,0.3897623,0.49929538
D:\uwiqa_dataset\UIQD\images\3558.jpg,uiqd,1.5,0.125,test,0.14109714,0.3614413,0.21185619,0.42670253,0.52088577,0.43575627,0.49171132,0.5959955,0.547034,0.51792455,0.4946468
D:\uwiqa_dataset\UIQD\images\5955.jpg,uiqd,1.333333333,0.08333333324999997,test,0.07431336,0.388583,0.38631588,0.22510113,0.43571988,0.5219075,0.477267,0.563281,0.54801655,0.53659517,0.5327339
D:\uwiqa_dataset\UIQD\images\4790.jpg,uiqd,3.916666667,0.72916666675,test,0.6913379,0.41906527,0.2915971,0.28933758,0.53969723,0.41208038,0.31309667,0.38009378,0.39401817,0.27760604,0.384144
D:\uwiqa_dataset\UIQD\images\6180.jpg,uiqd,4.416666667,0.8541666667500001,test,0.7592066,0.4523821,0.219028,0.32858992,0.38642418,0.5563611,0.5027013,0.3688422,0.5021436,0.4112149,0.45112762
D:\uwiqa_dataset\UIQD\images\152.jpg,uiqd,3.583333333,0.64583333325,test,0.6037545,0.45990056,0.2113995,0.3286999,0.47038954,0.53692794,0.40169892,0.44569048,0.48639786,0.3924982,0.5540108
D:\uwiqa_dataset\UIQD\images\1034.jpg,uiqd,3.916666667,0.72916666675,test,0.77875036,0.54627347,0.22837263,0.22535391,0.46390486,0.5385575,0.37672946,0.346914,0.47080803,0.35643587,0.4376748
D:\uwiqa_dataset\UIQD\images\916.jpg,uiqd,4.25,0.8125,test,0.9717117,0.6172293,0.045554645,0.33721608,0.25619802,0.48102382,0.5056786,0.44267622,0.53501254,0.56460184,0.5104833
D:\uwiqa_dataset\UIQD\images\6004.jpg,uiqd,3.416666667,0.60416666675,test,0.5504697,0.54614633,0.19373392,0.26011977,0.5255688,0.45028144,0.43978602,0.46919763,0.47624674,0.38520706,0.4713309
D:\uwiqa_dataset\UIQD\images\3208.jpg,uiqd,2.833333333,0.45833333325000003,test,0.52777153,0.4730992,0.20019922,0.32670164,0.3515852,0.46360156,0.47510296,0.5438982,0.55048364,0.5132294,0.48705065
D:\uwiqa_dataset\UIQD\images\1922.jpg,uiqd,3.333333333,0.58333333325,test,0.60592175,0.5454947,0.22514421,0.22936112,0.47338173,0.5191054,0.4427552,0.4221397,0.47221524,0.4166041,0.47234955
D:\uwiqa_dataset\UIQD\images\510.jpg,uiqd,4.333333333,0.8333333332499999,test,0.7592242,0.54982454,0.18399596,0.26617947,0.48926735,0.44258946,0.22783239,0.25336483,0.4042829,0.20518589,0.3194099
D:\uwiqa_dataset\UIQD\images\2023.jpg,uiqd,2.083333333,0.27083333325000003,test,0.1935916,0.349661,0.3629204,0.28741863,0.47862053,0.49046883,0.45431942,0.5784002,0.55315465,0.5059941,0.5287922
D:\uwiqa_dataset\UIQD\images\2136.jpg,uiqd,3.25,0.5625,test,0.70002234,0.49054024,0.19887425,0.31058553,0.43042558,0.5505912,0.44130304,0.45120108,0.5179599,0.49638736,0.49797276
D:\uwiqa_dataset\UIQD\images\2329.jpg,uiqd,2.25,0.3125,test,0.29530403,0.43578497,0.27546883,0.28874627,0.4726444,0.49099854,0.4687982,0.576156,0.5481888,0.5152964,0.5243901
D:\uwiqa_dataset\UIQD\images\749.jpg,uiqd,2.0,0.25,test,0.34643507,0.43161035,0.25329188,0.31509775,0.50588334,0.4831412,0.43820736,0.5765632,0.55222696,0.47624695,0.5303641
D:\uwiqa_dataset\UIQD\images\2464.jpg,uiqd,2.25,0.3125,test,0.4241611,0.4069544,0.25223207,0.34081358,0.35160798,0.43563506,0.43198273,0.6306128,0.6501149,0.57334006,0.5474934
D:\uwiqa_dataset\UIQD\images\1721.jpg,uiqd,1.583333333,0.14583333324999997,test,0.16977468,0.46367142,0.2820684,0.25426018,0.44773427,0.4719862,0.52219,0.56054944,0.5245004,0.54243046,0.50826573
D:\uwiqa_dataset\UIQD\images\1264.jpg,uiqd,3.416666667,0.60416666675,test,0.67791677,0.5616884,0.1692913,0.26902032,0.44547114,0.52727467,0.47206637,0.4948918,0.50148654,0.47991735,0.5184504
D:\uwiqa_dataset\UIQD\images\1420.jpg,uiqd,1.833333333,0.20833333324999997,test,0.17095515,0.42575997,0.37351477,0.20072527,0.5476249,0.4491393,0.4657101,0.58789396,0.45025426,0.4533135,0.58022416
D:\uwiqa_dataset\UIQD\images\2300.jpg,uiqd,1.75,0.1875,test,0.14741634,0.41568255,0.38459644,0.19972101,0.41372612,0.5738472,0.47789666,0.5292509,0.5333177,0.54203,0.5302793
D:\uwiqa_dataset\UIQD\images\3046.jpg,uiqd,2.166666667,0.29166666674999997,test,0.31148395,0.488022,0.31546962,0.19650841,0.46153027,0.51664525,0.456907,0.5371312,0.53175515,0.4933918,0.52524567
D:\uwiqa_dataset\UIQD\images\3827.jpg,uiqd,1.166666667,0.041666666750000025,test,0.07006871,0.41803616,0.32166335,0.26030046,0.4184634,0.5625649,0.44058555,0.59508187,0.5827291,0.5628665,0.5464114
D:\uwiqa_dataset\UIQD\images\4560.jpg,uiqd,1.166666667,0.041666666750000025,test,0.10255106,0.32117453,0.21902862,0.4597968,0.54456234,0.45863968,0.44774184,0.5845444,0.5755311,0.49059555,0.49858737
D:\uwiqa_dataset\UIQD\images\2164.jpg,uiqd,1.666666667,0.16666666675000003,test,0.16393068,0.3499838,0.30908433,0.34093192,0.49871266,0.49008733,0.43124336,0.6046668,0.5766108,0.5064308,0.5302857
D:\uwiqa_dataset\UIQD\images\472.jpg,uiqd,1.833333333,0.20833333324999997,test,0.18710923,0.3108918,0.31110898,0.3779992,0.4744617,0.49001324,0.46353635,0.5598052,0.5514013,0.51216155,0.5196435
D:\uwiqa_dataset\UIQD\images\5839.jpg,uiqd,3.75,0.6875,test,0.698825,0.48802033,0.17367065,0.33830896,0.4114515,0.5425333,0.5091988,0.4686044,0.5183836,0.4997836,0.44380975
D:\uwiqa_dataset\UIQD\images\3327.jpg,uiqd,2.166666667,0.29166666674999997,test,0.23684959,0.4364679,0.39450163,0.1690305,0.42237264,0.5602945,0.46805745,0.5598134,0.53213495,0.5495842,0.53326756
D:\uwiqa_dataset\UIQD\images\3830.jpg,uiqd,4.25,0.8125,test,0.8899011,0.5688982,0.14133234,0.28976944,0.48102254,0.42148578,0.41109383,0.37184218,0.49193802,0.3024458,0.4754468
D:\uwiqa_dataset\UIQD\images\4123.jpg,uiqd,2.5,0.375,test,0.23258153,0.51343554,0.23625769,0.25030681,0.31718224,0.5587819,0.5644553,0.5003361,0.58155924,0.6271222,0.49977508
D:\uwiqa_dataset\UIQD\images\5966.jpg,uiqd,2.083333333,0.27083333325000003,test,0.2340166,0.4038724,0.30084184,0.29528576,0.45981747,0.4972294,0.4576952,0.58061206,0.56338406,0.52382797,0.5257627
D:\uwiqa_dataset\UIQD\images\3574.jpg,uiqd,1.833333333,0.20833333324999997,test,0.17348874,0.43044975,0.2916697,0.27788052,0.38903776,0.6273758,0.4674346,0.48781118,0.5143367,0.566679,0.5001509
D:\uwiqa_dataset\UIQD\images\897.jpg,uiqd,1.583333333,0.14583333324999997,test,0.14792007,0.34599406,0.37480566,0.2792003,0.443678,0.51477575,0.46745798,0.58073974,0.5476279,0.5363522,0.5341613
D:\uwiqa_dataset\UIQD\images\4772.jpg,uiqd,3.833333333,0.70833333325,test,0.73863035,0.48921028,0.20644689,0.30434275,0.46595347,0.5100437,0.49794415,0.44152558,0.4723767,0.4123784,0.5030024
D:\uwiqa_dataset\UIQD\images\252.jpg,uiqd,1.25,0.0625,test,0.07044879,0.30108076,0.15784317,0.541076,0.5124432,0.45981959,0.46456647,0.5982036,0.574201,0.51613516,0.51484597
D:\uwiqa_dataset\UIQD\images\1210.jpg,uiqd,3.166666667,0.54166666675,test,0.58637136,0.49465868,0.21013643,0.29520485,0.5723078,0.45062476,0.36891142,0.5695564,0.48840195,0.39686874,0.54223114
D:\uwiqa_dataset\UIQD\images\2171.jpg,uiqd,2.25,0.3125,test,0.39404294,0.45556083,0.26373655,0.28070268,0.5534895,0.4544135,0.45313728,0.5715214,0.5161925,0.4333306,0.5182427
D:\uwiqa_dataset\UIQD\images\2371.jpg,uiqd,2.416666667,0.35416666674999997,test,0.3847048,0.43624356,0.23319666,0.33055973,0.53634953,0.48391363,0.43491673,0.5777401,0.58462054,0.4814905,0.5124701
D:\uwiqa_dataset\UIQD\images\2866.jpg,uiqd,3.333333333,0.58333333325,test,0.5660251,0.463348,0.2715068,0.26514524,0.40393513,0.4940555,0.44022956,0.44967973,0.44625515,0.3842781,0.41867828
D:\uwiqa_dataset\UIQD\images\1129.jpg,uiqd,2.25,0.3125,test,0.3772761,0.47831768,0.32092738,0.20075496,0.47289756,0.468447,0.5104034,0.50388205,0.49396753,0.46079344,0.5006618
D:\uwiqa_dataset\UIQD\images\2334.jpg,uiqd,1.583333333,0.14583333324999997,test,0.24585094,0.4659212,0.19929536,0.33478343,0.45177963,0.48625377,0.45818043,0.57305473,0.5755203,0.5265668,0.51990384
D:\uwiqa_dataset\UIQD\images\4335.jpg,uiqd,4.0,0.75,test,0.7063455,0.5123585,0.19686694,0.29077458,0.48154265,0.5059258,0.45670786,0.48128903,0.47014463,0.44257066,0.50038123
D:\uwiqa_dataset\UIQD\images\58.jpg,uiqd,3.583333333,0.64583333325,test,0.6094702,0.4437735,0.25160187,0.30462462,0.3897712,0.48630932,0.44984815,0.47116435,0.46297997,0.4065002,0.433178
D:\uwiqa_dataset\UIQD\images\3560.jpg,uiqd,1.166666667,0.041666666750000025,test,0.025910884,0.45694986,0.16998652,0.37306365,0.454161,0.45689327,0.48744944,0.6112594,0.5602266,0.55632555,0.51599574
D:\uwiqa_dataset\UIQD\images\1434.jpg,uiqd,1.5,0.125,test,0.074234456,0.4130713,0.39278704,0.1941417,0.49210495,0.4651505,0.46562454,0.65804935,0.44781324,0.54344344,0.4527633
D:\uwiqa_dataset\UIQD\images\293.jpg,uiqd,1.333333333,0.08333333324999997,test,0.068527535,0.37573346,0.38400602,0.24026054,0.4174564,0.53441226,0.47406787,0.5673927,0.57355154,0.55645305,0.54014707
D:\uwiqa_dataset\UIQD\images\1143.jpg,uiqd,1.583333333,0.14583333324999997,test,0.12855549,0.42690682,0.3316216,0.24147157,0.4075405,0.54439574,0.41602173,0.6013986,0.58173186,0.5635516,0.55001783
D:\uwiqa_dataset\UIQD\images\4309.jpg,uiqd,1.666666667,0.16666666675000003,test,0.1718784,0.3017776,0.36998227,0.3282401,0.49818653,0.47754863,0.46989706,0.5654388,0.5151767,0.4925292,0.5100346
